{
  "features": [
    {
      "geometry": {
        "coordinates": [
          [
            114.9175228947835,
            25.38970430064805
          ],
          [
            114.91759582975715,
            25.3894311888438
          ]
        ],
        "type": "LineString"
      },
      "properties": {
        "alternative_distance_m": 97126,
        "alternative_duration_s": 22094,
        "alternative_national_m": 17307,
        "alternative_unknown_m": 44975,
        "candidate_id": "xinfeng-west-county-chain",
        "current_distance_m": 73348,
        "current_duration_s": 17685,
        "current_national_m": 43240,
        "distance_delta_m": 23778,
        "duration_delta_s": 4409,
        "from_name": "信丰",
        "label": "避国道绕行线",
        "national_reduction_m": 25933,
        "review_status": "manual_review",
        "risk_tags": [],
        "road_class": "unknown",
        "road_name": "",
        "route_role": "alternative",
        "segment_id": "main-19-to-main-20",
        "step_distance_m": 31,
        "step_index": 0,
        "to_name": "龙南"
      },
      "type": "Feature"
    },
    {
      "geometry": {
        "coordinates": [
          [
            114.91759583009849,
            25.38942618802057
          ],
          [
            114.91814719004408,
            25.389408672313255
          ]
        ],
        "type": "LineString"
      },
      "properties": {
        "alternative_distance_m": 97126,
        "alternative_duration_s": 22094,
        "alternative_national_m": 17307,
        "alternative_unknown_m": 44975,
        "candidate_id": "xinfeng-west-county-chain",
        "current_distance_m": 73348,
        "current_duration_s": 17685,
        "current_national_m": 43240,
        "distance_delta_m": 23778,
        "duration_delta_s": 4409,
        "from_name": "信丰",
        "label": "避国道绕行线",
        "national_reduction_m": 25933,
        "review_status": "manual_review",
        "risk_tags": [],
        "road_class": "unknown",
        "road_name": "",
        "route_role": "alternative",
        "segment_id": "main-19-to-main-20",
        "step_distance_m": 55,
        "step_index": 1,
        "to_name": "龙南"
      },
      "type": "Feature"
    },
    {
      "geometry": {
        "coordinates": [
          [
            114.91814719031717,
            25.389404671654773
          ],
          [
            114.91819414894901,
            25.389200593797035
          ],
          [
            114.91819414894901,
            25.389200593797035
          ],
          [
            114.91823311424702,
            25.389035529857093
          ],
          [
            114.91823311424702,
            25.389035529857093
          ],
          [
            114.91824210779319,
            25.388974511334826
          ]
        ],
        "type": "LineString"
      },
      "properties": {
        "alternative_distance_m": 97126,
        "alternative_duration_s": 22094,
        "alternative_national_m": 17307,
        "alternative_unknown_m": 44975,
        "candidate_id": "xinfeng-west-county-chain",
        "current_distance_m": 73348,
        "current_duration_s": 17685,
        "current_national_m": 43240,
        "distance_delta_m": 23778,
        "duration_delta_s": 4409,
        "from_name": "信丰",
        "label": "避国道绕行线",
        "national_reduction_m": 25933,
        "review_status": "manual_review",
        "risk_tags": [],
        "road_class": "unknown",
        "road_name": "",
        "route_role": "alternative",
        "segment_id": "main-19-to-main-20",
        "step_distance_m": 47,
        "step_index": 2,
        "to_name": "龙南"
      },
      "type": "Feature"
    },
    {
      "geometry": {
        "coordinates": [
          [
            114.9182421080663,
            25.38897051067845
          ],
          [
            114.91830703009671,
            25.388987451898924
          ],
          [
            114.91830703009671,
            25.388987451898924
          ],
          [
            114.91948658204808,
            25.389220338835074
          ],
          [
            114.91948658204808,
            25.389220338835074
          ],
          [
            114.9200978035466,
            25.38935473988857
          ],
          [
            114.9200978035466,
            25.38935473988857
          ],
          [
            114.92046632571655,
            25.389428369508398
          ],
          [
            114.92046632571655,
            25.389428369508398
          ],
          [
            114.92090774435226,
            25.389518918300663
          ],
          [
            114.92090774435226,
            25.389518918300663
          ],
          [
            114.92157085274948,
            25.389657224602605
          ],
          [
            114.92157085274948,
            25.389657224602605
          ],
          [
            114.92163576318406,
            25.389687158352928
          ]
        ],
        "type": "LineString"
      },
      "properties": {
        "alternative_distance_m": 97126,
        "alternative_duration_s": 22094,
        "alternative_national_m": 17307,
        "alternative_unknown_m": 44975,
        "candidate_id": "xinfeng-west-county-chain",
        "current_distance_m": 73348,
        "current_duration_s": 17685,
        "current_national_m": 43240,
        "distance_delta_m": 23778,
        "duration_delta_s": 4409,
        "from_name": "信丰",
        "label": "避国道绕行线",
        "national_reduction_m": 25933,
        "review_status": "manual_review",
        "risk_tags": [],
        "road_class": "unknown",
        "road_name": "市政大道",
        "route_role": "alternative",
        "segment_id": "main-19-to-main-20",
        "step_distance_m": 348,
        "step_index": 3,
        "to_name": "龙南"
      },
      "type": "Feature"
    },
    {
      "geometry": {
        "coordinates": [
          [
            114.92163576318406,
            25.389687158352928
          ],
          [
            114.9218005424871,
            25.38965197100849
          ],
          [
            114.92189242045592,
            25.38960886215621
          ],
          [
            114.92189242045592,
            25.38960886215621
          ],
          [
            114.92196133000928,
            25.389556777018207
          ],
          [
            114.9220522125142,
            25.389456659243592
          ]
        ],
        "type": "LineString"
      },
      "properties": {
        "alternative_distance_m": 97126,
        "alternative_duration_s": 22094,
        "alternative_national_m": 17307,
        "alternative_unknown_m": 44975,
        "candidate_id": "xinfeng-west-county-chain",
        "current_distance_m": 73348,
        "current_duration_s": 17685,
        "current_national_m": 43240,
        "distance_delta_m": 23778,
        "duration_delta_s": 4409,
        "from_name": "信丰",
        "label": "避国道绕行线",
        "national_reduction_m": 25933,
        "review_status": "manual_review",
        "risk_tags": [],
        "road_class": "unknown",
        "road_name": "迎宾大道",
        "route_role": "alternative",
        "segment_id": "main-19-to-main-20",
        "step_distance_m": 50,
        "step_index": 4,
        "to_name": "龙南"
      },
      "type": "Feature"
    },
    {
      "geometry": {
        "coordinates": [
          [
            114.92205221278749,
            25.389452658584872
          ],
          [
            114.92208719512655,
            25.38900954669257
          ],
          [
            114.92208719512655,
            25.38900954669257
          ],
          [
            114.92213515478456,
            25.38863643189777
          ],
          [
            114.92216514146054,
            25.388228331627563
          ],
          [
            114.92216514146054,
            25.388228331627563
          ],
          [
            114.92212620662252,
            25.38805834755518
          ],
          [
            114.92216918344408,
            25.38753321401743
          ],
          [
            114.92216918344408,
            25.38753321401743
          ],
          [
            114.92217817968228,
            25.387407183485273
          ],
          [
            114.92217817968228,
            25.387407183485273
          ],
          [
            114.92220419044811,
            25.386726044150848
          ],
          [
            114.92220419044811,
            25.386726044150848
          ],
          [
            114.92223918345539,
            25.386122907764953
          ],
          [
            114.92223918345539,
            25.386122907764953
          ],
          [
            114.9223041546068,
            25.38523269214653
          ],
          [
            114.9223041546068,
            25.38523269214653
          ],
          [
            114.92232114656512,
            25.385006636959357
          ],
          [
            114.92232114656512,
            25.385006636959357
          ],
          [
            114.92236011696455,
            25.384650536334824
          ],
          [
            114.92236011696455,
            25.384650536334824
          ],
          [
            114.92242506395822,
            25.384108376938492
          ],
          [
            114.92242506395822,
            25.384108376938492
          ],
          [
            114.92247303976187,
            25.3834872245461
          ],
          [
            114.92247303976187,
            25.3834872245461
          ],
          [
            114.92249502729355,
            25.383222157904882
          ],
          [
            114.92249502729355,
            25.383222157904882
          ],
          [
            114.92259492506355,
            25.382679959212687
          ],
          [
            114.92259492506355,
            25.382679959212687
          ],
          [
            114.922685849218,
            25.381928738177717
          ],
          [
            114.922685849218,
            25.381928738177717
          ],
          [
            114.92269884823494,
            25.38167668414098
          ],
          [
            114.92269884823494,
            25.38167668414098
          ],
          [
            114.92270284768907,
            25.381602668077345
          ],
          [
            114.92270284768907,
            25.381602668077345
          ],
          [
            114.92271584191363,
            25.38142062497582
          ],
          [
            114.92280678718262,
            25.380352355809254
          ],
          [
            114.92280678718262,
            25.380352355809254
          ],
          [
            114.92285875222277,
            25.379793210298303
          ],
          [
            114.92285875222277,
            25.379793210298303
          ],
          [
            114.92288472687244,
            25.379628155130604
          ],
          [
            114.92297162547385,
            25.379315006973485
          ],
          [
            114.92297162547385,
            25.379315006973485
          ],
          [
            114.92299761002091,
            25.37900292940197
          ],
          [
            114.92299761002091,
            25.37900292940197
          ],
          [
            114.92302360826389,
            25.378489821447985
          ]
        ],
        "type": "LineString"
      },
      "properties": {
        "alternative_distance_m": 97126,
        "alternative_duration_s": 22094,
        "alternative_national_m": 17307,
        "alternative_unknown_m": 44975,
        "candidate_id": "xinfeng-west-county-chain",
        "current_distance_m": 73348,
        "current_duration_s": 17685,
        "current_national_m": 43240,
        "distance_delta_m": 23778,
        "duration_delta_s": 4409,
        "from_name": "信丰",
        "label": "避国道绕行线",
        "national_reduction_m": 25933,
        "review_status": "manual_review",
        "risk_tags": [],
        "road_class": "unknown",
        "road_name": "",
        "route_role": "alternative",
        "segment_id": "main-19-to-main-20",
        "step_distance_m": 1211,
        "step_index": 5,
        "to_name": "龙南"
      },
      "type": "Feature"
    },
    {
      "geometry": {
        "coordinates": [
          [
            114.92302360853711,
            25.378485820842116
          ],
          [
            114.92287682680048,
            25.37832996697571
          ]
        ],
        "type": "LineString"
      },
      "properties": {
        "alternative_distance_m": 97126,
        "alternative_duration_s": 22094,
        "alternative_national_m": 17307,
        "alternative_unknown_m": 44975,
        "candidate_id": "xinfeng-west-county-chain",
        "current_distance_m": 73348,
        "current_duration_s": 17685,
        "current_national_m": 43240,
        "distance_delta_m": 23778,
        "duration_delta_s": 4409,
        "from_name": "信丰",
        "label": "避国道绕行线",
        "national_reduction_m": 25933,
        "review_status": "manual_review",
        "risk_tags": [],
        "road_class": "unknown",
        "road_name": "南山西路",
        "route_role": "alternative",
        "segment_id": "main-19-to-main-20",
        "step_distance_m": 23,
        "step_index": 6,
        "to_name": "龙南"
      },
      "type": "Feature"
    },
    {
      "geometry": {
        "coordinates": [
          [
            114.92287183384342,
            25.378329972732733
          ],
          [
            114.92304160319253,
            25.378190755361615
          ],
          [
            114.92304160319253,
            25.378190755361615
          ],
          [
            114.9230456010768,
            25.37813874287006
          ]
        ],
        "type": "LineString"
      },
      "properties": {
        "alternative_distance_m": 97126,
        "alternative_duration_s": 22094,
        "alternative_national_m": 17307,
        "alternative_unknown_m": 44975,
        "candidate_id": "xinfeng-west-county-chain",
        "current_distance_m": 73348,
        "current_duration_s": 17685,
        "current_national_m": 43240,
        "distance_delta_m": 23778,
        "duration_delta_s": 4409,
        "from_name": "信丰",
        "label": "避国道绕行线",
        "national_reduction_m": 25933,
        "review_status": "manual_review",
        "risk_tags": [],
        "road_class": "unknown",
        "road_name": "",
        "route_role": "alternative",
        "segment_id": "main-19-to-main-20",
        "step_distance_m": 28,
        "step_index": 7,
        "to_name": "龙南"
      },
      "type": "Feature"
    },
    {
      "geometry": {
        "coordinates": [
          [
            114.92304160701747,
            25.378134746901285
          ],
          [
            114.92293776625463,
            25.37795684030839
          ],
          [
            114.92293776625463,
            25.37795684030839
          ],
          [
            114.9230546075834,
            25.37785668988978
          ]
        ],
        "type": "LineString"
      },
      "properties": {
        "alternative_distance_m": 97126,
        "alternative_duration_s": 22094,
        "alternative_national_m": 17307,
        "alternative_unknown_m": 44975,
        "candidate_id": "xinfeng-west-county-chain",
        "current_distance_m": 73348,
        "current_duration_s": 17685,
        "current_national_m": 43240,
        "distance_delta_m": 23778,
        "duration_delta_s": 4409,
        "from_name": "信丰",
        "label": "避国道绕行线",
        "national_reduction_m": 25933,
        "review_status": "manual_review",
        "risk_tags": [],
        "road_class": "unknown",
        "road_name": "",
        "route_role": "alternative",
        "segment_id": "main-19-to-main-20",
        "step_distance_m": 38,
        "step_index": 8,
        "to_name": "龙南"
      },
      "type": "Feature"
    },
    {
      "geometry": {
        "coordinates": [
          [
            114.92305460792491,
            25.377851689136243
          ],
          [
            114.92307160219526,
            25.37758262892499
          ],
          [
            114.92307160219526,
            25.37758262892499
          ],
          [
            114.92309360950428,
            25.37701851876735
          ]
        ],
        "type": "LineString"
      },
      "properties": {
        "alternative_distance_m": 97126,
        "alternative_duration_s": 22094,
        "alternative_national_m": 17307,
        "alternative_unknown_m": 44975,
        "candidate_id": "xinfeng-west-county-chain",
        "current_distance_m": 73348,
        "current_duration_s": 17685,
        "current_national_m": 43240,
        "distance_delta_m": 23778,
        "duration_delta_s": 4409,
        "from_name": "信丰",
        "label": "避国道绕行线",
        "national_reduction_m": 25933,
        "review_status": "manual_review",
        "risk_tags": [],
        "road_class": "unknown",
        "road_name": "迎宾大道",
        "route_role": "alternative",
        "segment_id": "main-19-to-main-20",
        "step_distance_m": 92,
        "step_index": 9,
        "to_name": "龙南"
      },
      "type": "Feature"
    },
    {
      "geometry": {
        "coordinates": [
          [
            114.92309360977748,
            25.377014518168533
          ],
          [
            114.92305867397057,
            25.376801526918843
          ],
          [
            114.9230626804571,
            25.376623495697775
          ],
          [
            114.9230626804571,
            25.376623495697775
          ],
          [
            114.92308468599884,
            25.37608539005911
          ],
          [
            114.92308468599884,
            25.37608539005911
          ],
          [
            114.92315472028436,
            25.3741270200561
          ],
          [
            114.92315472028436,
            25.3741270200561
          ],
          [
            114.92318873739315,
            25.373167840757564
          ],
          [
            114.92318873739315,
            25.373167840757564
          ],
          [
            114.92323676562175,
            25.371752580642596
          ],
          [
            114.92323676562175,
            25.371752580642596
          ],
          [
            114.923249764832,
            25.371492528214326
          ],
          [
            114.923249764832,
            25.371492528214326
          ],
          [
            114.92326678563856,
            25.37083241415899
          ],
          [
            114.92326678563856,
            25.37083241415899
          ],
          [
            114.9232627999529,
            25.37070640090944
          ],
          [
            114.9232627999529,
            25.37070640090944
          ],
          [
            114.92325882430438,
            25.370433366812907
          ],
          [
            114.92325882580667,
            25.37041136369244
          ],
          [
            114.92323687583634,
            25.37013835070981
          ],
          [
            114.92318897032118,
            25.369756352723588
          ],
          [
            114.92315902100331,
            25.369639371165732
          ],
          [
            114.92315902100331,
            25.369639371165732
          ],
          [
            114.92300329064096,
            25.36893145273314
          ],
          [
            114.92292042653628,
            25.368658510422012
          ],
          [
            114.92292042653628,
            25.368658510422012
          ],
          [
            114.92285553417258,
            25.36842355249278
          ],
          [
            114.92285553417258,
            25.36842355249278
          ],
          [
            114.92262990372706,
            25.367651704077588
          ],
          [
            114.92262990372706,
            25.367651704077588
          ],
          [
            114.92262191701349,
            25.367620708906482
          ],
          [
            114.92262191701349,
            25.367620708906482
          ],
          [
            114.92255702779342,
            25.367325742119625
          ],
          [
            114.92255702779342,
            25.367325742119625
          ],
          [
            114.9225131041198,
            25.36710476161668
          ],
          [
            114.92249115040524,
            25.366874754899687
          ],
          [
            114.92249115040524,
            25.366874754899687
          ],
          [
            114.92243923830152,
            25.366644782209587
          ],
          [
            114.92243923830152,
            25.366644782209587
          ],
          [
            114.9223054563622,
            25.366166868006008
          ],
          [
            114.9223054563622,
            25.366166868006008
          ],
          [
            114.92228349204636,
            25.36608888210751
          ]
        ],
        "type": "LineString"
      },
      "properties": {
        "alternative_distance_m": 97126,
        "alternative_duration_s": 22094,
        "alternative_national_m": 17307,
        "alternative_unknown_m": 44975,
        "candidate_id": "xinfeng-west-county-chain",
        "current_distance_m": 73348,
        "current_duration_s": 17685,
        "current_national_m": 43240,
        "distance_delta_m": 23778,
        "duration_delta_s": 4409,
        "from_name": "信丰",
        "label": "避国道绕行线",
        "national_reduction_m": 25933,
        "review_status": "manual_review",
        "risk_tags": [],
        "road_class": "unknown",
        "road_name": "",
        "route_role": "alternative",
        "segment_id": "main-19-to-main-20",
        "step_distance_m": 1216,
        "step_index": 10,
        "to_name": "龙南"
      },
      "type": "Feature"
    },
    {
      "geometry": {
        "coordinates": [
          [
            114.92227949783681,
            25.366084886061643
          ],
          [
            114.92208378231409,
            25.36586407556229
          ],
          [
            114.92208378231409,
            25.36586407556229
          ],
          [
            114.9219889190347,
            25.365764167793525
          ],
          [
            114.92175924205799,
            25.36561240175166
          ]
        ],
        "type": "LineString"
      },
      "properties": {
        "alternative_distance_m": 97126,
        "alternative_duration_s": 22094,
        "alternative_national_m": 17307,
        "alternative_unknown_m": 44975,
        "candidate_id": "xinfeng-west-county-chain",
        "current_distance_m": 73348,
        "current_duration_s": 17685,
        "current_national_m": 43240,
        "distance_delta_m": 23778,
        "duration_delta_s": 4409,
        "from_name": "信丰",
        "label": "避国道绕行线",
        "national_reduction_m": 25933,
        "review_status": "manual_review",
        "risk_tags": [],
        "road_class": "unknown",
        "road_name": "信雄大道",
        "route_role": "alternative",
        "segment_id": "main-19-to-main-20",
        "step_distance_m": 74,
        "step_index": 11,
        "to_name": "龙南"
      },
      "type": "Feature"
    },
    {
      "geometry": {
        "coordinates": [
          [
            114.92175524774541,
            25.365608405615415
          ],
          [
            114.92143368553087,
            25.365542749181664
          ],
          [
            114.92143368553087,
            25.365542749181664
          ],
          [
            114.9210741683459,
            25.365478129066002
          ],
          [
            114.92063275017142,
            25.365431592096527
          ],
          [
            114.9204459948024,
            25.365391782654157
          ],
          [
            114.9204459948024,
            25.365391782654157
          ],
          [
            114.9199386450084,
            25.365366303717042
          ],
          [
            114.91921954219389,
            25.365367027582174
          ],
          [
            114.91921954219389,
            25.365367027582174
          ],
          [
            114.91898082805959,
            25.365459275264588
          ],
          [
            114.91756749934405,
            25.365464615957514
          ],
          [
            114.91756749934405,
            25.365464615957514
          ],
          [
            114.91731179085419,
            25.365468849395853
          ],
          [
            114.91731179085419,
            25.365468849395853
          ],
          [
            114.91688627121066,
            25.365439226361698
          ],
          [
            114.9165786152846,
            25.36538248904545
          ],
          [
            114.9165786152846,
            25.36538248904545
          ],
          [
            114.91629293402738,
            25.36527872222508
          ],
          [
            114.91613211387653,
            25.365187847478587
          ],
          [
            114.91613211387653,
            25.365187847478587
          ],
          [
            114.91592034941571,
            25.365058009269767
          ],
          [
            114.91592034941571,
            25.365058009269767
          ],
          [
            114.91544786451799,
            25.364802367642394
          ],
          [
            114.91544786451799,
            25.364802367642394
          ],
          [
            114.91517016330779,
            25.364633571112343
          ],
          [
            114.91508725548412,
            25.364528623836218
          ],
          [
            114.91508725548412,
            25.364528623836218
          ],
          [
            114.91475760338997,
            25.364333860444262
          ],
          [
            114.91475760338997,
            25.364333860444262
          ],
          [
            114.91446790207758,
            25.3642000693865
          ],
          [
            114.91422015317113,
            25.36410024704141
          ],
          [
            114.91403433851488,
            25.36403938035202
          ],
          [
            114.91403433851488,
            25.36403938035202
          ],
          [
            114.9137306359581,
            25.363965598337682
          ],
          [
            114.91346988623319,
            25.363922784925755
          ],
          [
            114.91324509794633,
            25.363904945871543
          ],
          [
            114.91280650043223,
            25.3639182597758
          ],
          [
            114.91248978208135,
            25.363971486890733
          ],
          [
            114.91248978208135,
            25.363971486890733
          ],
          [
            114.91232092916927,
            25.364014608098476
          ],
          [
            114.91161453024482,
            25.364176098670264
          ],
          [
            114.91161453024482,
            25.364176098670264
          ],
          [
            114.91131078127125,
            25.36424130211238
          ],
          [
            114.91131078127125,
            25.36424130211238
          ],
          [
            114.91065131192974,
            25.36435872620045
          ],
          [
            114.91065131192974,
            25.36435872620045
          ],
          [
            114.91061633988261,
            25.364358747305694
          ],
          [
            114.91061633988261,
            25.364358747305694
          ],
          [
            114.91020066741002,
            25.36435899392013
          ],
          [
            114.91020066741002,
            25.36435899392013
          ],
          [
            114.91002679766973,
            25.364420102969238
          ],
          [
            114.90979697389803,
            25.364407232404865
          ],
          [
            114.90949320546122,
            25.364350394457745
          ],
          [
            114.90915545874141,
            25.364268567233935
          ],
          [
            114.90882170590568,
            25.364150727936224
          ],
          [
            114.90865183105076,
            25.36406880485597
          ],
          [
            114.90865183105076,
            25.36406880485597
          ],
          [
            114.90826211224713,
            25.363886977239996
          ],
          [
            114.90776745985464,
            25.363631182861205
          ],
          [
            114.90705993381296,
            25.363292461507847
          ],
          [
            114.90649229832532,
            25.36298466402081
          ],
          [
            114.90649229832532,
            25.36298466402081
          ],
          [
            114.906088548219,
            25.36275879836361
          ],
          [
            114.90525203670963,
            25.36233805974923
          ],
          [
            114.90456141530211,
            25.361965248603425
          ],
          [
            114.90419760741698,
            25.361735335117757
          ],
          [
            114.90419760741698,
            25.361735335117757
          ],
          [
            114.9037198518251,
            25.361401435597763
          ],
          [
            114.9037198518251,
            25.361401435597763
          ],
          [
            114.90366388004395,
            25.361357446068947
          ],
          [
            114.90366388004395,
            25.361357446068947
          ],
          [
            114.90280029247896,
            25.36072459608571
          ],
          [
            114.90280029247896,
            25.36072459608571
          ],
          [
            114.90274032001419,
            25.360676604753504
          ],
          [
            114.90274032001419,
            25.360676604753504
          ],
          [
            114.9021585759291,
            25.3602386842017
          ],
          [
            114.9021585759291,
            25.3602386842017
          ],
          [
            114.90189868483448,
            25.360042714834574
          ],
          [
            114.90189868483448,
            25.360042714834574
          ],
          [
            114.90157281672488,
            25.359795748884025
          ],
          [
            114.90157281672488,
            25.359795748884025
          ],
          [
            114.90114298229747,
            25.359474787278344
          ],
          [
            114.90114298229747,
            25.359474787278344
          ],
          [
            114.90112598901638,
            25.359456787945202
          ],
          [
            114.90052720326071,
            25.359018828644505
          ],
          [
            114.90052720326071,
            25.359018828644505
          ],
          [
            114.90011934002258,
            25.358705845488092
          ],
          [
            114.89967647404058,
            25.35844186522528
          ],
          [
            114.89941254751004,
            25.35831087624828
          ],
          [
            114.89911662342634,
            25.358198889406435
          ],
          [
            114.89878769869617,
            25.35813390707627
          ],
          [
            114.89863973686164,
            25.358015902173182
          ],
          [
            114.89863973686164,
            25.358015902173182
          ],
          [
            114.89856175258211,
            25.35801190660591
          ],
          [
            114.89856175258211,
            25.35801190660591
          ],
          [
            114.8980368485171,
            25.358015933396462
          ],
          [
            114.89738094709071,
            25.35805495414993
          ],
          [
            114.89738094709071,
            25.35805495414993
          ],
          [
            114.89653903789613,
            25.358176962278407
          ],
          [
            114.89653903789613,
            25.358176962278407
          ],
          [
            114.89534610889062,
            25.35832891812041
          ],
          [
            114.89516311498873,
            25.358332903402967
          ],
          [
            114.89490712295164,
            25.35830687634455
          ],
          [
            114.89463813162875,
            25.358224837880407
          ],
          [
            114.89463813162875,
            25.358224837880407
          ],
          [
            114.89430814161658,
            25.35806377873615
          ],
          [
            114.89419614656039,
            25.35796875246727
          ],
          [
            114.89390916148008,
            25.357651673399918
          ],
          [
            114.89299320981944,
            25.35624034804943
          ],
          [
            114.89243322411586,
            25.355311124314223
          ],
          [
            114.8921602231539,
            25.354895015301636
          ],
          [
            114.89188621266784,
            25.354564913670192
          ],
          [
            114.89147818239303,
            25.354191771167375
          ]
        ],
        "type": "LineString"
      },
      "properties": {
        "alternative_distance_m": 97126,
        "alternative_duration_s": 22094,
        "alternative_national_m": 17307,
        "alternative_unknown_m": 44975,
        "candidate_id": "xinfeng-west-county-chain",
        "current_distance_m": 73348,
        "current_duration_s": 17685,
        "current_national_m": 43240,
        "distance_delta_m": 23778,
        "duration_delta_s": 4409,
        "from_name": "信丰",
        "label": "避国道绕行线",
        "national_reduction_m": 25933,
        "review_status": "manual_review",
        "risk_tags": [],
        "road_class": "unknown",
        "road_name": "信雄大道",
        "route_role": "alternative",
        "segment_id": "main-19-to-main-20",
        "step_distance_m": 3549,
        "step_index": 12,
        "to_name": "龙南"
      },
      "type": "Feature"
    },
    {
      "geometry": {
        "coordinates": [
          [
            114.89147418214854,
            25.354186769571207
          ],
          [
            114.89117513867944,
            25.3541516899099
          ],
          [
            114.8909320988475,
            25.354143624884646
          ],
          [
            114.8909320988475,
            25.354143624884646
          ],
          [
            114.89067605302489,
            25.354147555201532
          ],
          [
            114.89035898880425,
            25.354199470850205
          ],
          [
            114.89031097831912,
            25.354212458337702
          ],
          [
            114.89031097831912,
            25.354212458337702
          ],
          [
            114.88919571041916,
            25.35442512952832
          ],
          [
            114.88899965748925,
            25.354460066049626
          ],
          [
            114.88880860596545,
            25.354467999435542
          ],
          [
            114.88861355332558,
            25.35445092676056
          ],
          [
            114.88842250245966,
            25.3543988496943
          ],
          [
            114.88824045380872,
            25.354328772337933
          ],
          [
            114.8880794123564,
            25.35422469759888
          ],
          [
            114.8880794123564,
            25.35422469759888
          ],
          [
            114.88781434429629,
            25.354012567266793
          ],
          [
            114.88781434429629,
            25.354012567266793
          ],
          [
            114.88763629686981,
            25.35386847792522
          ],
          [
            114.88763629686981,
            25.35386847792522
          ],
          [
            114.88708514117381,
            25.353417192593714
          ],
          [
            114.88708514117381,
            25.353417192593714
          ],
          [
            114.88703712693051,
            25.353378167191615
          ],
          [
            114.88703712693051,
            25.353378167191615
          ],
          [
            114.88615184583688,
            25.352652681508637
          ],
          [
            114.88599078957412,
            25.352539592058378
          ],
          [
            114.88573969698137,
            25.352400455012123
          ],
          [
            114.88573969698137,
            25.352400455012123
          ],
          [
            114.88536154851995,
            25.352244250258586
          ],
          [
            114.88487534219375,
            25.352130989076514
          ],
          [
            114.8846712509587,
            25.352104879186044
          ],
          [
            114.88436310727108,
            25.35210071434191
          ],
          [
            114.88383284695149,
            25.35213942729448
          ],
          [
            114.88383284695149,
            25.35213942729448
          ],
          [
            114.88338161251978,
            25.352217179593676
          ],
          [
            114.88233502961734,
            25.352463582037164
          ],
          [
            114.88233502961734,
            25.352463582037164
          ],
          [
            114.88183573367647,
            25.352594283390584
          ],
          [
            114.88145350128225,
            25.352672045495265
          ],
          [
            114.88126238297306,
            25.352706923931393
          ],
          [
            114.8809621971451,
            25.352714724445587
          ],
          [
            114.88057195249226,
            25.352684455008994
          ],
          [
            114.87940319230324,
            25.352422592381508
          ],
          [
            114.87871671357156,
            25.35234407057224
          ],
          [
            114.87840448772285,
            25.352330830066443
          ],
          [
            114.87750981452024,
            25.352343126731597
          ],
          [
            114.87641494798127,
            25.352321221131806
          ],
          [
            114.87641494798127,
            25.352321221131806
          ],
          [
            114.87571537088652,
            25.352272615283958
          ],
          [
            114.87571537088652,
            25.352272615283958
          ],
          [
            114.87500777073173,
            25.35216797774003
          ],
          [
            114.87500777073173,
            25.35216797774003
          ],
          [
            114.87482961704852,
            25.35213281332175
          ],
          [
            114.87482961704852,
            25.35213281332175
          ],
          [
            114.87433018044577,
            25.352019344550133
          ],
          [
            114.87385175552599,
            25.351871882528116
          ],
          [
            114.87385175552599,
            25.351871882528116
          ],
          [
            114.87320917284588,
            25.351640245266104
          ],
          [
            114.87320917284588,
            25.351640245266104
          ],
          [
            114.87274874826615,
            25.35143177470556
          ],
          [
            114.87222725995181,
            25.35115822842805
          ],
          [
            114.8718148688045,
            25.350905785545752
          ],
          [
            114.87035443676905,
            25.349932161691157
          ],
          [
            114.87035443676905,
            25.349932161691157
          ],
          [
            114.86999807462202,
            25.34970175555036
          ],
          [
            114.86999807462202,
            25.34970175555036
          ],
          [
            114.86882084740579,
            25.348901379808588
          ],
          [
            114.86882084740579,
            25.348901379808588
          ],
          [
            114.86847347576469,
            25.348661964937072
          ],
          [
            114.86847347576469,
            25.348661964937072
          ],
          [
            114.86836936272957,
            25.348601841195578
          ],
          [
            114.86813410670935,
            25.34845355886642
          ],
          [
            114.86733522190112,
            25.34795758791377
          ],
          [
            114.86733522190112,
            25.34795758791377
          ],
          [
            114.8658405145799,
            25.34689670254548
          ],
          [
            114.86525782223661,
            25.346565958527016
          ],
          [
            114.86525782223661,
            25.346565958527016
          ],
          [
            114.86489738601136,
            25.346392496700705
          ],
          [
            114.86453193733229,
            25.346244027575434
          ],
          [
            114.86415446643282,
            25.346130543344056
          ],
          [
            114.8638721100009,
            25.34606118011208
          ],
          [
            114.8638721100009,
            25.34606118011208
          ],
          [
            114.86348461483315,
            25.345990680578854
          ],
          [
            114.86317621570241,
            25.345956282309103
          ],
          [
            114.86317621570241,
            25.345956282309103
          ],
          [
            114.86288984161895,
            25.34593391107289
          ],
          [
            114.86288984161895,
            25.34593391107289
          ],
          [
            114.86228103719257,
            25.345890114372082
          ],
          [
            114.86228103719257,
            25.345890114372082
          ],
          [
            114.86182041960795,
            25.345871506154708
          ],
          [
            114.86182041960795,
            25.345871506154708
          ],
          [
            114.86127768530923,
            25.34581877828212
          ],
          [
            114.86068587872117,
            25.34569196733541
          ],
          [
            114.85920382097673,
            25.34522987799269
          ],
          [
            114.85920382097673,
            25.34522987799269
          ],
          [
            114.85728305663586,
            25.344620082191124
          ],
          [
            114.85682638588635,
            25.344441399765405
          ],
          [
            114.85657000849726,
            25.344315011451993
          ],
          [
            114.85632665137773,
            25.344153636747727
          ],
          [
            114.85610933428467,
            25.343962295673283
          ],
          [
            114.85590503692592,
            25.343753970855094
          ],
          [
            114.85590503692592,
            25.343753970855094
          ],
          [
            114.85570975789294,
            25.343462649274578
          ],
          [
            114.85555253750027,
            25.343154381640744
          ],
          [
            114.85531422060866,
            25.342415945349444
          ],
          [
            114.85525714572951,
            25.34222083875918
          ],
          [
            114.85525714572951,
            25.34222083875918
          ],
          [
            114.85518304803341,
            25.341972700887002
          ],
          [
            114.85502682897686,
            25.341634430026765
          ],
          [
            114.85487060188757,
            25.341404170370634
          ],
          [
            114.8547053571395,
            25.341216901229764
          ],
          [
            114.8547053571395,
            25.341216901229764
          ],
          [
            114.85445798386444,
            25.341017505898755
          ],
          [
            114.85415752367715,
            25.340843031125328
          ],
          [
            114.85415752367715,
            25.340843031125328
          ],
          [
            114.85385305264225,
            25.340699551473786
          ],
          [
            114.8535365582757,
            25.34058205402307
          ],
          [
            114.8535365582757,
            25.34058205402307
          ],
          [
            114.85180580881963,
            25.339949295003773
          ],
          [
            114.85180580881963,
            25.339949295003773
          ],
          [
            114.85105359029335,
            25.33967907604243
          ],
          [
            114.8505968453638,
            25.33949132756016
          ],
          [
            114.84881089305694,
            25.338651349019937
          ],
          [
            114.84853643126401,
            25.338546888303345
          ],
          [
            114.84853643126401,
            25.338546888303345
          ],
          [
            114.84831906378466,
            25.338472523276103
          ],
          [
            114.84831906378466,
            25.338472523276103
          ],
          [
            114.84815879055861,
            25.338441256018317
          ],
          [
            114.84795844613829,
            25.338432924474287
          ],
          [
            114.8476579252853,
            25.338458429708826
          ],
          [
            114.84746258329488,
            25.338510110877415
          ],
          [
            114.84718409202503,
            25.338617658667513
          ],
          [
            114.84636663650618,
            25.338994329630573
          ],
          [
            114.84575353629155,
            25.339271324552556
          ],
          [
            114.84547603707216,
            25.33937886563071
          ],
          [
            114.84518451369138,
            25.339452377931707
          ],
          [
            114.8447888045559,
            25.339494707564683
          ],
          [
            114.84288436442563,
            25.339500424782997
          ],
          [
            114.84247962208525,
            25.339543724308456
          ],
          [
            114.8421840763446,
            25.339603214235133
          ],
          [
            114.8419055580014,
            25.339698736572828
          ],
          [
            114.84163605266785,
            25.339828277259194
          ],
          [
            114.8407183150038,
            25.340386718210866
          ],
          [
            114.84037466217009,
            25.34057712954177
          ],
          [
            114.84001397868288,
            25.340723504317847
          ],
          [
            114.83964027113282,
            25.340835850535534
          ],
          [
            114.83925354030471,
            25.340900166528986
          ],
          [
            114.8387535963052,
            25.3409252733019
          ],
          [
            114.83835283991958,
            25.340903550613202
          ],
          [
            114.83788796288667,
            25.340832705035123
          ],
          [
            114.83788796288667,
            25.340832705035123
          ],
          [
            114.83702232601242,
            25.340645118069943
          ],
          [
            114.83702232601242,
            25.340645118069943
          ],
          [
            114.83540925150871,
            25.340290139405145
          ],
          [
            114.8349303340724,
            25.340168248445543
          ],
          [
            114.83455261028656,
            25.340049541878784
          ],
          [
            114.83377011109228,
            25.33973206665784
          ],
          [
            114.83377011109228,
            25.33973206665784
          ],
          [
            114.83318698994727,
            25.33949596417897
          ],
          [
            114.83281727644595,
            25.339361265435127
          ],
          [
            114.83204377455658,
            25.339155808449192
          ],
          [
            114.82900781587865,
            25.33863708459338
          ],
          [
            114.82872125088024,
            25.33858054109195
          ],
          [
            114.8285338828886,
            25.33851918298413
          ],
          [
            114.8283555340782,
            25.33843683947664
          ],
          [
            114.82808601007261,
            25.338262314900703
          ],
          [
            114.82808601007261,
            25.338262314900703
          ],
          [
            114.82789864888798,
            25.33809294508116
          ],
          [
            114.82771629929623,
            25.33789758188407
          ],
          [
            114.82771629929623,
            25.33789758188407
          ],
          [
            114.82738566582347,
            25.337531921979497
          ],
          [
            114.82724238923905,
            25.337401638874752
          ],
          [
            114.8270069320829,
            25.337223177221272
          ],
          [
            114.8270069320829,
            25.337223177221272
          ],
          [
            114.82684661924738,
            25.33712286502032
          ],
          [
            114.82653300460655,
            25.336961257676855
          ],
          [
            114.82653300460655,
            25.336961257676855
          ],
          [
            114.82614624500219,
            25.33677851009313
          ],
          [
            114.82614624500219,
            25.33677851009313
          ],
          [
            114.82589375076721,
            25.336631018981837
          ],
          [
            114.82573343821761,
            25.33651770509518
          ],
          [
            114.82527655330617,
            25.3361038010614
          ],
          [
            114.82527655330617,
            25.3361038010614
          ],
          [
            114.82435076202059,
            25.335216964055608
          ],
          [
            114.8238808526902,
            25.33476003100254
          ],
          [
            114.8238808526902,
            25.33476003100254
          ],
          [
            114.82357225416354,
            25.334477420076404
          ],
          [
            114.82357225416354,
            25.334477420076404
          ],
          [
            114.82343699223064,
            25.334347151682707
          ],
          [
            114.82343699223064,
            25.334347151682707
          ],
          [
            114.82328469795617,
            25.33419084855134
          ],
          [
            114.82280175998073,
            25.333763894336514
          ],
          [
            114.82253724418236,
            25.333559374729607
          ],
          [
            114.82253724418236,
            25.333559374729607
          ],
          [
            114.82215850137952,
            25.333328637051352
          ],
          [
            114.82215850137952,
            25.333328637051352
          ],
          [
            114.82145811894901,
            25.333032286316648
          ],
          [
            114.82145811894901,
            25.333032286316648
          ],
          [
            114.82097115997823,
            25.33279734481314
          ],
          [
            114.82062347744228,
            25.33260067005466
          ],
          [
            114.82028882259948,
            25.332383018087633
          ],
          [
            114.81830596172554,
            25.33089114322099
          ],
          [
            114.81798332846448,
            25.330738522937303
          ],
          [
            114.81798332846448,
            25.330738522937303
          ],
          [
            114.81780097105614,
            25.33064717205746
          ],
          [
            114.81740919950607,
            25.33051142455938
          ],
          [
            114.81705349587467,
            25.330441751640645
          ],
          [
            114.81675690718009,
            25.330419194434302
          ],
          [
            114.81622685193604,
            25.330440205620388
          ],
          [
            114.81547435381067,
            25.33050780816177
          ],
          [
            114.81463468986021,
            25.33052824766094
          ],
          [
            114.81463468986021,
            25.33052824766094
          ],
          [
            114.814100643264,
            25.330405244561486
          ],
          [
            114.814100643264,
            25.330405244561486
          ],
          [
            114.81249552312676,
            25.329847224584338
          ]
        ],
        "type": "LineString"
      },
      "properties": {
        "alternative_distance_m": 97126,
        "alternative_duration_s": 22094,
        "alternative_national_m": 17307,
        "alternative_unknown_m": 44975,
        "candidate_id": "xinfeng-west-county-chain",
        "current_distance_m": 73348,
        "current_duration_s": 17685,
        "current_national_m": 43240,
        "distance_delta_m": 23778,
        "duration_delta_s": 4409,
        "from_name": "信丰",
        "label": "避国道绕行线",
        "national_reduction_m": 25933,
        "review_status": "manual_review",
        "risk_tags": [],
        "road_class": "provincial",
        "road_name": "317省道",
        "route_role": "alternative",
        "segment_id": "main-19-to-main-20",
        "step_distance_m": 8973,
        "step_index": 13,
        "to_name": "龙南"
      },
      "type": "Feature"
    },
    {
      "geometry": {
        "coordinates": [
          [
            114.8124915156105,
            25.329842216726657
          ],
          [
            114.81226507914954,
            25.329733789571726
          ],
          [
            114.81209074519126,
            25.32962445855808
          ],
          [
            114.81171703379273,
            25.329337744967578
          ],
          [
            114.81171703379273,
            25.329337744967578
          ],
          [
            114.81099567037563,
            25.328694362933092
          ],
          [
            114.81076523373859,
            25.328519925483093
          ],
          [
            114.81051676223105,
            25.32835045614948
          ],
          [
            114.81051676223105,
            25.32835045614948
          ],
          [
            114.80843781960071,
            25.327265586096367
          ],
          [
            114.80843781960071,
            25.327265586096367
          ],
          [
            114.80727764078154,
            25.326660447922126
          ],
          [
            114.80727764078154,
            25.326660447922126
          ],
          [
            114.80692498176516,
            25.326476801299254
          ],
          [
            114.80692498176516,
            25.326476801299254
          ],
          [
            114.80673763243497,
            25.326377458264382
          ],
          [
            114.80669054478417,
            25.326351372016575
          ]
        ],
        "type": "LineString"
      },
      "properties": {
        "alternative_distance_m": 97126,
        "alternative_duration_s": 22094,
        "alternative_national_m": 17307,
        "alternative_unknown_m": 44975,
        "candidate_id": "xinfeng-west-county-chain",
        "current_distance_m": 73348,
        "current_duration_s": 17685,
        "current_national_m": 43240,
        "distance_delta_m": 23778,
        "duration_delta_s": 4409,
        "from_name": "信丰",
        "label": "避国道绕行线",
        "national_reduction_m": 25933,
        "review_status": "manual_review",
        "risk_tags": [],
        "road_class": "provincial",
        "road_name": "317省道",
        "route_role": "alternative",
        "segment_id": "main-19-to-main-20",
        "step_distance_m": 701,
        "step_index": 14,
        "to_name": "龙南"
      },
      "type": "Feature"
    },
    {
      "geometry": {
        "coordinates": [
          [
            114.80668553561527,
            25.326346362639494
          ],
          [
            114.80681178978803,
            25.326138568642072
          ],
          [
            114.80681178978803,
            25.326138568642072
          ],
          [
            114.80713844807337,
            25.325605103161003
          ],
          [
            114.80713844807337,
            25.325605103161003
          ],
          [
            114.80756831434816,
            25.32493281171205
          ],
          [
            114.80769056226364,
            25.324725012230036
          ],
          [
            114.80769056226364,
            25.324725012230036
          ],
          [
            114.80780780470414,
            25.324460198911712
          ],
          [
            114.80792104735362,
            25.324083368713637
          ],
          [
            114.80795112350476,
            25.32381339883703
          ],
          [
            114.80793812632706,
            25.323410339971243
          ],
          [
            114.80781194870596,
            25.322481032236528
          ],
          [
            114.8073953261127,
            25.319958069999526
          ],
          [
            114.80700877006396,
            25.31733116215159
          ],
          [
            114.80676440261982,
            25.315916612685538
          ],
          [
            114.80682154765105,
            25.315386672503546
          ],
          [
            114.80682555795468,
            25.315347676572006
          ],
          [
            114.80714320979698,
            25.314658189249162
          ],
          [
            114.80714320979698,
            25.314658189249162
          ],
          [
            114.80750894039528,
            25.314176805926603
          ],
          [
            114.80750894039528,
            25.314176805926603
          ],
          [
            114.80982258764105,
            25.311294761058644
          ],
          [
            114.81026547883143,
            25.310817531325366
          ],
          [
            114.81026547883143,
            25.310817531325366
          ],
          [
            114.81035766131211,
            25.31076569543774
          ],
          [
            114.81035766131211,
            25.31076569543774
          ],
          [
            114.81108810935443,
            25.310367999864003
          ],
          [
            114.81108810935443,
            25.310367999864003
          ],
          [
            114.81409709564687,
            25.30914545482803
          ],
          [
            114.81409709564687,
            25.30914545482803
          ],
          [
            114.81735465427138,
            25.307718427400996
          ],
          [
            114.81735465427138,
            25.307718427400996
          ],
          [
            114.81781558670919,
            25.30751527721033
          ],
          [
            114.81819435605028,
            25.30731197371077
          ],
          [
            114.81848595457566,
            25.307069504334226
          ],
          [
            114.81885071373917,
            25.30661915841859
          ]
        ],
        "type": "LineString"
      },
      "properties": {
        "alternative_distance_m": 97126,
        "alternative_duration_s": 22094,
        "alternative_national_m": 17307,
        "alternative_unknown_m": 44975,
        "candidate_id": "xinfeng-west-county-chain",
        "current_distance_m": 73348,
        "current_duration_s": 17685,
        "current_national_m": 43240,
        "distance_delta_m": 23778,
        "duration_delta_s": 4409,
        "from_name": "信丰",
        "label": "避国道绕行线",
        "national_reduction_m": 25933,
        "review_status": "manual_review",
        "risk_tags": [],
        "road_class": "provincial",
        "road_name": "454省道",
        "route_role": "alternative",
        "segment_id": "main-19-to-main-20",
        "step_distance_m": 2856,
        "step_index": 15,
        "to_name": "龙南"
      },
      "type": "Feature"
    },
    {
      "geometry": {
        "coordinates": [
          [
            114.81885071401389,
            25.306615158141582
          ],
          [
            114.81901206191232,
            25.30624143564031
          ],
          [
            114.81901206191232,
            25.30624143564031
          ],
          [
            114.81908522025776,
            25.30606356096391
          ],
          [
            114.81957730596639,
            25.304571385363772
          ],
          [
            114.81962541220807,
            25.304424466056545
          ],
          [
            114.82033797765524,
            25.302376673096273
          ],
          [
            114.82138229356293,
            25.299080434252357
          ],
          [
            114.82167806257162,
            25.296497837621786
          ],
          [
            114.82167806257162,
            25.296497837621786
          ],
          [
            114.82188761076631,
            25.294619125013664
          ],
          [
            114.82188761076631,
            25.294619125013664
          ],
          [
            114.82196581966,
            25.293855229757792
          ],
          [
            114.82196581966,
            25.293855229757792
          ],
          [
            114.82205302246263,
            25.29344337147988
          ],
          [
            114.82214824762654,
            25.29293952349349
          ],
          [
            114.82244387013158,
            25.29249305712978
          ],
          [
            114.82304009892991,
            25.291982155049396
          ],
          [
            114.82304009892991,
            25.291982155049396
          ],
          [
            114.82363129850212,
            25.29174825860834
          ],
          [
            114.82363129850212,
            25.29174825860834
          ],
          [
            114.82434875317453,
            25.291472598246
          ],
          [
            114.82595400464679,
            25.290850593758222
          ],
          [
            114.82595400464679,
            25.290850593758222
          ],
          [
            114.82629268971395,
            25.290720225311578
          ],
          [
            114.82769352054784,
            25.290154833189774
          ],
          [
            114.82824965123773,
            25.289795859975005
          ],
          [
            114.82824965123773,
            25.289795859975005
          ],
          [
            114.82838893608728,
            25.28967811555184
          ],
          [
            114.82838893608728,
            25.28967811555184
          ],
          [
            114.82885488882299,
            25.289275969660228
          ],
          [
            114.82885488882299,
            25.289275969660228
          ],
          [
            114.82948517548712,
            25.288734123880047
          ],
          [
            114.83273879391874,
            25.285646038731215
          ],
          [
            114.83293419293396,
            25.285398389159887
          ],
          [
            114.83308650855597,
            25.285134658882132
          ],
          [
            114.83316066969354,
            25.28489578505815
          ],
          [
            114.83319976205546,
            25.28466084655762
          ],
          [
            114.83319976205546,
            25.28466084655762
          ],
          [
            114.83326895752509,
            25.283775934279706
          ],
          [
            114.83326904630671,
            25.28247787683603
          ],
          [
            114.83326904774306,
            25.282456875921028
          ],
          [
            114.83326904774306,
            25.282456875921028
          ],
          [
            114.83329111749839,
            25.282065899737365
          ]
        ],
        "type": "LineString"
      },
      "properties": {
        "alternative_distance_m": 97126,
        "alternative_duration_s": 22094,
        "alternative_national_m": 17307,
        "alternative_unknown_m": 44975,
        "candidate_id": "xinfeng-west-county-chain",
        "current_distance_m": 73348,
        "current_duration_s": 17685,
        "current_national_m": 43240,
        "distance_delta_m": 23778,
        "duration_delta_s": 4409,
        "from_name": "信丰",
        "label": "避国道绕行线",
        "national_reduction_m": 25933,
        "review_status": "manual_review",
        "risk_tags": [],
        "road_class": "provincial",
        "road_name": "454省道",
        "route_role": "alternative",
        "segment_id": "main-19-to-main-20",
        "step_distance_m": 3325,
        "step_index": 16,
        "to_name": "龙南"
      },
      "type": "Feature"
    },
    {
      "geometry": {
        "coordinates": [
          [
            114.83329111777196,
            25.28206189956475
          ],
          [
            114.83353459939637,
            25.281962345317115
          ],
          [
            114.83353459939637,
            25.281962345317115
          ],
          [
            114.83373499569028,
            25.281875711643313
          ],
          [
            114.83373499569028,
            25.281875711643313
          ],
          [
            114.8369783487727,
            25.280496592840674
          ]
        ],
        "type": "LineString"
      },
      "properties": {
        "alternative_distance_m": 97126,
        "alternative_duration_s": 22094,
        "alternative_national_m": 17307,
        "alternative_unknown_m": 44975,
        "candidate_id": "xinfeng-west-county-chain",
        "current_distance_m": 73348,
        "current_duration_s": 17685,
        "current_national_m": 43240,
        "distance_delta_m": 23778,
        "duration_delta_s": 4409,
        "from_name": "信丰",
        "label": "避国道绕行线",
        "national_reduction_m": 25933,
        "review_status": "manual_review",
        "risk_tags": [],
        "road_class": "unknown",
        "road_name": "正万段",
        "route_role": "alternative",
        "segment_id": "main-19-to-main-20",
        "step_distance_m": 409,
        "step_index": 17,
        "to_name": "龙南"
      },
      "type": "Feature"
    },
    {
      "geometry": {
        "coordinates": [
          [
            114.83697834904605,
            25.28049259267459
          ],
          [
            114.83721777421289,
            25.280962046689922
          ]
        ],
        "type": "LineString"
      },
      "properties": {
        "alternative_distance_m": 97126,
        "alternative_duration_s": 22094,
        "alternative_national_m": 17307,
        "alternative_unknown_m": 44975,
        "candidate_id": "xinfeng-west-county-chain",
        "current_distance_m": 73348,
        "current_duration_s": 17685,
        "current_national_m": 43240,
        "distance_delta_m": 23778,
        "duration_delta_s": 4409,
        "from_name": "信丰",
        "label": "避国道绕行线",
        "national_reduction_m": 25933,
        "review_status": "manual_review",
        "risk_tags": [],
        "road_class": "unknown",
        "road_name": "",
        "route_role": "alternative",
        "segment_id": "main-19-to-main-20",
        "step_distance_m": 57,
        "step_index": 18,
        "to_name": "龙南"
      },
      "type": "Feature"
    },
    {
      "geometry": {
        "coordinates": [
          [
            114.83721777421289,
            25.280962046689922
          ],
          [
            114.83770971599857,
            25.280892934279066
          ]
        ],
        "type": "LineString"
      },
      "properties": {
        "alternative_distance_m": 97126,
        "alternative_duration_s": 22094,
        "alternative_national_m": 17307,
        "alternative_unknown_m": 44975,
        "candidate_id": "xinfeng-west-county-chain",
        "current_distance_m": 73348,
        "current_duration_s": 17685,
        "current_national_m": 43240,
        "distance_delta_m": 23778,
        "duration_delta_s": 4409,
        "from_name": "信丰",
        "label": "避国道绕行线",
        "national_reduction_m": 25933,
        "review_status": "manual_review",
        "risk_tags": [],
        "road_class": "unknown",
        "road_name": "",
        "route_role": "alternative",
        "segment_id": "main-19-to-main-20",
        "step_distance_m": 49,
        "step_index": 19,
        "to_name": "龙南"
      },
      "type": "Feature"
    },
    {
      "geometry": {
        "coordinates": [
          [
            114.83770971627189,
            25.280888934111356
          ],
          [
            114.83821768552609,
            25.28081584770541
          ]
        ],
        "type": "LineString"
      },
      "properties": {
        "alternative_distance_m": 97126,
        "alternative_duration_s": 22094,
        "alternative_national_m": 17307,
        "alternative_unknown_m": 44975,
        "candidate_id": "xinfeng-west-county-chain",
        "current_distance_m": 73348,
        "current_duration_s": 17685,
        "current_national_m": 43240,
        "distance_delta_m": 23778,
        "duration_delta_s": 4409,
        "from_name": "信丰",
        "label": "避国道绕行线",
        "national_reduction_m": 25933,
        "review_status": "manual_review",
        "risk_tags": [],
        "road_class": "unknown",
        "road_name": "",
        "route_role": "alternative",
        "segment_id": "main-19-to-main-20",
        "step_distance_m": 51,
        "step_index": 20,
        "to_name": "龙南"
      },
      "type": "Feature"
    },
    {
      "geometry": {
        "coordinates": [
          [
            114.83821768579936,
            25.280811847538022
          ],
          [
            114.83780096904732,
            25.279726050801592
          ]
        ],
        "type": "LineString"
      },
      "properties": {
        "alternative_distance_m": 97126,
        "alternative_duration_s": 22094,
        "alternative_national_m": 17307,
        "alternative_unknown_m": 44975,
        "candidate_id": "xinfeng-west-county-chain",
        "current_distance_m": 73348,
        "current_duration_s": 17685,
        "current_national_m": 43240,
        "distance_delta_m": 23778,
        "duration_delta_s": 4409,
        "from_name": "信丰",
        "label": "避国道绕行线",
        "national_reduction_m": 25933,
        "review_status": "manual_review",
        "risk_tags": [],
        "road_class": "unknown",
        "road_name": "",
        "route_role": "alternative",
        "segment_id": "main-19-to-main-20",
        "step_distance_m": 127,
        "step_index": 21,
        "to_name": "龙南"
      },
      "type": "Feature"
    },
    {
      "geometry": {
        "coordinates": [
          [
            114.83779595980079,
            25.279722041588872
          ],
          [
            114.83795728461841,
            25.27945232189329
          ],
          [
            114.83811860929224,
            25.279179601855276
          ],
          [
            114.83811860929224,
            25.279179601855276
          ],
          [
            114.8383009755756,
            25.278875918248307
          ],
          [
            114.8384572932985,
            25.278555186819123
          ]
        ],
        "type": "LineString"
      },
      "properties": {
        "alternative_distance_m": 97126,
        "alternative_duration_s": 22094,
        "alternative_national_m": 17307,
        "alternative_unknown_m": 44975,
        "candidate_id": "xinfeng-west-county-chain",
        "current_distance_m": 73348,
        "current_duration_s": 17685,
        "current_national_m": 43240,
        "distance_delta_m": 23778,
        "duration_delta_s": 4409,
        "from_name": "信丰",
        "label": "避国道绕行线",
        "national_reduction_m": 25933,
        "review_status": "manual_review",
        "risk_tags": [],
        "road_class": "unknown",
        "road_name": "正万段",
        "route_role": "alternative",
        "segment_id": "main-19-to-main-20",
        "step_distance_m": 145,
        "step_index": 22,
        "to_name": "龙南"
      },
      "type": "Feature"
    },
    {
      "geometry": {
        "coordinates": [
          [
            114.83845729357175,
            25.27855118666106
          ],
          [
            114.83838316696301,
            25.27835104537292
          ],
          [
            114.83833109000398,
            25.278033939180286
          ],
          [
            114.83833109000398,
            25.278033939180286
          ],
          [
            114.83783132743679,
            25.275315935483686
          ],
          [
            114.83780929737513,
            25.275142889421844
          ],
          [
            114.8378093083732,
            25.27498188363479
          ],
          [
            114.83784037482904,
            25.2748729358318
          ],
          [
            114.83839651592149,
            25.273602893714525
          ],
          [
            114.83868410035728,
            25.27300439024968
          ],
          [
            114.83891857024587,
            25.27260079744588
          ],
          [
            114.83971012402797,
            25.271630181037697
          ],
          [
            114.8398363692875,
            25.271500401879273
          ],
          [
            114.83996662152826,
            25.271374629796345
          ],
          [
            114.84015398813384,
            25.271131955313614
          ],
          [
            114.84015398813384,
            25.271131955313614
          ],
          [
            114.84061087701238,
            25.27058174870331
          ],
          [
            114.84061087701238,
            25.27058174870331
          ],
          [
            114.84089342380759,
            25.27026023868708
          ],
          [
            114.84105874121674,
            25.270100525800576
          ],
          [
            114.84153265321588,
            25.26957634488372
          ],
          [
            114.84164987388323,
            25.269510548978673
          ],
          [
            114.84197147137745,
            25.26942911093425
          ]
        ],
        "type": "LineString"
      },
      "properties": {
        "alternative_distance_m": 97126,
        "alternative_duration_s": 22094,
        "alternative_national_m": 17307,
        "alternative_unknown_m": 44975,
        "candidate_id": "xinfeng-west-county-chain",
        "current_distance_m": 73348,
        "current_duration_s": 17685,
        "current_national_m": 43240,
        "distance_delta_m": 23778,
        "duration_delta_s": 4409,
        "from_name": "信丰",
        "label": "避国道绕行线",
        "national_reduction_m": 25933,
        "review_status": "manual_review",
        "risk_tags": [],
        "road_class": "unknown",
        "road_name": "信隆路",
        "route_role": "alternative",
        "segment_id": "main-19-to-main-20",
        "step_distance_m": 1161,
        "step_index": 23,
        "to_name": "龙南"
      },
      "type": "Feature"
    },
    {
      "geometry": {
        "coordinates": [
          [
            114.8419714716504,
            25.26942511081337
          ],
          [
            114.84185829575968,
            25.268951898106373
          ],
          [
            114.84172808446816,
            25.26853465716968
          ],
          [
            114.84159285478921,
            25.268247411123642
          ],
          [
            114.84145461503101,
            25.268022161394274
          ],
          [
            114.84123222411304,
            25.267726761104317
          ],
          [
            114.84074134809372,
            25.26722687971218
          ]
        ],
        "type": "LineString"
      },
      "properties": {
        "alternative_distance_m": 97126,
        "alternative_duration_s": 22094,
        "alternative_national_m": 17307,
        "alternative_unknown_m": 44975,
        "candidate_id": "xinfeng-west-county-chain",
        "current_distance_m": 73348,
        "current_duration_s": 17685,
        "current_national_m": 43240,
        "distance_delta_m": 23778,
        "duration_delta_s": 4409,
        "from_name": "信丰",
        "label": "避国道绕行线",
        "national_reduction_m": 25933,
        "review_status": "manual_review",
        "risk_tags": [],
        "road_class": "unknown",
        "road_name": "正万段",
        "route_role": "alternative",
        "segment_id": "main-19-to-main-20",
        "step_distance_m": 279,
        "step_index": 24,
        "to_name": "龙南"
      },
      "type": "Feature"
    },
    {
      "geometry": {
        "coordinates": [
          [
            114.84073633912885,
            25.267221870705242
          ],
          [
            114.84087160567897,
            25.266996103687056
          ],
          [
            114.84108902115443,
            25.266814482753315
          ],
          [
            114.84130643055074,
            25.26671086334099
          ],
          [
            114.84141964861188,
            25.266581059191868
          ],
          [
            114.84186353478349,
            25.26558381241424
          ],
          [
            114.84186353478349,
            25.26558381241424
          ],
          [
            114.84215009646599,
            25.265067301000975
          ],
          [
            114.84225430439578,
            25.26482047692578
          ],
          [
            114.84269813548141,
            25.264539244386267
          ],
          [
            114.84399355660783,
            25.263495462226235
          ],
          [
            114.84444139383648,
            25.263027220469567
          ],
          [
            114.84465479579418,
            25.262740579210565
          ],
          [
            114.84501549220751,
            25.261977177615087
          ],
          [
            114.84518481304572,
            25.26169545970256
          ],
          [
            114.84589411162919,
            25.26109364950811
          ],
          [
            114.84595522598099,
            25.2609987506902
          ],
          [
            114.84606344344213,
            25.260607924897762
          ],
          [
            114.84609851088558,
            25.260524982273868
          ],
          [
            114.84619369237043,
            25.26032113838377
          ],
          [
            114.84636800885177,
            25.260174428733915
          ],
          [
            114.84666855384181,
            25.259909927876254
          ],
          [
            114.8473337723453,
            25.259047021522623
          ],
          [
            114.8473337723453,
            25.259047021522623
          ],
          [
            114.84743295269124,
            25.258926184102556
          ],
          [
            114.84769844313433,
            25.25847461597871
          ],
          [
            114.84794689761173,
            25.258098020003544
          ],
          [
            114.84846382302302,
            25.257547861588424
          ],
          [
            114.84846382302302,
            25.257547861588424
          ],
          [
            114.84857301963784,
            25.257404038241187
          ],
          [
            114.84863813915243,
            25.257283142846244
          ],
          [
            114.84873331578015,
            25.25707529504856
          ],
          [
            114.84876839628937,
            25.256771347052986
          ],
          [
            114.84876839628937,
            25.256771347052986
          ],
          [
            114.84869427220107,
            25.2567362250216
          ]
        ],
        "type": "LineString"
      },
      "properties": {
        "alternative_distance_m": 97126,
        "alternative_duration_s": 22094,
        "alternative_national_m": 17307,
        "alternative_unknown_m": 44975,
        "candidate_id": "xinfeng-west-county-chain",
        "current_distance_m": 73348,
        "current_duration_s": 17685,
        "current_national_m": 43240,
        "distance_delta_m": 23778,
        "duration_delta_s": 4409,
        "from_name": "信丰",
        "label": "避国道绕行线",
        "national_reduction_m": 25933,
        "review_status": "manual_review",
        "risk_tags": [],
        "road_class": "county",
        "road_name": "106乡道",
        "route_role": "alternative",
        "segment_id": "main-19-to-main-20",
        "step_distance_m": 1453,
        "step_index": 25,
        "to_name": "龙南"
      },
      "type": "Feature"
    },
    {
      "geometry": {
        "coordinates": [
          [
            114.84869026563372,
            25.256732218385178
          ],
          [
            114.84909403930489,
            25.255464856794095
          ]
        ],
        "type": "LineString"
      },
      "properties": {
        "alternative_distance_m": 97126,
        "alternative_duration_s": 22094,
        "alternative_national_m": 17307,
        "alternative_unknown_m": 44975,
        "candidate_id": "xinfeng-west-county-chain",
        "current_distance_m": 73348,
        "current_duration_s": 17685,
        "current_national_m": 43240,
        "distance_delta_m": 23778,
        "duration_delta_s": 4409,
        "from_name": "信丰",
        "label": "避国道绕行线",
        "national_reduction_m": 25933,
        "review_status": "manual_review",
        "risk_tags": [],
        "road_class": "county",
        "road_name": "064县道",
        "route_role": "alternative",
        "segment_id": "main-19-to-main-20",
        "step_distance_m": 146,
        "step_index": 26,
        "to_name": "龙南"
      },
      "type": "Feature"
    },
    {
      "geometry": {
        "coordinates": [
          [
            114.8490940395773,
            25.255460856728646
          ],
          [
            114.84921626463056,
            25.255201051658453
          ],
          [
            114.84944266499825,
            25.2549494157633
          ],
          [
            114.84978125336087,
            25.254693960385264
          ],
          [
            114.85052052503124,
            25.25419114245924
          ],
          [
            114.85052052503124,
            25.25419114245924
          ],
          [
            114.85074690934498,
            25.254074502795945
          ],
          [
            114.85087312544573,
            25.25397470271195
          ],
          [
            114.8510163722496,
            25.25383192876942
          ],
          [
            114.85116863996774,
            25.25359316733097
          ],
          [
            114.85183787154133,
            25.251637198657587
          ],
          [
            114.85205528239672,
            25.250808530087284
          ],
          [
            114.85211640223567,
            25.250508622411253
          ],
          [
            114.85213845106838,
            25.250317654764515
          ],
          [
            114.85212945349171,
            25.250066637810058
          ],
          [
            114.85212945349171,
            25.250066637810058
          ],
          [
            114.85212044271067,
            25.250009623045294
          ],
          [
            114.85212044271067,
            25.250009623045294
          ],
          [
            114.85209942060943,
            25.249831588107625
          ],
          [
            114.85209942060943,
            25.249831588107625
          ],
          [
            114.85209041329236,
            25.2497235727976
          ],
          [
            114.85209041329236,
            25.2497235727976
          ],
          [
            114.85206438275154,
            25.249549530080092
          ],
          [
            114.85199429775724,
            25.249120415544645
          ],
          [
            114.85196027362223,
            25.248659357436132
          ],
          [
            114.85196027362223,
            25.248659357436132
          ],
          [
            114.85197331050055,
            25.248429375669296
          ],
          [
            114.85204243663608,
            25.248230482306848
          ],
          [
            114.8521255798791,
            25.248113611618546
          ],
          [
            114.85226881819801,
            25.248030835164787
          ],
          [
            114.85245512625698,
            25.247940125417394
          ],
          [
            114.85303807610009,
            25.24778002977856
          ],
          [
            114.85422498669023,
            25.247399846847152
          ],
          [
            114.85422498669023,
            25.247399846847152
          ],
          [
            114.85463363494719,
            25.247283465043648
          ],
          [
            114.85463363494719,
            25.247283465043648
          ],
          [
            114.85468972391133,
            25.247262549545358
          ],
          [
            114.8554639548788,
            25.246802706941363
          ],
          [
            114.85607291728682,
            25.246356606572675
          ],
          [
            114.85775952149172,
            25.245222051663568
          ],
          [
            114.85875502151895,
            25.244529461058143
          ],
          [
            114.85875502151895,
            25.244529461058143
          ],
          [
            114.85921971409108,
            25.244170109971606
          ],
          [
            114.85943304279895,
            25.24381440496319
          ],
          [
            114.85953219922192,
            25.243588541395134
          ],
          [
            114.85953219922192,
            25.243588541395134
          ],
          [
            114.85959329428233,
            25.243466625434237
          ],
          [
            114.86002398464929,
            25.242261214036333
          ],
          [
            114.86040155584867,
            25.241636728300833
          ],
          [
            114.8608231832504,
            25.24101629856384
          ],
          [
            114.86104052605926,
            25.240378590055606
          ],
          [
            114.86127989274996,
            25.239810910189288
          ],
          [
            114.86135802864602,
            25.239381014117427
          ],
          [
            114.86146219185636,
            25.23906815283683
          ],
          [
            114.86165347698984,
            25.23869540708937
          ],
          [
            114.86165347698984,
            25.23869540708937
          ],
          [
            114.86173659746969,
            25.23857851730268
          ],
          [
            114.86192386969064,
            25.238291764941838
          ],
          [
            114.86232342696728,
            25.237971290094162
          ],
          [
            114.86344492349501,
            25.237660739494707
          ],
          [
            114.86400965750738,
            25.237561455372084
          ],
          [
            114.86400965750738,
            25.237561455372084
          ],
          [
            114.86811166528464,
            25.23678036349854
          ],
          [
            114.86837296482052,
            25.236720658229007
          ],
          [
            114.86875039400468,
            25.236621080066364
          ],
          [
            114.86904573121004,
            25.23646940704266
          ],
          [
            114.8691418436824,
            25.236369512928476
          ]
        ],
        "type": "LineString"
      },
      "properties": {
        "alternative_distance_m": 97126,
        "alternative_duration_s": 22094,
        "alternative_national_m": 17307,
        "alternative_unknown_m": 44975,
        "candidate_id": "xinfeng-west-county-chain",
        "current_distance_m": 73348,
        "current_duration_s": 17685,
        "current_national_m": 43240,
        "distance_delta_m": 23778,
        "duration_delta_s": 4409,
        "from_name": "信丰",
        "label": "避国道绕行线",
        "national_reduction_m": 25933,
        "review_status": "manual_review",
        "risk_tags": [],
        "road_class": "county",
        "road_name": "064县道",
        "route_role": "alternative",
        "segment_id": "main-19-to-main-20",
        "step_distance_m": 3243,
        "step_index": 27,
        "to_name": "龙南"
      },
      "type": "Feature"
    },
    {
      "geometry": {
        "coordinates": [
          [
            114.86914184395377,
            25.236365512935844
          ],
          [
            114.86926799483955,
            25.236178651575823
          ],
          [
            114.86938514116218,
            25.235905780093766
          ],
          [
            114.86937214204744,
            25.235683766428156
          ],
          [
            114.86932010204055,
            25.235436710242347
          ],
          [
            114.86905484038586,
            25.235006420512804
          ],
          [
            114.86852429928975,
            25.23429383408021
          ],
          [
            114.86837716018204,
            25.23390767064445
          ],
          [
            114.86836815180027,
            25.23388166062958
          ],
          [
            114.8683511649891,
            25.2334046435806
          ],
          [
            114.86827711614687,
            25.232892562676604
          ],
          [
            114.86821606365592,
            25.232648495079996
          ],
          [
            114.86803388453232,
            25.232240291153573
          ],
          [
            114.86771254569994,
            25.231814927429333
          ],
          [
            114.86745627601229,
            25.231428635400498
          ],
          [
            114.86737319192707,
            25.231246540669055
          ],
          [
            114.86737319192707,
            25.231246540669055
          ],
          [
            114.86736018270328,
            25.231159526200674
          ],
          [
            114.86736018270328,
            25.231159526200674
          ],
          [
            114.86729112294128,
            25.23085544833112
          ],
          [
            114.8672471348895,
            25.22992240412529
          ],
          [
            114.8672471348895,
            25.22992240412529
          ],
          [
            114.86723916380859,
            25.229358399357388
          ],
          [
            114.86726920914735,
            25.22920643544447
          ],
          [
            114.86731326697469,
            25.229110487272536
          ],
          [
            114.86731326697469,
            25.229110487272536
          ],
          [
            114.86736934100325,
            25.228980553225647
          ],
          [
            114.86799513535368,
            25.227887280046193
          ],
          [
            114.86810827992224,
            25.227653410583816
          ],
          [
            114.8681212985646,
            25.227596425874577
          ],
          [
            114.86817737510054,
            25.227405491164497
          ],
          [
            114.86818238986082,
            25.22727149817299
          ],
          [
            114.86816437859665,
            25.227136479192392
          ],
          [
            114.86811633262974,
            25.22701042614857
          ],
          [
            114.86805126715517,
            25.22688535374187
          ],
          [
            114.86786006313862,
            25.226676138564294
          ],
          [
            114.86715628761277,
            25.226102334604608
          ],
          [
            114.86656962967993,
            25.225594652995046
          ],
          [
            114.86656962967993,
            25.225594652995046
          ],
          [
            114.86627429399758,
            25.22533730587656
          ],
          [
            114.86627429399758,
            25.22533730587656
          ],
          [
            114.8656355522496,
            25.224859545095416
          ],
          [
            114.8655484508842,
            25.224781440550633
          ],
          [
            114.86539227282147,
            25.224577253325137
          ],
          [
            114.8652881623986,
            25.224312129758868
          ],
          [
            114.8652881623986,
            25.224312129758868
          ],
          [
            114.86525312704059,
            25.224195088472616
          ],
          [
            114.86524912860295,
            25.224099084824413
          ],
          [
            114.86526218234475,
            25.223544108082187
          ],
          [
            114.86526218234475,
            25.223544108082187
          ],
          [
            114.86530529562572,
            25.2226581729539
          ],
          [
            114.86534437764895,
            25.22215922781617
          ],
          [
            114.86534437764895,
            25.22215922781617
          ],
          [
            114.8653664162639,
            25.22199025716071
          ],
          [
            114.86554066839615,
            25.221430477400375
          ],
          [
            114.86562678355055,
            25.221287583929136
          ],
          [
            114.86573993203294,
            25.221135723020772
          ],
          [
            114.86610940218068,
            25.22081117186289
          ],
          [
            114.8666180342741,
            25.2204727812149
          ],
          [
            114.86752613290984,
            25.219974847391835
          ],
          [
            114.86804374844144,
            25.21965444408495
          ],
          [
            114.86804374844144,
            25.21965444408495
          ],
          [
            114.86837413682703,
            25.219441820628372
          ],
          [
            114.8684392129312,
            25.219398894402097
          ],
          [
            114.86902588876363,
            25.21906055249643
          ],
          [
            114.86902588876363,
            25.21906055249643
          ],
          [
            114.8693512586151,
            25.21886591278856
          ],
          [
            114.86950343199985,
            25.218749080566866
          ],
          [
            114.86963358285871,
            25.21860122432052
          ],
          [
            114.86972970265187,
            25.218362332470427
          ],
          [
            114.86975075821353,
            25.217876364049932
          ],
          [
            114.86975075821353,
            25.217876364049932
          ],
          [
            114.86970777012215,
            25.21701733384695
          ],
          [
            114.86973782983479,
            25.216613374121838
          ],
          [
            114.86973783044488,
            25.21660437429864
          ],
          [
            114.86981192061334,
            25.21644845719479
          ],
          [
            114.86996009240569,
            25.21625362016273
          ],
          [
            114.87038956829821,
            25.215946083366642
          ],
          [
            114.87068088364511,
            25.21578939303633
          ],
          [
            114.87095517521361,
            25.21567768128628
          ],
          [
            114.87095517521361,
            25.21567768128628
          ],
          [
            114.87186712328267,
            25.21531762112694
          ],
          [
            114.87206733059539,
            25.21518782472201
          ],
          [
            114.87222749912779,
            25.215027987790574
          ],
          [
            114.87350482957396,
            25.213427264428976
          ],
          [
            114.87378310552916,
            25.21315853346413
          ],
          [
            114.8742175243883,
            25.21282494614163
          ],
          [
            114.87490016159477,
            25.21238657924385
          ],
          [
            114.87490016159477,
            25.21238657924385
          ],
          [
            114.87500826102553,
            25.212313678066092
          ],
          [
            114.87500826102553,
            25.212313678066092
          ],
          [
            114.87506531368416,
            25.21226973018286
          ],
          [
            114.87506531368416,
            25.21226973018286
          ],
          [
            114.87555175807259,
            25.21188417010385
          ],
          [
            114.87587705239936,
            25.21158946046484
          ],
          [
            114.87631144556825,
            25.211094844781783
          ],
          [
            114.87644156324102,
            25.210925959107453
          ],
          [
            114.876611723185,
            25.210600110316204
          ],
          [
            114.8767248341461,
            25.210305212251583
          ],
          [
            114.87684996709102,
            25.209819328616323
          ],
          [
            114.8768720058271,
            25.20950635490425
          ],
          [
            114.8768720058271,
            25.20950635490425
          ],
          [
            114.8768420988597,
            25.207779375836942
          ],
          [
            114.87690320156624,
            25.206980448487524
          ],
          [
            114.87694224840347,
            25.206746487322796
          ],
          [
            114.87701131689484,
            25.206542550040883
          ],
          [
            114.87710640505759,
            25.206347633711914
          ],
          [
            114.87728456068353,
            25.206108786038854
          ],
          [
            114.8774717172042,
            25.205939942482804
          ],
          [
            114.87774994109417,
            25.20577917007736
          ],
          [
            114.87817527015385,
            25.20563650947288
          ],
          [
            114.87819328378437,
            25.205632523638364
          ],
          [
            114.87896985971057,
            25.205442123277848
          ],
          [
            114.87896985971057,
            25.205442123277848
          ],
          [
            114.87993053946369,
            25.205168834642794
          ],
          [
            114.88100325319827,
            25.204844587874128
          ],
          [
            114.88168068449829,
            25.20454904339471
          ],
          [
            114.88168068449829,
            25.20454904339471
          ],
          [
            114.8818848112147,
            25.20445017746045
          ],
          [
            114.8823140767519,
            25.204168456335026
          ],
          [
            114.88264928362285,
            25.20387267143407
          ],
          [
            114.88280938167452,
            25.203716773080984
          ],
          [
            114.88280938167452,
            25.203716773080984
          ],
          [
            114.88542786362139,
            25.200580313124597
          ]
        ],
        "type": "LineString"
      },
      "properties": {
        "alternative_distance_m": 97126,
        "alternative_duration_s": 22094,
        "alternative_national_m": 17307,
        "alternative_unknown_m": 44975,
        "candidate_id": "xinfeng-west-county-chain",
        "current_distance_m": 73348,
        "current_duration_s": 17685,
        "current_national_m": 43240,
        "distance_delta_m": 23778,
        "duration_delta_s": 4409,
        "from_name": "信丰",
        "label": "避国道绕行线",
        "national_reduction_m": 25933,
        "review_status": "manual_review",
        "risk_tags": [],
        "road_class": "county",
        "road_name": "064县道",
        "route_role": "alternative",
        "segment_id": "main-19-to-main-20",
        "step_distance_m": 5145,
        "step_index": 28,
        "to_name": "龙南"
      },
      "type": "Feature"
    },
    {
      "geometry": {
        "coordinates": [
          [
            114.88542786389205,
            25.200576313257937
          ],
          [
            114.88595410720072,
            25.200203581800334
          ],
          [
            114.88644832026147,
            25.199912821840687
          ],
          [
            114.88671843038706,
            25.19977794803313
          ],
          [
            114.88724363102364,
            25.199574182889588
          ],
          [
            114.88798188519247,
            25.199383490598454
          ],
          [
            114.88855406633039,
            25.199214714325684
          ],
          [
            114.88855406633039,
            25.199214714325684
          ],
          [
            114.88898019288435,
            25.19906687288775
          ],
          [
            114.88915824523903,
            25.198975937914852
          ],
          [
            114.88924527168007,
            25.19891096993092
          ],
          [
            114.88943132878765,
            25.198746038235857
          ],
          [
            114.88952235920262,
            25.1986200727163
          ],
          [
            114.88960939120302,
            25.198451107071605
          ],
          [
            114.88963140135422,
            25.1983771168115
          ],
          [
            114.88965742384501,
            25.198134133792255
          ],
          [
            114.8896484285192,
            25.19803413442376
          ],
          [
            114.88960542990962,
            25.197865126481272
          ],
          [
            114.88948841885693,
            25.19761809696157
          ],
          [
            114.88924938275629,
            25.197284028872133
          ]
        ],
        "type": "LineString"
      },
      "properties": {
        "alternative_distance_m": 97126,
        "alternative_duration_s": 22094,
        "alternative_national_m": 17307,
        "alternative_unknown_m": 44975,
        "candidate_id": "xinfeng-west-county-chain",
        "current_distance_m": 73348,
        "current_duration_s": 17685,
        "current_national_m": 43240,
        "distance_delta_m": 23778,
        "duration_delta_s": 4409,
        "from_name": "信丰",
        "label": "避国道绕行线",
        "national_reduction_m": 25933,
        "review_status": "manual_review",
        "risk_tags": [],
        "road_class": "county",
        "road_name": "064县道",
        "route_role": "alternative",
        "segment_id": "main-19-to-main-20",
        "step_distance_m": 634,
        "step_index": 29,
        "to_name": "龙南"
      },
      "type": "Feature"
    },
    {
      "geometry": {
        "coordinates": [
          [
            114.88924538208953,
            25.197279027691724
          ],
          [
            114.8893234091973,
            25.19716605818539
          ],
          [
            114.88934942028993,
            25.19709706942997
          ],
          [
            114.88932342827462,
            25.19688406841405
          ],
          [
            114.88896237951826,
            25.196237967709518
          ],
          [
            114.88885039282842,
            25.19559895176993
          ],
          [
            114.88885039282842,
            25.19559895176993
          ],
          [
            114.88885840492874,
            25.195451960134815
          ],
          [
            114.88888941765308,
            25.195386973606976
          ],
          [
            114.8890544747537,
            25.195187039174517
          ],
          [
            114.889106500805,
            25.1950010642669
          ],
          [
            114.88912350903688,
            25.1949440723072
          ],
          [
            114.88920653548578,
            25.19486610379282
          ],
          [
            114.88936658303888,
            25.194753162263947
          ],
          [
            114.88945760723429,
            25.194723193738152
          ],
          [
            114.88956163649081,
            25.194658230457833
          ],
          [
            114.88957063949776,
            25.194645233896164
          ],
          [
            114.89000877546594,
            25.19409839397102
          ],
          [
            114.89023483891509,
            25.193863471671456
          ],
          [
            114.89032186537597,
            25.193733502560775
          ],
          [
            114.89036488013234,
            25.193642518758814
          ],
          [
            114.89045691116236,
            25.19345155303087
          ],
          [
            114.89074303188504,
            25.1924616732595
          ],
          [
            114.89089108105523,
            25.19212372739979
          ],
          [
            114.89094310121394,
            25.19195874809084
          ],
          [
            114.891086144647,
            25.191672797688515
          ],
          [
            114.89118119007932,
            25.19122984053688
          ],
          [
            114.89121620182615,
            25.1911388533001
          ],
          [
            114.891463259327,
            25.190847927534918
          ],
          [
            114.891463259327,
            25.190847927534918
          ],
          [
            114.89172831110017,
            25.19063500025662
          ],
          [
            114.89200635727597,
            25.19047907056656
          ],
          [
            114.8923013939772,
            25.190436136488668
          ],
          [
            114.89249641404432,
            25.190436176841803
          ],
          [
            114.89273143291464,
            25.190479221522942
          ],
          [
            114.89285244019375,
            25.190522242740546
          ],
          [
            114.8929524433517,
            25.190592258372956
          ],
          [
            114.89304345011888,
            25.190592274870482
          ],
          [
            114.89310845734818,
            25.190553288055636
          ],
          [
            114.89345151144093,
            25.190062366569382
          ]
        ],
        "type": "LineString"
      },
      "properties": {
        "alternative_distance_m": 97126,
        "alternative_duration_s": 22094,
        "alternative_national_m": 17307,
        "alternative_unknown_m": 44975,
        "candidate_id": "xinfeng-west-county-chain",
        "current_distance_m": 73348,
        "current_duration_s": 17685,
        "current_national_m": 43240,
        "distance_delta_m": 23778,
        "duration_delta_s": 4409,
        "from_name": "信丰",
        "label": "避国道绕行线",
        "national_reduction_m": 25933,
        "review_status": "manual_review",
        "risk_tags": [],
        "road_class": "unknown",
        "road_name": "",
        "route_role": "alternative",
        "segment_id": "main-19-to-main-20",
        "step_distance_m": 1055,
        "step_index": 30,
        "to_name": "龙南"
      },
      "type": "Feature"
    },
    {
      "geometry": {
        "coordinates": [
          [
            114.89345151171146,
            25.19005836673705
          ],
          [
            114.89369051563186,
            25.190166399658633
          ],
          [
            114.89398551948891,
            25.190258438638118
          ],
          [
            114.8950535224764,
            25.19023656314907
          ],
          [
            114.89564750186517,
            25.19020161194776
          ],
          [
            114.89564750186517,
            25.19020161194776
          ],
          [
            114.89605147647738,
            25.19020163536971
          ],
          [
            114.89669340779642,
            25.190379650509286
          ],
          [
            114.89697636557214,
            25.190540648036425
          ],
          [
            114.89720633493147,
            25.19057464747372
          ],
          [
            114.89766126855598,
            25.190614640656694
          ],
          [
            114.89867309185311,
            25.190596597285737
          ],
          [
            114.8994579212685,
            25.190566533192115
          ],
          [
            114.8994579212685,
            25.190566533192115
          ],
          [
            114.90086851825738,
            25.190809337053697
          ],
          [
            114.9011594245412,
            25.190835286602415
          ],
          [
            114.90134536444835,
            25.190822253603876
          ],
          [
            114.90156729355877,
            25.19076121408159
          ],
          [
            114.90186618338637,
            25.19083915075851
          ],
          [
            114.90275981128745,
            25.191311927811338
          ]
        ],
        "type": "LineString"
      },
      "properties": {
        "alternative_distance_m": 97126,
        "alternative_duration_s": 22094,
        "alternative_national_m": 17307,
        "alternative_unknown_m": 44975,
        "candidate_id": "xinfeng-west-county-chain",
        "current_distance_m": 73348,
        "current_duration_s": 17685,
        "current_national_m": 43240,
        "distance_delta_m": 23778,
        "duration_delta_s": 4409,
        "from_name": "信丰",
        "label": "避国道绕行线",
        "national_reduction_m": 25933,
        "review_status": "manual_review",
        "risk_tags": [],
        "road_class": "unknown",
        "road_name": "",
        "route_role": "alternative",
        "segment_id": "main-19-to-main-20",
        "step_distance_m": 971,
        "step_index": 31,
        "to_name": "龙南"
      },
      "type": "Feature"
    },
    {
      "geometry": {
        "coordinates": [
          [
            114.90275981128745,
            25.191311927811338
          ],
          [
            114.90318068608711,
            25.190591849275037
          ],
          [
            114.90369252615945,
            25.189653746261985
          ],
          [
            114.90377050302453,
            25.189475731086798
          ],
          [
            114.90377551307274,
            25.189293737350457
          ],
          [
            114.90362759806911,
            25.18902079188153
          ],
          [
            114.90362759806911,
            25.18902079188153
          ],
          [
            114.9035106725527,
            25.188685839459446
          ],
          [
            114.90353267666231,
            25.18848184205459
          ],
          [
            114.903784580639,
            25.188234780204606
          ],
          [
            114.9045082505765,
            25.188065563290067
          ],
          [
            114.90480810404856,
            25.188026465168118
          ],
          [
            114.90513794242071,
            25.187913355621717
          ],
          [
            114.90513794242071,
            25.187913355621717
          ],
          [
            114.90522889654468,
            25.187887324328884
          ],
          [
            114.90522889654468,
            25.187887324328884
          ],
          [
            114.90566667115384,
            25.187744169289456
          ],
          [
            114.90575762469877,
            25.18769113701744
          ],
          [
            114.90575762469877,
            25.18769113701744
          ],
          [
            114.90588855863301,
            25.187592090905717
          ],
          [
            114.90588855863301,
            25.187592090905717
          ],
          [
            114.90600949681806,
            25.187501047615164
          ],
          [
            114.9064392837109,
            25.1869928966688
          ],
          [
            114.90669016698021,
            25.18651981268606
          ],
          [
            114.90684710617548,
            25.186019767999074
          ],
          [
            114.90685111078534,
            25.185915770971857
          ],
          [
            114.90685111078534,
            25.185915770971857
          ],
          [
            114.90680816647298,
            25.185477809363384
          ],
          [
            114.90647841913653,
            25.184652986507423
          ],
          [
            114.90647841913653,
            25.184652986507423
          ],
          [
            114.90628755608286,
            25.184276082360697
          ],
          [
            114.90612667972196,
            25.183816168625338
          ],
          [
            114.90609270910677,
            25.183668189102786
          ],
          [
            114.90603975211069,
            25.183477219081922
          ],
          [
            114.90603975211069,
            25.183477219081922
          ],
          [
            114.9060577480664,
            25.18338621625867
          ],
          [
            114.9060357810983,
            25.183082239337523
          ],
          [
            114.90594885511936,
            25.18271329106297
          ],
          [
            114.90567605618712,
            25.18198043125935
          ]
        ],
        "type": "LineString"
      },
      "properties": {
        "alternative_distance_m": 97126,
        "alternative_duration_s": 22094,
        "alternative_national_m": 17307,
        "alternative_unknown_m": 44975,
        "candidate_id": "xinfeng-west-county-chain",
        "current_distance_m": 73348,
        "current_duration_s": 17685,
        "current_national_m": 43240,
        "distance_delta_m": 23778,
        "duration_delta_s": 4409,
        "from_name": "信丰",
        "label": "避国道绕行线",
        "national_reduction_m": 25933,
        "review_status": "manual_review",
        "risk_tags": [],
        "road_class": "unknown",
        "road_name": "",
        "route_role": "alternative",
        "segment_id": "main-19-to-main-20",
        "step_distance_m": 1272,
        "step_index": 32,
        "to_name": "龙南"
      },
      "type": "Feature"
    },
    {
      "geometry": {
        "coordinates": [
          [
            114.90567205871713,
            25.181975433014447
          ],
          [
            114.90652660456706,
            25.181494116421177
          ],
          [
            114.90652660456706,
            25.181494116421177
          ],
          [
            114.90886817169404,
            25.180186080337283
          ],
          [
            114.90886817169404,
            25.180186080337283
          ],
          [
            114.90904605103086,
            25.180094991141925
          ],
          [
            114.90996139973305,
            25.179703505742154
          ],
          [
            114.90996139973305,
            25.179703505742154
          ],
          [
            114.91116747441322,
            25.179229806327772
          ],
          [
            114.91172702391503,
            25.17895646225317
          ],
          [
            114.91177897984032,
            25.178952428506705
          ],
          [
            114.9118219421878,
            25.178965399683143
          ],
          [
            114.91201675429805,
            25.179260256008664
          ]
        ],
        "type": "LineString"
      },
      "properties": {
        "alternative_distance_m": 97126,
        "alternative_duration_s": 22094,
        "alternative_national_m": 17307,
        "alternative_unknown_m": 44975,
        "candidate_id": "xinfeng-west-county-chain",
        "current_distance_m": 73348,
        "current_duration_s": 17685,
        "current_national_m": 43240,
        "distance_delta_m": 23778,
        "duration_delta_s": 4409,
        "from_name": "信丰",
        "label": "避国道绕行线",
        "national_reduction_m": 25933,
        "review_status": "manual_review",
        "risk_tags": [],
        "road_class": "unknown",
        "road_name": "长远大桥",
        "route_role": "alternative",
        "segment_id": "main-19-to-main-20",
        "step_distance_m": 744,
        "step_index": 33,
        "to_name": "龙南"
      },
      "type": "Feature"
    },
    {
      "geometry": {
        "coordinates": [
          [
            114.91201675429805,
            25.179260256008664
          ],
          [
            114.91232949546188,
            25.17904305667431
          ],
          [
            114.91255030966617,
            25.178890913227242
          ]
        ],
        "type": "LineString"
      },
      "properties": {
        "alternative_distance_m": 97126,
        "alternative_duration_s": 22094,
        "alternative_national_m": 17307,
        "alternative_unknown_m": 44975,
        "candidate_id": "xinfeng-west-county-chain",
        "current_distance_m": 73348,
        "current_duration_s": 17685,
        "current_national_m": 43240,
        "distance_delta_m": 23778,
        "duration_delta_s": 4409,
        "from_name": "信丰",
        "label": "避国道绕行线",
        "national_reduction_m": 25933,
        "review_status": "manual_review",
        "risk_tags": [],
        "road_class": "unknown",
        "road_name": "",
        "route_role": "alternative",
        "segment_id": "main-19-to-main-20",
        "step_distance_m": 67,
        "step_index": 34,
        "to_name": "龙南"
      },
      "type": "Feature"
    },
    {
      "geometry": {
        "coordinates": [
          [
            114.9125503100046,
            25.17888591348065
          ],
          [
            114.91419877806123,
            25.178746722427803
          ],
          [
            114.91419877806123,
            25.178746722427803
          ],
          [
            114.91623171288231,
            25.178402093434162
          ],
          [
            114.9163575803035,
            25.178349988027747
          ],
          [
            114.91679113932207,
            25.177849636003
          ]
        ],
        "type": "LineString"
      },
      "properties": {
        "alternative_distance_m": 97126,
        "alternative_duration_s": 22094,
        "alternative_national_m": 17307,
        "alternative_unknown_m": 44975,
        "candidate_id": "xinfeng-west-county-chain",
        "current_distance_m": 73348,
        "current_duration_s": 17685,
        "current_national_m": 43240,
        "distance_delta_m": 23778,
        "duration_delta_s": 4409,
        "from_name": "信丰",
        "label": "避国道绕行线",
        "national_reduction_m": 25933,
        "review_status": "manual_review",
        "risk_tags": [],
        "road_class": "unknown",
        "road_name": "",
        "route_role": "alternative",
        "segment_id": "main-19-to-main-20",
        "step_distance_m": 459,
        "step_index": 35,
        "to_name": "龙南"
      },
      "type": "Feature"
    },
    {
      "geometry": {
        "coordinates": [
          [
            114.91679113959297,
            25.177845636208914
          ],
          [
            114.91696894802244,
            25.177758483351806
          ],
          [
            114.91722466241866,
            25.177741255453363
          ],
          [
            114.91738547864608,
            25.177767108731242
          ],
          [
            114.9182344743524,
            25.178091305247037
          ],
          [
            114.91837830344184,
            25.178105168040354
          ],
          [
            114.91852912472292,
            25.178096024383578
          ],
          [
            114.91937910210036,
            25.177960200075503
          ],
          [
            114.91959183940176,
            25.177942987845597
          ],
          [
            114.92131660515824,
            25.178123176232507
          ],
          [
            114.92162918262316,
            25.178183832317085
          ],
          [
            114.92178496789103,
            25.178248657522243
          ]
        ],
        "type": "LineString"
      },
      "properties": {
        "alternative_distance_m": 97126,
        "alternative_duration_s": 22094,
        "alternative_national_m": 17307,
        "alternative_unknown_m": 44975,
        "candidate_id": "xinfeng-west-county-chain",
        "current_distance_m": 73348,
        "current_duration_s": 17685,
        "current_national_m": 43240,
        "distance_delta_m": 23778,
        "duration_delta_s": 4409,
        "from_name": "信丰",
        "label": "避国道绕行线",
        "national_reduction_m": 25933,
        "review_status": "manual_review",
        "risk_tags": [],
        "road_class": "unknown",
        "road_name": "",
        "route_role": "alternative",
        "segment_id": "main-19-to-main-20",
        "step_distance_m": 519,
        "step_index": 36,
        "to_name": "龙南"
      },
      "type": "Feature"
    },
    {
      "geometry": {
        "coordinates": [
          [
            114.92178496789103,
            25.178248657522243
          ],
          [
            114.9225910020278,
            25.17616486161326
          ],
          [
            114.9225910020278,
            25.17616486161326
          ],
          [
            114.92378750919725,
            25.173077632974138
          ],
          [
            114.92378750919725,
            25.173077632974138
          ],
          [
            114.92380948081383,
            25.17302560963248
          ],
          [
            114.92380948081383,
            25.17302560963248
          ],
          [
            114.92392233512442,
            25.17275148982162
          ],
          [
            114.92392233512442,
            25.17275148982162
          ],
          [
            114.92394830280035,
            25.172669463233284
          ],
          [
            114.92397826521754,
            25.17257843232343
          ],
          [
            114.92397826521754,
            25.17257843232343
          ],
          [
            114.92430783408093,
            25.171796077835037
          ],
          [
            114.92430783408093,
            25.171796077835037
          ],
          [
            114.92458946261232,
            25.17111077244856
          ],
          [
            114.92486309436741,
            25.170498469683235
          ],
          [
            114.92486309436741,
            25.170498469683235
          ],
          [
            114.92500589908695,
            25.170203309085736
          ],
          [
            114.92500589908695,
            25.170203309085736
          ],
          [
            114.92507979732954,
            25.170055225388182
          ]
        ],
        "type": "LineString"
      },
      "properties": {
        "alternative_distance_m": 97126,
        "alternative_duration_s": 22094,
        "alternative_national_m": 17307,
        "alternative_unknown_m": 44975,
        "candidate_id": "xinfeng-west-county-chain",
        "current_distance_m": 73348,
        "current_duration_s": 17685,
        "current_national_m": 43240,
        "distance_delta_m": 23778,
        "duration_delta_s": 4409,
        "from_name": "信丰",
        "label": "避国道绕行线",
        "national_reduction_m": 25933,
        "review_status": "manual_review",
        "risk_tags": [],
        "road_class": "national",
        "road_name": "105国道",
        "route_role": "alternative",
        "segment_id": "main-19-to-main-20",
        "step_distance_m": 961,
        "step_index": 37,
        "to_name": "龙南"
      },
      "type": "Feature"
    },
    {
      "geometry": {
        "coordinates": [
          [
            114.92507979760074,
            25.17005122561754
          ],
          [
            114.92529147295367,
            25.170093957763903
          ],
          [
            114.92529147295367,
            25.170093957763903
          ],
          [
            114.92588556431123,
            25.170006207486622
          ],
          [
            114.92780551895234,
            25.1696136843435
          ],
          [
            114.92840353262469,
            25.169516864515277
          ],
          [
            114.92884479148904,
            25.169481247680025
          ],
          [
            114.92884479148904,
            25.169481247680025
          ],
          [
            114.92913929012045,
            25.169480830015193
          ],
          [
            114.9296204600109,
            25.169511137853828
          ],
          [
            114.93182151679127,
            25.169754840489166
          ],
          [
            114.93182151679127,
            25.169754840489166
          ],
          [
            114.93350235384607,
            25.1699391857842
          ],
          [
            114.93350235384607,
            25.1699391857842
          ],
          [
            114.93427385848247,
            25.17002492802662
          ],
          [
            114.9350752763819,
            25.17011459559812
          ],
          [
            114.93592856124046,
            25.170191149250247
          ],
          [
            114.93616607947035,
            25.170190742644188
          ],
          [
            114.93653931846625,
            25.170173100075335
          ],
          [
            114.9367768326032,
            25.170137689640057
          ],
          [
            114.93713709316627,
            25.170050064724325
          ],
          [
            114.93713709316627,
            25.170050064724325
          ],
          [
            114.93749236046585,
            25.169932445188884
          ],
          [
            114.93783365430113,
            25.169775847808108
          ],
          [
            114.93805519519445,
            25.16964445928641
          ],
          [
            114.9384962796917,
            25.169309684241895
          ],
          [
            114.9384962796917,
            25.169309684241895
          ],
          [
            114.93915989314748,
            25.16870550976787
          ],
          [
            114.93928961837159,
            25.16860927691027
          ],
          [
            114.93959696993974,
            25.168300727344956
          ],
          [
            114.94078740762069,
            25.16728755395565
          ],
          [
            114.94119451609922,
            25.16696079714698
          ],
          [
            114.94119451609922,
            25.16696079714698
          ],
          [
            114.94166746108657,
            25.166734900868136
          ],
          [
            114.94166746108657,
            25.166734900868136
          ],
          [
            114.9417792106839,
            25.166677688081563
          ],
          [
            114.9420605802284,
            25.16649915229648
          ],
          [
            114.94270611644406,
            25.166159907589265
          ],
          [
            114.94355916854994,
            25.165520250504866
          ],
          [
            114.94402709720264,
            25.165024339017393
          ],
          [
            114.94446907855873,
            25.164533472188
          ],
          [
            114.94521334023098,
            25.163780992117438
          ],
          [
            114.94543881202596,
            25.16351154241286
          ],
          [
            114.94543881202596,
            25.16351154241286
          ],
          [
            114.94630076426091,
            25.16262379783166
          ],
          [
            114.94661201611329,
            25.16232416012497
          ],
          [
            114.94719659547677,
            25.161836948468824
          ],
          [
            114.94752578393557,
            25.161645255653976
          ],
          [
            114.94788489385319,
            25.161435495591302
          ],
          [
            114.94885944882012,
            25.16093040631349
          ],
          [
            114.94940507090536,
            25.16054722881379
          ],
          [
            114.94972027632811,
            25.16022955020145
          ],
          [
            114.94994570837585,
            25.159964065316846
          ],
          [
            114.9503097981489,
            25.15937328922272
          ],
          [
            114.95054320810566,
            25.1590517857219
          ],
          [
            114.95074270449095,
            25.15874335619677
          ],
          [
            114.95098908183897,
            25.15834282528727
          ],
          [
            114.95150876664711,
            25.157417704542514
          ],
          [
            114.95251717227427,
            25.155831492062987
          ],
          [
            114.95289818608725,
            25.155179651539388
          ],
          [
            114.95289818608725,
            25.155179651539388
          ],
          [
            114.95306275502463,
            25.154949283646463
          ],
          [
            114.9535604564488,
            25.154093176967837
          ],
          [
            114.95378586243186,
            25.153749670276564
          ],
          [
            114.95402821855589,
            25.15342712053575
          ],
          [
            114.9542486251306,
            25.153222612863416
          ],
          [
            114.95445705835385,
            25.153088127294136
          ],
          [
            114.95482903688384,
            25.152939251037587
          ],
          [
            114.95514017623671,
            25.15285251217919
          ],
          [
            114.95559989614675,
            25.15275941259982
          ],
          [
            114.95559989614675,
            25.15275941259982
          ],
          [
            114.95619722026241,
            25.15266697228735
          ],
          [
            114.95833013969062,
            25.152336742522927
          ],
          [
            114.95882770173488,
            25.15223550519618
          ],
          [
            114.95882770173488,
            25.15223550519618
          ],
          [
            114.95985371662398,
            25.151958936386187
          ],
          [
            114.95985371662398,
            25.151958936386187
          ],
          [
            114.96055070092825,
            25.15132420626323
          ],
          [
            114.96055070092825,
            25.15132420626323
          ],
          [
            114.96116491585174,
            25.15071467440648
          ],
          [
            114.96126063611302,
            25.150627434232764
          ],
          [
            114.96148497852838,
            25.150435869467948
          ],
          [
            114.9617581698719,
            25.150288173829257
          ],
          [
            114.96190074616408,
            25.15022280916327
          ],
          [
            114.96215996946087,
            25.15017413975986
          ],
          [
            114.9624201853999,
            25.150160463505202
          ],
          [
            114.96261858381924,
            25.150185944148152
          ],
          [
            114.9631639195298,
            25.15032750625334
          ],
          [
            114.96405517750259,
            25.15061613593783
          ],
          [
            114.96614067756616,
            25.15127451464332
          ],
          [
            114.96656534170762,
            25.15138235921856
          ],
          [
            114.96698900683901,
            25.15145420490324
          ],
          [
            114.96698900683901,
            25.15145420490324
          ],
          [
            114.969044473297,
            25.151713553979835
          ],
          [
            114.96956380568822,
            25.151790111000693
          ],
          [
            114.9700482396526,
            25.151931754974697
          ],
          [
            114.97211148797484,
            25.152867903651615
          ],
          [
            114.97211148797484,
            25.152867903651615
          ],
          [
            114.97417963274026,
            25.153768960865587
          ],
          [
            114.97462514819219,
            25.153915674103086
          ],
          [
            114.97483245700016,
            25.153971075083806
          ],
          [
            114.9753298005946,
            25.15403064014445
          ],
          [
            114.9759008978138,
            25.154028992245458
          ],
          [
            114.97648096459713,
            25.153949318522717
          ],
          [
            114.9768567135247,
            25.153835235865095
          ],
          [
            114.97717764538712,
            25.1537043117777
          ],
          [
            114.97745871026525,
            25.153564502970674
          ],
          [
            114.97786934690673,
            25.1532853244449
          ],
          [
            114.97809858737685,
            25.153089668261117
          ],
          [
            114.97822815907398,
            25.1529592984315
          ],
          [
            114.97851421555059,
            25.152628484168073
          ],
          [
            114.97967740688671,
            25.150694204275432
          ],
          [
            114.9797511644032,
            25.15057599546516
          ],
          [
            114.97997143822394,
            25.150245369900187
          ],
          [
            114.98013589027086,
            25.15007589696574
          ],
          [
            114.98034419254736,
            25.14990629423201
          ],
          [
            114.98071195299289,
            25.149697222336467
          ],
          [
            114.98110960737947,
            25.14951805812728
          ],
          [
            114.98110960737947,
            25.14951805812728
          ],
          [
            114.98249789246651,
            25.1489099783353
          ],
          [
            114.98276199390062,
            25.148779200954376
          ]
        ],
        "type": "LineString"
      },
      "properties": {
        "alternative_distance_m": 97126,
        "alternative_duration_s": 22094,
        "alternative_national_m": 17307,
        "alternative_unknown_m": 44975,
        "candidate_id": "xinfeng-west-county-chain",
        "current_distance_m": 73348,
        "current_duration_s": 17685,
        "current_national_m": 43240,
        "distance_delta_m": 23778,
        "duration_delta_s": 4409,
        "from_name": "信丰",
        "label": "避国道绕行线",
        "national_reduction_m": 25933,
        "review_status": "manual_review",
        "risk_tags": [],
        "road_class": "county",
        "road_name": "064县道",
        "route_role": "alternative",
        "segment_id": "main-19-to-main-20",
        "step_distance_m": 7128,
        "step_index": 38,
        "to_name": "龙南"
      },
      "type": "Feature"
    },
    {
      "geometry": {
        "coordinates": [
          [
            114.98276199417683,
            25.148775201243726
          ],
          [
            114.98348457584274,
            25.14777911732737
          ],
          [
            114.98408555397786,
            25.147039374170223
          ],
          [
            114.98408555397786,
            25.147039374170223
          ],
          [
            114.98458287897637,
            25.146412930451167
          ],
          [
            114.98458287897637,
            25.146412930451167
          ],
          [
            114.98505030116891,
            25.14584257039987
          ],
          [
            114.98533533017799,
            25.14560773180589
          ],
          [
            114.98633091523207,
            25.14504077877591
          ],
          [
            114.98633091523207,
            25.14504077877591
          ],
          [
            114.98643456028883,
            25.144966472074344
          ],
          [
            114.98654717795888,
            25.144836142463642
          ],
          [
            114.98663289148173,
            25.14467089651379
          ]
        ],
        "type": "LineString"
      },
      "properties": {
        "alternative_distance_m": 97126,
        "alternative_duration_s": 22094,
        "alternative_national_m": 17307,
        "alternative_unknown_m": 44975,
        "candidate_id": "xinfeng-west-county-chain",
        "current_distance_m": 73348,
        "current_duration_s": 17685,
        "current_national_m": 43240,
        "distance_delta_m": 23778,
        "duration_delta_s": 4409,
        "from_name": "信丰",
        "label": "避国道绕行线",
        "national_reduction_m": 25933,
        "review_status": "manual_review",
        "risk_tags": [],
        "road_class": "unknown",
        "road_name": "",
        "route_role": "alternative",
        "segment_id": "main-19-to-main-20",
        "step_distance_m": 606,
        "step_index": 39,
        "to_name": "龙南"
      },
      "type": "Feature"
    },
    {
      "geometry": {
        "coordinates": [
          [
            114.98663289175836,
            25.144666896814105
          ],
          [
            114.98700959951815,
            25.144408780072204
          ]
        ],
        "type": "LineString"
      },
      "properties": {
        "alternative_distance_m": 97126,
        "alternative_duration_s": 22094,
        "alternative_national_m": 17307,
        "alternative_unknown_m": 44975,
        "candidate_id": "xinfeng-west-county-chain",
        "current_distance_m": 73348,
        "current_duration_s": 17685,
        "current_national_m": 43240,
        "distance_delta_m": 23778,
        "duration_delta_s": 4409,
        "from_name": "信丰",
        "label": "避国道绕行线",
        "national_reduction_m": 25933,
        "review_status": "manual_review",
        "risk_tags": [],
        "road_class": "county",
        "road_name": "102乡道",
        "route_role": "alternative",
        "segment_id": "main-19-to-main-20",
        "step_distance_m": 47,
        "step_index": 40,
        "to_name": "龙南"
      },
      "type": "Feature"
    },
    {
      "geometry": {
        "coordinates": [
          [
            114.98700959979482,
            25.144404780373204
          ],
          [
            114.98663787443749,
            25.14466688179339
          ],
          [
            114.98663787443749,
            25.14466688179339
          ],
          [
            114.98655116438158,
            25.14483213074941
          ],
          [
            114.98643854671518,
            25.144962460363033
          ],
          [
            114.986334901731,
            25.145035767142275
          ],
          [
            114.986334901731,
            25.145035767142275
          ],
          [
            114.98534031318961,
            25.145603717132712
          ],
          [
            114.98505428764415,
            25.14583855872977
          ],
          [
            114.98458686546967,
            25.146408918795675
          ],
          [
            114.98458686546967,
            25.146408918795675
          ],
          [
            114.98408954049124,
            25.147035362531014
          ]
        ],
        "type": "LineString"
      },
      "properties": {
        "alternative_distance_m": 97126,
        "alternative_duration_s": 22094,
        "alternative_national_m": 17307,
        "alternative_unknown_m": 44975,
        "candidate_id": "xinfeng-west-county-chain",
        "current_distance_m": 73348,
        "current_duration_s": 17685,
        "current_national_m": 43240,
        "distance_delta_m": 23778,
        "duration_delta_s": 4409,
        "from_name": "信丰",
        "label": "避国道绕行线",
        "national_reduction_m": 25933,
        "review_status": "manual_review",
        "risk_tags": [],
        "road_class": "county",
        "road_name": "102乡道",
        "route_role": "alternative",
        "segment_id": "main-19-to-main-20",
        "step_distance_m": 419,
        "step_index": 41,
        "to_name": "龙南"
      },
      "type": "Feature"
    },
    {
      "geometry": {
        "coordinates": [
          [
            114.98408555425421,
            25.14703537446424
          ],
          [
            114.98352351897898,
            25.146663083089205
          ],
          [
            114.98352351897898,
            25.146663083089205
          ],
          [
            114.98332820060867,
            25.146538675809197
          ],
          [
            114.98332820060867,
            25.146538675809197
          ],
          [
            114.9825279887491,
            25.146028100314833
          ],
          [
            114.98214332842088,
            25.145752265713014
          ],
          [
            114.98214332842088,
            25.145752265713014
          ],
          [
            114.98142980431095,
            25.14530241866222
          ],
          [
            114.98124843070102,
            25.145215962939876
          ],
          [
            114.98113581712023,
            25.145195298213462
          ],
          [
            114.98103217190327,
            25.145186605881197
          ],
          [
            114.98087171872073,
            25.145204079612895
          ],
          [
            114.98022690090939,
            25.14544496750658
          ],
          [
            114.9799249226094,
            25.14553285174313
          ],
          [
            114.97970865755009,
            25.145537488645914
          ],
          [
            114.9794007077902,
            25.145473399802004
          ],
          [
            114.97919341570689,
            25.145405014323565
          ],
          [
            114.97919341570689,
            25.145405014323565
          ],
          [
            114.97854860723461,
            25.14528491526324
          ],
          [
            114.97810312549329,
            25.145087233834996
          ],
          [
            114.97809016954757,
            25.14508227208254
          ],
          [
            114.97789184788758,
            25.144943861946253
          ],
          [
            114.97771445808304,
            25.144762393422766
          ],
          [
            114.97746332427388,
            25.14445914859394
          ],
          [
            114.97690524936493,
            25.143727827990684
          ],
          [
            114.9768185527323,
            25.14354509375037
          ]
        ],
        "type": "LineString"
      },
      "properties": {
        "alternative_distance_m": 97126,
        "alternative_duration_s": 22094,
        "alternative_national_m": 17307,
        "alternative_unknown_m": 44975,
        "candidate_id": "xinfeng-west-county-chain",
        "current_distance_m": 73348,
        "current_duration_s": 17685,
        "current_national_m": 43240,
        "distance_delta_m": 23778,
        "duration_delta_s": 4409,
        "from_name": "信丰",
        "label": "避国道绕行线",
        "national_reduction_m": 25933,
        "review_status": "manual_review",
        "risk_tags": [],
        "road_class": "unknown",
        "road_name": "",
        "route_role": "alternative",
        "segment_id": "main-19-to-main-20",
        "step_distance_m": 901,
        "step_index": 42,
        "to_name": "龙南"
      },
      "type": "Feature"
    },
    {
      "geometry": {
        "coordinates": [
          [
            114.97681456637316,
            25.143541105632266
          ],
          [
            114.97667204965562,
            25.143459525627705
          ],
          [
            114.9762265509016,
            25.14330882856553
          ],
          [
            114.97602323878475,
            25.143183426479627
          ],
          [
            114.97547806566796,
            25.143050011056623
          ]
        ],
        "type": "LineString"
      },
      "properties": {
        "alternative_distance_m": 97126,
        "alternative_duration_s": 22094,
        "alternative_national_m": 17307,
        "alternative_unknown_m": 44975,
        "candidate_id": "xinfeng-west-county-chain",
        "current_distance_m": 73348,
        "current_duration_s": 17685,
        "current_national_m": 43240,
        "distance_delta_m": 23778,
        "duration_delta_s": 4409,
        "from_name": "信丰",
        "label": "避国道绕行线",
        "national_reduction_m": 25933,
        "review_status": "manual_review",
        "risk_tags": [],
        "road_class": "unknown",
        "road_name": "",
        "route_role": "alternative",
        "segment_id": "main-19-to-main-20",
        "step_distance_m": 147,
        "step_index": 43,
        "to_name": "龙南"
      },
      "type": "Feature"
    },
    {
      "geometry": {
        "coordinates": [
          [
            114.97547308253283,
            25.143046025729536
          ],
          [
            114.97545614251307,
            25.14299407854001
          ],
          [
            114.97525283089414,
            25.142820677632542
          ],
          [
            114.97502360305963,
            25.142669348913802
          ],
          [
            114.97468672720318,
            25.142575324025916
          ],
          [
            114.97450433739535,
            25.14248885389896
          ],
          [
            114.97402894391617,
            25.14198725360301
          ],
          [
            114.97384655393724,
            25.141869783832945
          ],
          [
            114.97364821185637,
            25.14181035451068
          ],
          [
            114.97280002578245,
            25.1414217974345
          ],
          [
            114.97270932294846,
            25.141422054668343
          ],
          [
            114.97243721941292,
            25.14133583218126
          ],
          [
            114.97209533811031,
            25.141306800976718
          ],
          [
            114.97173552828369,
            25.14105183560186
          ],
          [
            114.97133385607742,
            25.140731990455865
          ],
          [
            114.97118633981256,
            25.140658410391005
          ],
          [
            114.9707587281371,
            25.14060761259745
          ],
          [
            114.97040387301719,
            25.14062560279874
          ],
          [
            114.97036001625389,
            25.140599727192768
          ],
          [
            114.97033410668634,
            25.140499807265314
          ],
          [
            114.97024739155223,
            25.14042205514179
          ],
          [
            114.96989752944508,
            25.140249042702848
          ],
          [
            114.96976296409163,
            25.140215419302955
          ],
          [
            114.96955961746572,
            25.1402029846847
          ],
          [
            114.96941707578296,
            25.140181381499957
          ],
          [
            114.96934331672416,
            25.140112591176234
          ],
          [
            114.96927453836449,
            25.140090783278247
          ],
          [
            114.9685737762998,
            25.14007071900263
          ],
          [
            114.96817106308806,
            25.139971833486655
          ],
          [
            114.96785506607269,
            25.139951701005725
          ],
          [
            114.96709348170657,
            25.13977979237383
          ],
          [
            114.96702868732449,
            25.13975397058135
          ],
          [
            114.9669599071535,
            25.139702161563456
          ],
          [
            114.9669250221559,
            25.139624262444535
          ],
          [
            114.96666985246279,
            25.139198988216858
          ],
          [
            114.96653130963863,
            25.138865389811397
          ],
          [
            114.96653130963863,
            25.138865389811397
          ],
          [
            114.96638877495579,
            25.13858779738693
          ]
        ],
        "type": "LineString"
      },
      "properties": {
        "alternative_distance_m": 97126,
        "alternative_duration_s": 22094,
        "alternative_national_m": 17307,
        "alternative_unknown_m": 44975,
        "candidate_id": "xinfeng-west-county-chain",
        "current_distance_m": 73348,
        "current_duration_s": 17685,
        "current_national_m": 43240,
        "distance_delta_m": 23778,
        "duration_delta_s": 4409,
        "from_name": "信丰",
        "label": "避国道绕行线",
        "national_reduction_m": 25933,
        "review_status": "manual_review",
        "risk_tags": [],
        "road_class": "unknown",
        "road_name": "",
        "route_role": "alternative",
        "segment_id": "main-19-to-main-20",
        "step_distance_m": 1118,
        "step_index": 44,
        "to_name": "龙南"
      },
      "type": "Feature"
    },
    {
      "geometry": {
        "coordinates": [
          [
            114.96638478770518,
            25.138583808483013
          ],
          [
            114.9660338785604,
            25.138662749494696
          ],
          [
            114.96571386741287,
            25.138780601506042
          ],
          [
            114.96561018768728,
            25.13881187757672
          ],
          [
            114.96551049776262,
            25.1388071455368
          ],
          [
            114.9654147978064,
            25.13876440557209
          ],
          [
            114.9645933684614,
            25.13831963472344
          ],
          [
            114.9643461356019,
            25.138229298998446
          ],
          [
            114.96425940569975,
            25.1381775332688
          ],
          [
            114.96422052901927,
            25.138120640900585
          ],
          [
            114.9640092124916,
            25.137609241457213
          ],
          [
            114.9640092124916,
            25.137609241457213
          ],
          [
            114.96375801518484,
            25.137119944607015
          ],
          [
            114.96374506015727,
            25.13704198506219
          ],
          [
            114.96361547496373,
            25.136768348914867
          ],
          [
            114.96358058890658,
            25.136660449559898
          ],
          [
            114.96355866332622,
            25.136551516114594
          ],
          [
            114.9635935969377,
            25.135965471365903
          ],
          [
            114.96358064274015,
            25.135874512875255
          ],
          [
            114.96335536584955,
            25.13535014854746
          ],
          [
            114.96319088683242,
            25.135055604761376
          ],
          [
            114.96319088683242,
            25.135055604761376
          ],
          [
            114.96275426983719,
            25.134218817219207
          ],
          [
            114.96264661339426,
            25.13396311954626
          ],
          [
            114.96260674474168,
            25.133807236476407
          ],
          [
            114.96259879714307,
            25.133394291260707
          ],
          [
            114.96256789712511,
            25.13329937975371
          ],
          [
            114.96250808509278,
            25.133195544385888
          ],
          [
            114.96242135158928,
            25.1331307758667
          ],
          [
            114.96192785004017,
            25.13296207271132
          ],
          [
            114.96056498410267,
            25.13201166096082
          ],
          [
            114.96039151470256,
            25.131768124361663
          ],
          [
            114.96027088131888,
            25.13162544392201
          ],
          [
            114.96016221038832,
            25.13150873047258
          ],
          [
            114.96000667754517,
            25.131388136147162
          ],
          [
            114.95993290063676,
            25.13130533049449
          ],
          [
            114.95988504779666,
            25.13121445959042
          ],
          [
            114.95976442505456,
            25.130888792865772
          ],
          [
            114.95969464914218,
            25.13061199294742
          ],
          [
            114.95943944296117,
            25.129956693714885
          ],
          [
            114.95930087250159,
            25.129610072780007
          ],
          [
            114.95920217395538,
            25.12942333737543
          ],
          [
            114.95908453601733,
            25.1291546563403
          ],
          [
            114.95905064535162,
            25.129002754517575
          ],
          [
            114.95894696999487,
            25.12867804277035
          ],
          [
            114.95893400893655,
            25.12866107676992
          ],
          [
            114.95886821227943,
            25.12849125645732
          ],
          [
            114.95874358950704,
            25.12827958707745
          ],
          [
            114.95864389718203,
            25.128018859104476
          ],
          [
            114.95860003554539,
            25.12785898259306
          ],
          [
            114.95855321341948,
            25.127247152399573
          ],
          [
            114.9584884199084,
            25.126977337657816
          ],
          [
            114.95845752464321,
            25.12675643395561
          ],
          [
            114.95845354925872,
            25.126565460438474
          ],
          [
            114.95850543805463,
            25.12599238061924
          ],
          [
            114.95850147306294,
            25.125649420429866
          ],
          [
            114.9584486538452,
            25.125246587588514
          ],
          [
            114.95835794258305,
            25.124868847111827
          ],
          [
            114.9580468840759,
            25.124253675815503
          ],
          [
            114.95793820466517,
            25.124149954935454
          ],
          [
            114.95779163428209,
            25.12404132807877
          ],
          [
            114.95752341541298,
            25.123890005122384
          ],
          [
            114.95743167991401,
            25.123869233465477
          ],
          [
            114.95732797580322,
            25.123886487703846
          ],
          [
            114.9571724162826,
            25.1239518649886
          ],
          [
            114.95698194929254,
            25.12410831922501
          ],
          [
            114.95681741054882,
            25.124217713043514
          ],
          [
            114.9562071267186,
            25.12443118366248
          ],
          [
            114.95619914925953,
            25.124431203056112
          ],
          [
            114.95579628125968,
            25.124484175374327
          ],
          [
            114.95541135988898,
            25.124503102561818
          ],
          [
            114.95522089359638,
            25.124485562043105
          ],
          [
            114.95466644457873,
            25.124369898922126
          ],
          [
            114.95435929833516,
            25.12431863427781
          ],
          [
            114.95373601885858,
            25.12424211500048
          ],
          [
            114.95360138756031,
            25.124242431749817
          ],
          [
            114.9535285884408,
            25.124216605077418
          ],
          [
            114.9534976764837,
            25.124164682235747
          ],
          [
            114.95348870544218,
            25.124099709024147
          ]
        ],
        "type": "LineString"
      },
      "properties": {
        "alternative_distance_m": 97126,
        "alternative_duration_s": 22094,
        "alternative_national_m": 17307,
        "alternative_unknown_m": 44975,
        "candidate_id": "xinfeng-west-county-chain",
        "current_distance_m": 73348,
        "current_duration_s": 17685,
        "current_national_m": 43240,
        "distance_delta_m": 23778,
        "duration_delta_s": 4409,
        "from_name": "信丰",
        "label": "避国道绕行线",
        "national_reduction_m": 25933,
        "review_status": "manual_review",
        "risk_tags": [],
        "road_class": "unknown",
        "road_name": "",
        "route_role": "alternative",
        "segment_id": "main-19-to-main-20",
        "step_distance_m": 2487,
        "step_index": 45,
        "to_name": "龙南"
      },
      "type": "Feature"
    },
    {
      "geometry": {
        "coordinates": [
          [
            114.953484716614,
            25.124095718738516
          ],
          [
            114.95378791691911,
            25.12365204484036
          ],
          [
            114.95387867939408,
            25.123482845789617
          ],
          [
            114.95403925142766,
            25.12328648390829
          ],
          [
            114.95403925142766,
            25.12328648390829
          ],
          [
            114.95444615621774,
            25.122886554653512
          ],
          [
            114.95460174007277,
            25.122673203382433
          ],
          [
            114.9547094556156,
            25.122464965157903
          ],
          [
            114.95487003955483,
            25.12202662082269
          ],
          [
            114.95500468691615,
            25.12170432751781
          ],
          [
            114.95507350435332,
            25.12157017467625
          ],
          [
            114.95560206644663,
            25.1209829562891
          ],
          [
            114.95567088078495,
            25.120873799998396
          ],
          [
            114.95570978133063,
            25.120730718925216
          ],
          [
            114.95571379708676,
            25.120335744894344
          ],
          [
            114.9557616794517,
            25.120088651517204
          ],
          [
            114.9560000453624,
            25.119550123171493
          ],
          [
            114.95613867810566,
            25.11920181837083
          ],
          [
            114.95617757777072,
            25.119062736523052
          ],
          [
            114.95619054941145,
            25.118941716030914
          ],
          [
            114.95619055596457,
            25.118845724776026
          ],
          [
            114.95617261492575,
            25.118724779429876
          ],
          [
            114.9561167818101,
            25.1185899274026
          ],
          [
            114.95593929292808,
            25.11843437221781
          ],
          [
            114.95583558901191,
            25.11837362892061
          ],
          [
            114.95521235610356,
            25.118076158578585
          ],
          [
            114.95503086997026,
            25.11796360416825
          ],
          [
            114.9546928287186,
            25.11768643765115
          ],
          [
            114.95458513377429,
            25.1175917030432
          ],
          [
            114.95412643448377,
            25.117101837386684
          ],
          [
            114.95400079423013,
            25.116898153384867
          ],
          [
            114.9538622014303,
            25.11651251631314
          ],
          [
            114.95381433961893,
            25.116412638439385
          ],
          [
            114.953727586113,
            25.116286854507035
          ],
          [
            114.95361988666335,
            25.11620511551573
          ],
          [
            114.95284899915497,
            25.116011936622932
          ],
          [
            114.9527193516177,
            25.11599024002411
          ],
          [
            114.952420160739,
            25.115968935446585
          ],
          [
            114.95209602903667,
            25.116013679260572
          ],
          [
            114.95201325040006,
            25.116021868972453
          ],
          [
            114.9519055393229,
            25.11601411719956
          ],
          [
            114.9517888539155,
            25.115975388498622
          ],
          [
            114.95136000910223,
            25.11578538618059
          ],
          [
            114.9510917232029,
            25.115742000228128
          ],
          [
            114.95066784006994,
            25.115760957385415
          ],
          [
            114.95041250564995,
            25.115830525641123
          ],
          [
            114.95013023644708,
            25.115939148347024
          ],
          [
            114.94997064919275,
            25.115987500435324
          ],
          [
            114.9498280198587,
            25.115992817903262
          ],
          [
            114.94968040337379,
            25.11598814669054
          ],
          [
            114.94918668489265,
            25.115902247492567
          ],
          [
            114.94891438942098,
            25.115829853364975
          ],
          [
            114.94874582875897,
            25.115717233454635
          ],
          [
            114.94862415125928,
            25.11554751545823
          ],
          [
            114.94862415125928,
            25.11554751545823
          ],
          [
            114.94856331651745,
            25.115400662045673
          ],
          [
            114.94845960627183,
            25.115027923113285
          ],
          [
            114.94843767636904,
            25.114818990451266
          ],
          [
            114.94845563862361,
            25.1147019622586
          ]
        ],
        "type": "LineString"
      },
      "properties": {
        "alternative_distance_m": 97126,
        "alternative_duration_s": 22094,
        "alternative_national_m": 17307,
        "alternative_unknown_m": 44975,
        "candidate_id": "xinfeng-west-county-chain",
        "current_distance_m": 73348,
        "current_duration_s": 17685,
        "current_national_m": 43240,
        "distance_delta_m": 23778,
        "duration_delta_s": 4409,
        "from_name": "信丰",
        "label": "避国道绕行线",
        "national_reduction_m": 25933,
        "review_status": "manual_review",
        "risk_tags": [],
        "road_class": "unknown",
        "road_name": "",
        "route_role": "alternative",
        "segment_id": "main-19-to-main-20",
        "step_distance_m": 1696,
        "step_index": 46,
        "to_name": "龙南"
      },
      "type": "Feature"
    },
    {
      "geometry": {
        "coordinates": [
          [
            114.94845563889591,
            25.114697962632576
          ],
          [
            114.94850751208496,
            25.1146198568293
          ],
          [
            114.94857634049204,
            25.11456271194658
          ],
          [
            114.94943816814391,
            25.113970872509004
          ],
          [
            114.94960275480656,
            25.11378852487912
          ],
          [
            114.94963268205814,
            25.113718465047544
          ],
          [
            114.94965064731372,
            25.113545441463163
          ],
          [
            114.94963269826523,
            25.1134804874462
          ],
          [
            114.94950305877408,
            25.11311580943022
          ],
          [
            114.94922183106817,
            25.112435495675772
          ],
          [
            114.94910913118761,
            25.112287758126367
          ],
          [
            114.94891863068754,
            25.112136191455285
          ],
          [
            114.94875405860704,
            25.112041561355166
          ],
          [
            114.948213453755,
            25.111777765402792
          ],
          [
            114.94776260393141,
            25.11162675521926
          ],
          [
            114.94667234819678,
            25.111325113259724
          ],
          [
            114.94657259831735,
            25.111277328829416
          ],
          [
            114.94645589371363,
            25.11117358516432
          ],
          [
            114.94636912251795,
            25.110956788805776
          ],
          [
            114.94635117322744,
            25.11086183569913
          ],
          [
            114.94635117322744,
            25.11086183569913
          ],
          [
            114.9464988439301,
            25.110348573604323
          ],
          [
            114.94668540172144,
            25.110066206323996
          ],
          [
            114.94675424765936,
            25.10982308386416
          ],
          [
            114.94693185481675,
            25.109115775064762
          ],
          [
            114.94708748776961,
            25.10881547278561
          ],
          [
            114.94735187375055,
            25.108133974089448
          ],
          [
            114.94750749585292,
            25.10795565780181
          ],
          [
            114.94759030388538,
            25.107721502735927
          ],
          [
            114.94768507949425,
            25.107517318770373
          ],
          [
            114.9478067877581,
            25.107300077702533
          ],
          [
            114.94790155638094,
            25.10718688417895
          ],
          [
            114.9479324853713,
            25.107082827519346
          ],
          [
            114.94795344755892,
            25.106860803938446
          ]
        ],
        "type": "LineString"
      },
      "properties": {
        "alternative_distance_m": 97126,
        "alternative_duration_s": 22094,
        "alternative_national_m": 17307,
        "alternative_unknown_m": 44975,
        "candidate_id": "xinfeng-west-county-chain",
        "current_distance_m": 73348,
        "current_duration_s": 17685,
        "current_national_m": 43240,
        "distance_delta_m": 23778,
        "duration_delta_s": 4409,
        "from_name": "信丰",
        "label": "避国道绕行线",
        "national_reduction_m": 25933,
        "review_status": "manual_review",
        "risk_tags": [],
        "road_class": "unknown",
        "road_name": "",
        "route_role": "alternative",
        "segment_id": "main-19-to-main-20",
        "step_distance_m": 1144,
        "step_index": 47,
        "to_name": "龙南"
      },
      "type": "Feature"
    },
    {
      "geometry": {
        "coordinates": [
          [
            114.94795344783108,
            25.1068568043297
          ],
          [
            114.9481359954299,
            25.10671742268509
          ],
          [
            114.94825270627425,
            25.10661717917127
          ]
        ],
        "type": "LineString"
      },
      "properties": {
        "alternative_distance_m": 97126,
        "alternative_duration_s": 22094,
        "alternative_national_m": 17307,
        "alternative_unknown_m": 44975,
        "candidate_id": "xinfeng-west-county-chain",
        "current_distance_m": 73348,
        "current_duration_s": 17685,
        "current_national_m": 43240,
        "distance_delta_m": 23778,
        "duration_delta_s": 4409,
        "from_name": "信丰",
        "label": "避国道绕行线",
        "national_reduction_m": 25933,
        "review_status": "manual_review",
        "risk_tags": [],
        "road_class": "unknown",
        "road_name": "",
        "route_role": "alternative",
        "segment_id": "main-19-to-main-20",
        "step_distance_m": 40,
        "step_index": 48,
        "to_name": "龙南"
      },
      "type": "Feature"
    },
    {
      "geometry": {
        "coordinates": [
          [
            114.94825270654644,
            25.106613179563045
          ],
          [
            114.9480961127555,
            25.106478532587406
          ],
          [
            114.9480961127555,
            25.106478532587406
          ],
          [
            114.94789762551416,
            25.106318977748927
          ]
        ],
        "type": "LineString"
      },
      "properties": {
        "alternative_distance_m": 97126,
        "alternative_duration_s": 22094,
        "alternative_national_m": 17307,
        "alternative_unknown_m": 44975,
        "candidate_id": "xinfeng-west-county-chain",
        "current_distance_m": 73348,
        "current_duration_s": 17685,
        "current_national_m": 43240,
        "distance_delta_m": 23778,
        "duration_delta_s": 4409,
        "from_name": "信丰",
        "label": "避国道绕行线",
        "national_reduction_m": 25933,
        "review_status": "manual_review",
        "risk_tags": [],
        "road_class": "unknown",
        "road_name": "",
        "route_role": "alternative",
        "segment_id": "main-19-to-main-20",
        "step_distance_m": 48,
        "step_index": 49,
        "to_name": "龙南"
      },
      "type": "Feature"
    },
    {
      "geometry": {
        "coordinates": [
          [
            114.9478936359266,
            25.10631398685797
          ],
          [
            114.94813605333684,
            25.10586650618254
          ],
          [
            114.94861191994525,
            25.10474158139222
          ],
          [
            114.94866379991213,
            25.104559486032656
          ],
          [
            114.94866379991213,
            25.104559486032656
          ],
          [
            114.94879853425577,
            25.103404306001835
          ],
          [
            114.94878558159132,
            25.103196355153123
          ],
          [
            114.94875466776577,
            25.103092433261185
          ],
          [
            114.94868086439219,
            25.102975606488652
          ],
          [
            114.94853025852177,
            25.10283194993387
          ],
          [
            114.94844348310087,
            25.102780144365855
          ],
          [
            114.94823102951257,
            25.10268561606237
          ],
          [
            114.94727844344473,
            25.10247469033468
          ],
          [
            114.9465123532691,
            25.102389326848634
          ],
          [
            114.9464385372658,
            25.102363485198442
          ],
          [
            114.94637769051519,
            25.10231661814645
          ],
          [
            114.94631285793051,
            25.102203765976576
          ],
          [
            114.94623506829092,
            25.101925957478446
          ],
          [
            114.94617422703217,
            25.10179109883634
          ],
          [
            114.94610940507326,
            25.101514262723388
          ],
          [
            114.94608853969169,
            25.100290430209505
          ],
          [
            114.94613543822707,
            25.100090352164397
          ],
          [
            114.9461873176216,
            25.099990253444417
          ],
          [
            114.94626114204657,
            25.09990310718823
          ],
          [
            114.94652550829615,
            25.099638577036146
          ],
          [
            114.94663324782124,
            25.09955135817679
          ],
          [
            114.94707117531846,
            25.099329450850465
          ],
          [
            114.94728365501082,
            25.099181012338914
          ],
          [
            114.94747818029079,
            25.09899861424068
          ],
          [
            114.9476377937355,
            25.098789292703856
          ],
          [
            114.94774653755664,
            25.098533084763986
          ],
          [
            114.94778145845144,
            25.098403022799904
          ],
          [
            114.94779842544365,
            25.098260000859444
          ],
          [
            114.94773763069684,
            25.097496210333013
          ],
          [
            114.94773763069684,
            25.097496210333013
          ],
          [
            114.94771173026798,
            25.096992318022064
          ],
          [
            114.9476598740359,
            25.096797449766495
          ],
          [
            114.94758208374407,
            25.096589638523874
          ],
          [
            114.94719710653408,
            25.09573055227383
          ],
          [
            114.94711931218157,
            25.095561735832813
          ],
          [
            114.94700161810059,
            25.095376005915295
          ],
          [
            114.9468330492807,
            25.095198382723318
          ],
          [
            114.94634827770328,
            25.09476545268282
          ]
        ],
        "type": "LineString"
      },
      "properties": {
        "alternative_distance_m": 97126,
        "alternative_duration_s": 22094,
        "alternative_national_m": 17307,
        "alternative_unknown_m": 44975,
        "candidate_id": "xinfeng-west-county-chain",
        "current_distance_m": 73348,
        "current_duration_s": 17685,
        "current_national_m": 43240,
        "distance_delta_m": 23778,
        "duration_delta_s": 4409,
        "from_name": "信丰",
        "label": "避国道绕行线",
        "national_reduction_m": 25933,
        "review_status": "manual_review",
        "risk_tags": [],
        "road_class": "unknown",
        "road_name": "",
        "route_role": "alternative",
        "segment_id": "main-19-to-main-20",
        "step_distance_m": 1592,
        "step_index": 50,
        "to_name": "龙南"
      },
      "type": "Feature"
    },
    {
      "geometry": {
        "coordinates": [
          [
            114.94634428787226,
            25.094760461603336
          ],
          [
            114.94623159152185,
            25.09437473888126
          ],
          [
            114.9461188816826,
            25.09417999583701
          ],
          [
            114.94605005554823,
            25.094106147818987
          ],
          [
            114.94595828424356,
            25.094049345850152
          ],
          [
            114.9457677552213,
            25.093971751805046
          ],
          [
            114.9457677552213,
            25.093971751805046
          ],
          [
            114.94557722536047,
            25.093885157396493
          ],
          [
            114.94544754545582,
            25.0938124341474
          ],
          [
            114.9453956745826,
            25.09376454664398
          ],
          [
            114.94514430693017,
            25.093413102955495
          ],
          [
            114.94514430693017,
            25.093413102955495
          ],
          [
            114.94448700063427,
            25.09172662804767
          ],
          [
            114.94448700063427,
            25.09172662804767
          ],
          [
            114.94424459258332,
            25.09151914293985
          ],
          [
            114.94391937731226,
            25.091323821554457
          ],
          [
            114.94391937731226,
            25.091323821554457
          ],
          [
            114.94329185488823,
            25.09130408209895
          ],
          [
            114.94329185488823,
            25.09130408209895
          ],
          [
            114.94276308697177,
            25.09129213237263
          ],
          [
            114.94276308697177,
            25.09129213237263
          ],
          [
            114.94229117893785,
            25.091249064274113
          ]
        ],
        "type": "LineString"
      },
      "properties": {
        "alternative_distance_m": 97126,
        "alternative_duration_s": 22094,
        "alternative_national_m": 17307,
        "alternative_unknown_m": 44975,
        "candidate_id": "xinfeng-west-county-chain",
        "current_distance_m": 73348,
        "current_duration_s": 17685,
        "current_national_m": 43240,
        "distance_delta_m": 23778,
        "duration_delta_s": 4409,
        "from_name": "信丰",
        "label": "避国道绕行线",
        "national_reduction_m": 25933,
        "review_status": "manual_review",
        "risk_tags": [],
        "road_class": "unknown",
        "road_name": "",
        "route_role": "alternative",
        "segment_id": "main-19-to-main-20",
        "step_distance_m": 636,
        "step_index": 51,
        "to_name": "龙南"
      },
      "type": "Feature"
    },
    {
      "geometry": {
        "coordinates": [
          [
            114.94228718837891,
            25.091245072502986
          ],
          [
            114.94250775116875,
            25.09020775031151
          ],
          [
            114.94250775116875,
            25.09020775031151
          ],
          [
            114.94279417734008,
            25.088905325165857
          ],
          [
            114.94279417734008,
            25.088905325165857
          ],
          [
            114.94311851410752,
            25.087567826215846
          ],
          [
            114.94323526753791,
            25.087185635137352
          ]
        ],
        "type": "LineString"
      },
      "properties": {
        "alternative_distance_m": 97126,
        "alternative_duration_s": 22094,
        "alternative_national_m": 17307,
        "alternative_unknown_m": 44975,
        "candidate_id": "xinfeng-west-county-chain",
        "current_distance_m": 73348,
        "current_duration_s": 17685,
        "current_national_m": 43240,
        "distance_delta_m": 23778,
        "duration_delta_s": 4409,
        "from_name": "信丰",
        "label": "避国道绕行线",
        "national_reduction_m": 25933,
        "review_status": "manual_review",
        "risk_tags": [],
        "road_class": "national",
        "road_name": "105国道",
        "route_role": "alternative",
        "segment_id": "main-19-to-main-20",
        "step_distance_m": 459,
        "step_index": 52,
        "to_name": "龙南"
      },
      "type": "Feature"
    },
    {
      "geometry": {
        "coordinates": [
          [
            114.94323526787738,
            25.087180635676035
          ],
          [
            114.94323527106846,
            25.08713364074026
          ],
          [
            114.94333106654078,
            25.08684648078535
          ]
        ],
        "type": "LineString"
      },
      "properties": {
        "alternative_distance_m": 97126,
        "alternative_duration_s": 22094,
        "alternative_national_m": 17307,
        "alternative_unknown_m": 44975,
        "candidate_id": "xinfeng-west-county-chain",
        "current_distance_m": 73348,
        "current_duration_s": 17685,
        "current_national_m": 43240,
        "distance_delta_m": 23778,
        "duration_delta_s": 4409,
        "from_name": "信丰",
        "label": "避国道绕行线",
        "national_reduction_m": 25933,
        "review_status": "manual_review",
        "risk_tags": [],
        "road_class": "national",
        "road_name": "105国道",
        "route_role": "alternative",
        "segment_id": "main-19-to-main-20",
        "step_distance_m": 38,
        "step_index": 53,
        "to_name": "龙南"
      },
      "type": "Feature"
    },
    {
      "geometry": {
        "coordinates": [
          [
            114.94333106681236,
            25.086842481216934
          ],
          [
            114.94317544449208,
            25.086638813279244
          ],
          [
            114.94317544449208,
            25.086638813279244
          ],
          [
            114.94301083881216,
            25.08648315707768
          ],
          [
            114.94282029579335,
            25.086274556873967
          ],
          [
            114.94282029579335,
            25.086274556873967
          ],
          [
            114.94245616546408,
            25.085867318086454
          ],
          [
            114.94245616546408,
            25.085867318086454
          ],
          [
            114.9421359258021,
            25.085507983606867
          ],
          [
            114.9421359258021,
            25.085507983606867
          ],
          [
            114.94162014088637,
            25.084936046723804
          ],
          [
            114.9414565207462,
            25.08480237668275
          ],
          [
            114.94141262301355,
            25.08475846591261
          ],
          [
            114.94133480410535,
            25.08468062391454
          ],
          [
            114.94133480410535,
            25.08468062391454
          ],
          [
            114.9402263667529,
            25.08340686761852
          ],
          [
            114.9402263667529,
            25.08340686761852
          ],
          [
            114.94014355641193,
            25.08330703388385
          ],
          [
            114.93992704135081,
            25.083186451949366
          ],
          [
            114.93964166957622,
            25.083142987521814
          ],
          [
            114.93947702835703,
            25.083148291736073
          ],
          [
            114.93895714491562,
            25.08329223143784
          ],
          [
            114.93895714491562,
            25.08329223143784
          ],
          [
            114.9387845145376,
            25.083318543486214
          ],
          [
            114.93852007561881,
            25.08339701503154
          ],
          [
            114.93852007561881,
            25.08339701503154
          ],
          [
            114.93809097932568,
            25.083527773952497
          ],
          [
            114.93784848933822,
            25.083559204264418
          ],
          [
            114.93705115908942,
            25.08349962053115
          ],
          [
            114.93677872825519,
            25.083404106854896
          ],
          [
            114.93677872825519,
            25.083404106854896
          ],
          [
            114.93668392558394,
            25.083370275457597
          ],
          [
            114.93622887910387,
            25.083032099008314
          ],
          [
            114.93604725348355,
            25.082950419546783
          ],
          [
            114.93587361210044,
            25.082841728113046
          ],
          [
            114.93518902687728,
            25.08220495571692
          ],
          [
            114.93508524062243,
            25.08209214197351
          ],
          [
            114.93483375267763,
            25.081875585232357
          ]
        ],
        "type": "LineString"
      },
      "properties": {
        "alternative_distance_m": 97126,
        "alternative_duration_s": 22094,
        "alternative_national_m": 17307,
        "alternative_unknown_m": 44975,
        "candidate_id": "xinfeng-west-county-chain",
        "current_distance_m": 73348,
        "current_duration_s": 17685,
        "current_national_m": 43240,
        "distance_delta_m": 23778,
        "duration_delta_s": 4409,
        "from_name": "信丰",
        "label": "避国道绕行线",
        "national_reduction_m": 25933,
        "review_status": "manual_review",
        "risk_tags": [],
        "road_class": "unknown",
        "road_name": "崇小段",
        "route_role": "alternative",
        "segment_id": "main-19-to-main-20",
        "step_distance_m": 1119,
        "step_index": 54,
        "to_name": "龙南"
      },
      "type": "Feature"
    },
    {
      "geometry": {
        "coordinates": [
          [
            114.93482976082007,
            25.08187159230882
          ],
          [
            114.93473894559448,
            25.081784752683667
          ],
          [
            114.93428384724577,
            25.081624520950257
          ],
          [
            114.9340892296884,
            25.081559846475216
          ],
          [
            114.9333346963321,
            25.081305094247472
          ],
          [
            114.93179759858059,
            25.080852555828105
          ],
          [
            114.93135142336266,
            25.08067925653534
          ],
          [
            114.9311997038701,
            25.080588496434157
          ],
          [
            114.93103900209091,
            25.080458753211726
          ],
          [
            114.93081841270451,
            25.08023310920032
          ]
        ],
        "type": "LineString"
      },
      "properties": {
        "alternative_distance_m": 97126,
        "alternative_duration_s": 22094,
        "alternative_national_m": 17307,
        "alternative_unknown_m": 44975,
        "candidate_id": "xinfeng-west-county-chain",
        "current_distance_m": 73348,
        "current_duration_s": 17685,
        "current_national_m": 43240,
        "distance_delta_m": 23778,
        "duration_delta_s": 4409,
        "from_name": "信丰",
        "label": "避国道绕行线",
        "national_reduction_m": 25933,
        "review_status": "manual_review",
        "risk_tags": [],
        "road_class": "unknown",
        "road_name": "崇小段",
        "route_role": "alternative",
        "segment_id": "main-19-to-main-20",
        "step_distance_m": 451,
        "step_index": 55,
        "to_name": "龙南"
      },
      "type": "Feature"
    },
    {
      "geometry": {
        "coordinates": [
          [
            114.9308134218928,
            25.080229117107443
          ],
          [
            114.93071461263337,
            25.080016288304847
          ],
          [
            114.93065772748021,
            25.079816395290262
          ],
          [
            114.93044119514894,
            25.078584853995864
          ],
          [
            114.93041125372281,
            25.078501907553072
          ],
          [
            114.93033739357848,
            25.078363032164706
          ],
          [
            114.93022460399227,
            25.078190217630823
          ],
          [
            114.92851367112789,
            25.07632188120261
          ],
          [
            114.92714002729669,
            25.07490492061835
          ],
          [
            114.92684552271132,
            25.074571350759413
          ],
          [
            114.92658995318925,
            25.074223727637335
          ],
          [
            114.92641225424035,
            25.073928994076947
          ],
          [
            114.92635535272451,
            25.07379908315707
          ],
          [
            114.92629944860474,
            25.073682169324996
          ],
          [
            114.92611277500374,
            25.073183468467185
          ],
          [
            114.92502965199424,
            25.070047204262035
          ],
          [
            114.92496476196207,
            25.069869305603152
          ],
          [
            114.92489587334332,
            25.06975640422609
          ],
          [
            114.9248040163153,
            25.069682526556807
          ],
          [
            114.92463527336183,
            25.0696137425877
          ],
          [
            114.92366470871303,
            25.069457933188943
          ],
          [
            114.92343504643105,
            25.069350217056954
          ],
          [
            114.9232483243265,
            25.069185455073853
          ],
          [
            114.92307558627148,
            25.068938684834148
          ],
          [
            114.92291083821608,
            25.06865190872566
          ],
          [
            114.92121635800173,
            25.065616153845312
          ],
          [
            114.92095573016647,
            25.065191483231263
          ],
          [
            114.92078296888376,
            25.065000689292333
          ],
          [
            114.92069209207497,
            25.064926794049804
          ],
          [
            114.92044442036067,
            25.064805068334334
          ],
          [
            114.91982022255473,
            25.064671727108585
          ],
          [
            114.91903121304443,
            25.064442542072868
          ],
          [
            114.91903121304443,
            25.064442542072868
          ],
          [
            114.91764388025666,
            25.064030908521904
          ],
          [
            114.91748806217575,
            25.06397505773784
          ],
          [
            114.91724134999048,
            25.063853295696113
          ],
          [
            114.91705057375464,
            25.063710483567753
          ],
          [
            114.91596681533265,
            25.062826528489094
          ],
          [
            114.91587092267973,
            25.062743618967833
          ],
          [
            114.9147261752545,
            25.061655678913127
          ],
          [
            114.9145793278984,
            25.061564804853923
          ],
          [
            114.91440550315859,
            25.061516945586
          ],
          [
            114.91234142799385,
            25.061548441095674
          ],
          [
            114.90999935273254,
            25.061588904001884
          ],
          [
            114.90938381147242,
            25.06162024481852
          ],
          [
            114.9091499774347,
            25.061681363954765
          ],
          [
            114.90755801094024,
            25.0624450681798
          ],
          [
            114.90755801094024,
            25.0624450681798
          ],
          [
            114.90700234621826,
            25.06264529491187
          ],
          [
            114.90665954139156,
            25.06282742091386
          ],
          [
            114.90628674708704,
            25.063023552160576
          ],
          [
            114.90568405351992,
            25.063509731168807
          ]
        ],
        "type": "LineString"
      },
      "properties": {
        "alternative_distance_m": 97126,
        "alternative_duration_s": 22094,
        "alternative_national_m": 17307,
        "alternative_unknown_m": 44975,
        "candidate_id": "xinfeng-west-county-chain",
        "current_distance_m": 73348,
        "current_duration_s": 17685,
        "current_national_m": 43240,
        "distance_delta_m": 23778,
        "duration_delta_s": 4409,
        "from_name": "信丰",
        "label": "避国道绕行线",
        "national_reduction_m": 25933,
        "review_status": "manual_review",
        "risk_tags": [],
        "road_class": "unknown",
        "road_name": "崇小段",
        "route_role": "alternative",
        "segment_id": "main-19-to-main-20",
        "step_distance_m": 3753,
        "step_index": 56,
        "to_name": "龙南"
      },
      "type": "Feature"
    },
    {
      "geometry": {
        "coordinates": [
          [
            114.90568005570913,
            25.063509732682025
          ],
          [
            114.90530630246388,
            25.06283295089703
          ],
          [
            114.90291171503632,
            25.05853719916366
          ],
          [
            114.90276883733199,
            25.057582349580652
          ],
          [
            114.90296887838151,
            25.055763518332512
          ],
          [
            114.90296887838151,
            25.055763518332512
          ],
          [
            114.90301188458514,
            25.055407550294145
          ],
          [
            114.90312487597737,
            25.054835590046856
          ],
          [
            114.90312487597737,
            25.054835590046856
          ],
          [
            114.90328086192908,
            25.054062642156623
          ],
          [
            114.90365478534022,
            25.05277369469185
          ],
          [
            114.90410564163001,
            25.05184467399237
          ],
          [
            114.90454349181387,
            25.050950644434856
          ],
          [
            114.90465251433399,
            25.04981774753945
          ],
          [
            114.90465251433399,
            25.04981774753945
          ],
          [
            114.90485255176057,
            25.04777393215431
          ],
          [
            114.9049995472796,
            25.046728011001907
          ],
          [
            114.90499962117842,
            25.045630147273783
          ],
          [
            114.90469589315447,
            25.043872469844512
          ],
          [
            114.9041102908231,
            25.04217187061715
          ],
          [
            114.9035375953444,
            25.041516121808524
          ],
          [
            114.90345563530727,
            25.04145615230691
          ],
          [
            114.90309579526428,
            25.041364261109845
          ],
          [
            114.90299184198525,
            25.04131229465644
          ],
          [
            114.90288689557384,
            25.041156341044545
          ],
          [
            114.9028829170523,
            25.040861379152478
          ],
          [
            114.90287892339188,
            25.040791388968984
          ],
          [
            114.90289993783503,
            25.04044942670859
          ],
          [
            114.90287396889035,
            25.040145471574913
          ],
          [
            114.90280901509695,
            25.0398505250579
          ],
          [
            114.90280901980633,
            25.03978053388634
          ],
          [
            114.9028270175062,
            25.03970653872767
          ],
          [
            114.9028270175062,
            25.03970653872767
          ],
          [
            114.90308292825847,
            25.039468503288155
          ],
          [
            114.90318289507046,
            25.039337493454465
          ],
          [
            114.903238877724,
            25.039242490487272
          ],
          [
            114.903238877724,
            25.039242490487272
          ],
          [
            114.90326889299767,
            25.03882553510452
          ],
          [
            114.90320894596287,
            25.038417602817304
          ],
          [
            114.9032089520849,
            25.038326614334036
          ],
          [
            114.9033079268398,
            25.03807461957502
          ],
          [
            114.90348587221233,
            25.03774061284534
          ],
          [
            114.90348587221233,
            25.03774061284534
          ],
          [
            114.90377277055349,
            25.03735457972135
          ],
          [
            114.90394572198284,
            25.036903585711155
          ],
          [
            114.90401570779413,
            25.03663359889012
          ],
          [
            114.90401570779413,
            25.03663359889012
          ],
          [
            114.9040676990758,
            25.03640361229327
          ],
          [
            114.90431973291047,
            25.034129823722804
          ],
          [
            114.90372109790331,
            25.03283717099324
          ],
          [
            114.90359119765169,
            25.03221628796514
          ],
          [
            114.9035822103784,
            25.032086307207507
          ],
          [
            114.9035822103784,
            25.032086307207507
          ],
          [
            114.90369918310758,
            25.031717321081658
          ],
          [
            114.90385513889373,
            25.031326325696245
          ],
          [
            114.90372124359008,
            25.030671449246707
          ],
          [
            114.90370327473718,
            25.03032849864183
          ],
          [
            114.90395519051457,
            25.029877482469267
          ],
          [
            114.90425908577794,
            25.029317461299755
          ]
        ],
        "type": "LineString"
      },
      "properties": {
        "alternative_distance_m": 97126,
        "alternative_duration_s": 22094,
        "alternative_national_m": 17307,
        "alternative_unknown_m": 44975,
        "candidate_id": "xinfeng-west-county-chain",
        "current_distance_m": 73348,
        "current_duration_s": 17685,
        "current_national_m": 43240,
        "distance_delta_m": 23778,
        "duration_delta_s": 4409,
        "from_name": "信丰",
        "label": "避国道绕行线",
        "national_reduction_m": 25933,
        "review_status": "manual_review",
        "risk_tags": [],
        "road_class": "unknown",
        "road_name": "",
        "route_role": "alternative",
        "segment_id": "main-19-to-main-20",
        "step_distance_m": 4025,
        "step_index": 57,
        "to_name": "龙南"
      },
      "type": "Feature"
    },
    {
      "geometry": {
        "coordinates": [
          [
            114.90425908611422,
            25.0293124619454
          ],
          [
            114.90392025571097,
            25.029147587186166
          ],
          [
            114.9037513450991,
            25.028961661103626
          ],
          [
            114.90366439232646,
            25.028839702052753
          ],
          [
            114.90359544076217,
            25.028575755916048
          ],
          [
            114.90356946282023,
            25.028418783602767
          ],
          [
            114.90356946282023,
            25.028418783602767
          ],
          [
            114.90349155024474,
            25.02762890784118
          ],
          [
            114.90349155024474,
            25.02762890784118
          ],
          [
            114.90330075170652,
            25.025863189688398
          ],
          [
            114.90330075170652,
            25.025863189688398
          ],
          [
            114.90317488730717,
            25.024643382329092
          ],
          [
            114.90277113778173,
            25.023393649074958
          ],
          [
            114.90255027642284,
            25.022634801906364
          ],
          [
            114.90255027642284,
            25.022634801906364
          ],
          [
            114.90243334838,
            25.022239881096557
          ],
          [
            114.90243334838,
            25.022239881096557
          ],
          [
            114.90201253940613,
            25.021745039797914
          ],
          [
            114.90144376897344,
            25.021294213212315
          ],
          [
            114.90109689841704,
            25.021059306653846
          ],
          [
            114.90107090958318,
            25.021016316771817
          ],
          [
            114.90107091307877,
            25.02096432359586
          ],
          [
            114.90115290091512,
            25.020755336812492
          ]
        ],
        "type": "LineString"
      },
      "properties": {
        "alternative_distance_m": 97126,
        "alternative_duration_s": 22094,
        "alternative_national_m": 17307,
        "alternative_unknown_m": 44975,
        "candidate_id": "xinfeng-west-county-chain",
        "current_distance_m": 73348,
        "current_duration_s": 17685,
        "current_national_m": 43240,
        "distance_delta_m": 23778,
        "duration_delta_s": 4409,
        "from_name": "信丰",
        "label": "避国道绕行线",
        "national_reduction_m": 25933,
        "review_status": "manual_review",
        "risk_tags": [],
        "road_class": "unknown",
        "road_name": "",
        "route_role": "alternative",
        "segment_id": "main-19-to-main-20",
        "step_distance_m": 1051,
        "step_index": 58,
        "to_name": "龙南"
      },
      "type": "Feature"
    },
    {
      "geometry": {
        "coordinates": [
          [
            114.90115290118402,
            25.020751337337646
          ],
          [
            114.90006426310897,
            25.020143581634542
          ],
          [
            114.8995434141192,
            25.019874677047046
          ],
          [
            114.89894457001839,
            25.0195837695093
          ],
          [
            114.89760785728303,
            25.01889392417164
          ],
          [
            114.89696996390899,
            25.01855997093047
          ],
          [
            114.89696996390899,
            25.01855997093047
          ],
          [
            114.89300318462365,
            25.01648586390397
          ],
          [
            114.89243515377449,
            25.016198791736333
          ],
          [
            114.89202211938648,
            25.0160247260209
          ],
          [
            114.89147505875185,
            25.015833622578818
          ],
          [
            114.89147505875185,
            25.015833622578818
          ],
          [
            114.89093698231835,
            25.015690502506036
          ],
          [
            114.89054691640028,
            25.01561640387583
          ],
          [
            114.89038188566927,
            25.015595358848717
          ],
          [
            114.8901168339974,
            25.015556284829138
          ],
          [
            114.88811532658714,
            25.015433608048433
          ],
          [
            114.88769419712423,
            25.015394446200137
          ],
          [
            114.88713001238742,
            25.015320220786855
          ],
          [
            114.88671786984419,
            25.015242051023993
          ],
          [
            114.88671786984419,
            25.015242051023993
          ],
          [
            114.88609263989298,
            25.015107782300596
          ],
          [
            114.8831002999942,
            25.014403285631154
          ],
          [
            114.8825580159895,
            25.014254978905466
          ],
          [
            114.88236191148431,
            25.01418086785089
          ],
          [
            114.8821017741453,
            25.014024725882575
          ],
          [
            114.8816455308092,
            25.013681479721686
          ],
          [
            114.88144542455811,
            25.013481375786043
          ],
          [
            114.88144542455811,
            25.013481375786043
          ],
          [
            114.88126733256698,
            25.013243289955604
          ],
          [
            114.8810632281554,
            25.012930195438894
          ],
          [
            114.88092016186278,
            25.012592144014906
          ],
          [
            114.88083812823459,
            25.012327123656704
          ],
          [
            114.88075511176272,
            25.011793138206084
          ],
          [
            114.88060812065402,
            25.010270240524967
          ],
          [
            114.88058214112284,
            25.009718296353718
          ],
          [
            114.88047309818137,
            25.009315274804994
          ],
          [
            114.88032102972066,
            25.00886822865388
          ],
          [
            114.87983077050303,
            25.00790001068079
          ],
          [
            114.87957463000934,
            25.00740889123742
          ],
          [
            114.87943955863352,
            25.00709283491758
          ],
          [
            114.87940054053837,
            25.006961823850503
          ],
          [
            114.87935252421137,
            25.006710822204617
          ],
          [
            114.87932253056424,
            25.006306854325423
          ],
          [
            114.8793226046172,
            25.00520500245749
          ],
          [
            114.87930061649013,
            25.004801040569266
          ],
          [
            114.87923559489387,
            25.004449039839297
          ],
          [
            114.87912754027992,
            25.004137001555346
          ],
          [
            114.87908352191255,
            25.00394999390562
          ],
          [
            114.8790625161244,
            25.003815996261686
          ],
          [
            114.87906653124007,
            25.00363302391969
          ],
          [
            114.87906653124007,
            25.00363302391969
          ],
          [
            114.87909255767767,
            25.003512059665745
          ],
          [
            114.87919264099288,
            25.00331616060021
          ],
          [
            114.88116015473605,
            25.00002399280134
          ],
          [
            114.88116015473605,
            25.00002399280134
          ],
          [
            114.88168953789886,
            24.999074469233886
          ],
          [
            114.88185064812681,
            24.9988446040776
          ],
          [
            114.88185064812681,
            24.9988446040776
          ],
          [
            114.88224591381827,
            24.998279930736345
          ],
          [
            114.88317549239754,
            24.997239635877005
          ],
          [
            114.88334859695813,
            24.997030765493506
          ],
          [
            114.8834226427971,
            24.996918823647007
          ],
          [
            114.88347067222296,
            24.996848860892772
          ],
          [
            114.88364878659175,
            24.996498010647805
          ],
          [
            114.88418715306328,
            24.995000515222756
          ],
          [
            114.88431323038994,
            24.99474861830365
          ],
          [
            114.88441328769662,
            24.99460169244563
          ],
          [
            114.88472545558503,
            24.994262904898235
          ],
          [
            114.88537678656753,
            24.99363432492092
          ],
          [
            114.88561990691628,
            24.993374480762625
          ],
          [
            114.88561990691628,
            24.993374480762625
          ],
          [
            114.88644130561725,
            24.992320013708248
          ],
          [
            114.88770486311815,
            24.990636788335813
          ],
          [
            114.88770486311815,
            24.990636788335813
          ],
          [
            114.88852918705274,
            24.98954325778705
          ],
          [
            114.88852918705274,
            24.98954325778705
          ],
          [
            114.88915041101241,
            24.988710594200196
          ],
          [
            114.88915041101241,
            24.988710594200196
          ],
          [
            114.88987965038756,
            24.987742967305813
          ]
        ],
        "type": "LineString"
      },
      "properties": {
        "alternative_distance_m": 97126,
        "alternative_duration_s": 22094,
        "alternative_national_m": 17307,
        "alternative_unknown_m": 44975,
        "candidate_id": "xinfeng-west-county-chain",
        "current_distance_m": 73348,
        "current_duration_s": 17685,
        "current_national_m": 43240,
        "distance_delta_m": 23778,
        "duration_delta_s": 4409,
        "from_name": "信丰",
        "label": "避国道绕行线",
        "national_reduction_m": 25933,
        "review_status": "manual_review",
        "risk_tags": [],
        "road_class": "national",
        "road_name": "105国道",
        "route_role": "alternative",
        "segment_id": "main-19-to-main-20",
        "step_distance_m": 5395,
        "step_index": 59,
        "to_name": "龙南"
      },
      "type": "Feature"
    },
    {
      "geometry": {
        "coordinates": [
          [
            114.88987965065606,
            24.987738967854444
          ],
          [
            114.89015373402529,
            24.98737810196302
          ],
          [
            114.89037879714394,
            24.987122204187262
          ],
          [
            114.89040980590468,
            24.9870832186166
          ],
          [
            114.8905618452398,
            24.986936282712488
          ],
          [
            114.89086491853368,
            24.9866714037303
          ],
          [
            114.89086491853368,
            24.9866714037303
          ],
          [
            114.8911479807745,
            24.98645850852118
          ],
          [
            114.89192012732678,
            24.98593776887882
          ],
          [
            114.89234119576123,
            24.98564790099115
          ],
          [
            114.89234119576123,
            24.98564790099115
          ],
          [
            114.89310929871048,
            24.985122122083784
          ],
          [
            114.89310929871048,
            24.985122122083784
          ],
          [
            114.89355634547785,
            24.98481923869997
          ],
          [
            114.89355634547785,
            24.98481923869997
          ],
          [
            114.89401238333693,
            24.984510348800242
          ],
          [
            114.89401238333693,
            24.984510348800242
          ],
          [
            114.8955404386538,
            24.983456654832413
          ],
          [
            114.89575343837103,
            24.983295691391415
          ],
          [
            114.89588343864628,
            24.983174715865083
          ],
          [
            114.89588343864628,
            24.983174715865083
          ],
          [
            114.8960874395852,
            24.982952757211155
          ],
          [
            114.89620444201122,
            24.982783785846742
          ],
          [
            114.89620444201122,
            24.982783785846742
          ],
          [
            114.89763241679043,
            24.98074008475215
          ],
          [
            114.89763241679043,
            24.98074008475215
          ],
          [
            114.89808338828237,
            24.980093160848305
          ],
          [
            114.89808338828237,
            24.980093160848305
          ],
          [
            114.89859134488529,
            24.979355237157893
          ],
          [
            114.89859134488529,
            24.979355237157893
          ],
          [
            114.90011013978886,
            24.977146397930266
          ],
          [
            114.90022312118454,
            24.976964408265378
          ],
          [
            114.90022312118454,
            24.976964408265378
          ],
          [
            114.90050107329054,
            24.976508432430748
          ],
          [
            114.90064804977273,
            24.976217450726065
          ],
          [
            114.90083102382003,
            24.975783482092233
          ],
          [
            114.90095200951305,
            24.97544050977508
          ],
          [
            114.90106500104753,
            24.975037546489123
          ],
          [
            114.90108200122069,
            24.97495455506052
          ],
          [
            114.90113500175175,
            24.974694581874775
          ],
          [
            114.90120001752273,
            24.9741476461806
          ],
          [
            114.90120001752273,
            24.9741476461806
          ],
          [
            114.90122604727286,
            24.97357872035316
          ],
          [
            114.90118214392747,
            24.97235089827749
          ],
          [
            114.90118214392747,
            24.97235089827749
          ],
          [
            114.90108736103822,
            24.969569300582506
          ],
          [
            114.90101742719801,
            24.96891340354522
          ],
          [
            114.90095246874687,
            24.968597458290116
          ],
          [
            114.90095246874687,
            24.968597458290116
          ],
          [
            114.9008785103093,
            24.96831950904429
          ],
          [
            114.90050569447014,
            24.96723471730322
          ],
          [
            114.90020184630875,
            24.96624889663167
          ],
          [
            114.89943919441873,
            24.963967302049134
          ],
          [
            114.89921329216999,
            24.963289417507333
          ],
          [
            114.89921329216999,
            24.963289417507333
          ],
          [
            114.8976858913821,
            24.958646147632237
          ],
          [
            114.89744297289691,
            24.95795624755586
          ],
          [
            114.89732100606955,
            24.957709282915708
          ],
          [
            114.89723502639492,
            24.957574302007412
          ],
          [
            114.89714404550833,
            24.957461317703164
          ],
          [
            114.896497162454,
            24.956767403618926
          ],
          [
            114.89632319361093,
            24.95653343019026
          ],
          [
            114.89622821162752,
            24.956381447512545
          ],
          [
            114.8961242319623,
            24.95619846833405
          ],
          [
            114.89602425491208,
            24.955964495985423
          ],
          [
            114.89594127625962,
            24.955730524140165
          ],
          [
            114.8958463067989,
            24.95536556951766
          ],
          [
            114.89580233245765,
            24.955022614605475
          ],
          [
            114.89583736990383,
            24.95443269880777
          ],
          [
            114.89588538260195,
            24.954198734169584
          ],
          [
            114.89596739708078,
            24.95390277991059
          ],
          [
            114.89628443495347,
            24.95298292276975
          ],
          [
            114.8963544435882,
            24.952765955650786
          ],
          [
            114.89661846714945,
            24.952050063482716
          ],
          [
            114.8973395233956,
            24.9499583614104
          ],
          [
            114.89749552542227,
            24.949607408726553
          ],
          [
            114.89772952097569,
            24.949159466773786
          ],
          [
            114.89805950092703,
            24.948665525372196
          ],
          [
            114.89856345658691,
            24.947962598446573
          ],
          [
            114.89856345658691,
            24.947962598446573
          ],
          [
            114.89865844760732,
            24.947818612562948
          ],
          [
            114.89865844760732,
            24.947818612562948
          ],
          [
            114.89953533963948,
            24.946551715360076
          ],
          [
            114.89968731979648,
            24.946291735330888
          ],
          [
            114.89974831330079,
            24.946160746763457
          ],
          [
            114.89974831330079,
            24.946160746763457
          ],
          [
            114.89982130697796,
            24.94597876373522
          ],
          [
            114.89986531224383,
            24.94573179293779
          ],
          [
            114.89986531224383,
            24.94573179293779
          ],
          [
            114.89986933159001,
            24.9454278347265
          ],
          [
            114.89986534307786,
            24.945271856882478
          ],
          [
            114.89976139347412,
            24.944915918365847
          ],
          [
            114.89976139347412,
            24.944915918365847
          ],
          [
            114.89967042992865,
            24.94471195682649
          ],
          [
            114.89952248212879,
            24.944473005697283
          ],
          [
            114.89952248212879,
            24.944473005697283
          ],
          [
            114.8985937699339,
            24.943201258580473
          ],
          [
            114.89843781521374,
            24.942971299580215
          ],
          [
            114.89825987082375,
            24.94262835623955
          ],
          [
            114.89816390989068,
            24.942298406356855
          ],
          [
            114.89816390989068,
            24.942298406356855
          ],
          [
            114.89813793035417,
            24.942060440501077
          ],
          [
            114.89813793444222,
            24.941999448972645
          ],
          [
            114.89812098013172,
            24.94136153826335
          ],
          [
            114.89806900851731,
            24.94107058071727
          ],
          [
            114.89793405395122,
            24.940727633104007
          ],
          [
            114.8978220843638,
            24.94054166227147
          ],
          [
            114.89767811967481,
            24.940345692971302
          ],
          [
            114.89624640099335,
            24.93861891785024
          ],
          [
            114.89605143855461,
            24.938279955920752
          ],
          [
            114.89593846923049,
            24.93793799740419
          ],
          [
            114.8959124886843,
            24.937673032702577
          ],
          [
            114.89591250355868,
            24.937451063481898
          ],
          [
            114.89609061656661,
            24.935581331941865
          ],
          [
            114.89626373373399,
            24.933632609516668
          ],
          [
            114.89626373373399,
            24.933632609516668
          ],
          [
            114.89629874598583,
            24.933406642194342
          ],
          [
            114.89635575334732,
            24.933224669549045
          ],
          [
            114.89643776005535,
            24.9330167012022
          ],
          [
            114.89655976183086,
            24.9328207320518
          ],
          [
            114.89693675413089,
            24.932343805456124
          ],
          [
            114.89719774587667,
            24.931996854936664
          ],
          [
            114.89730974474112,
            24.93179688231489
          ],
          [
            114.89744874648736,
            24.931488923787207
          ],
          [
            114.89752275406879,
            24.931219960032283
          ],
          [
            114.89752275406879,
            24.931219960032283
          ],
          [
            114.89756176212565,
            24.931015987634513
          ],
          [
            114.89758777375253,
            24.930786018984726
          ],
          [
            114.89759281575952,
            24.930148107029932
          ],
          [
            114.89757483352342,
            24.929922138545038
          ],
          [
            114.89753985023793,
            24.929748163122785
          ],
          [
            114.89745388184068,
            24.929458204287137
          ],
          [
            114.89737090430364,
            24.929293227843146
          ],
          [
            114.89727592860724,
            24.929119252380456
          ],
          [
            114.89717195039,
            24.928993269886103
          ],
          [
            114.8970499752178,
            24.928846289703795
          ],
          [
            114.8968890029228,
            24.928711306715606
          ],
          [
            114.89671103166776,
            24.92856832333756
          ],
          [
            114.89620810049014,
            24.928225354380785
          ],
          [
            114.8956311627039,
            24.927856373005067
          ],
          [
            114.8956311627039,
            24.927856373005067
          ],
          [
            114.89474522883764,
            24.92726137729699
          ],
          [
            114.89443324624068,
            24.92700537710036
          ],
          [
            114.89396426690253,
            24.92657137564985
          ],
          [
            114.89320528477096,
            24.92576836702949
          ],
          [
            114.89279227980026,
            24.9253783454485
          ],
          [
            114.89252326971837,
            24.925161322357752
          ],
          [
            114.89223225234724,
            24.924965288556248
          ],
          [
            114.89154719345267,
            24.924536190260703
          ],
          [
            114.89154719345267,
            24.924536190260703
          ],
          [
            114.89106513947463,
            24.92422311065577
          ],
          [
            114.8908261130591,
            24.92400207657584
          ],
          [
            114.89071310308447,
            24.923846066702037
          ],
          [
            114.89063109719827,
            24.92370706274393
          ],
          [
            114.89057009560129,
            24.923559065744552
          ],
          [
            114.89038809973843,
            24.922969094144445
          ],
          [
            114.89036610091554,
            24.922886099085037
          ],
          [
            114.89036610091554,
            24.922886099085037
          ],
          [
            114.89020110563946,
            24.922314128529845
          ],
          [
            114.89009710069463,
            24.922062131580155
          ],
          [
            114.88993608741433,
            24.921741125903797
          ],
          [
            114.88979307037762,
            24.921519111277494
          ],
          [
            114.88979307037762,
            24.921519111277494
          ],
          [
            114.88957603902801,
            24.921237079901896
          ],
          [
            114.88934999917892,
            24.921016035144657
          ],
          [
            114.88914595973053,
            24.920837989956564
          ],
          [
            114.88875987559787,
            24.920563891075233
          ],
          [
            114.88829575895025,
            24.920329750911726
          ],
          [
            114.88793965940067,
            24.92019963051636
          ],
          [
            114.88763956947263,
            24.920112521892584
          ],
          [
            114.88727045038353,
            24.92004737742941
          ],
          [
            114.88711839919489,
            24.920025315635517
          ],
          [
            114.88598598371563,
            24.91987782331811
          ],
          [
            114.88598598371563,
            24.91987782331811
          ],
          [
            114.88570787297908,
            24.919838694807822
          ],
          [
            114.88570787297908,
            24.919838694807822
          ],
          [
            114.88487852218084,
            24.919720293207682
          ],
          [
            114.88487852218084,
            24.919720293207682
          ],
          [
            114.88374099031941,
            24.919567696021304
          ],
          [
            114.88374099031941,
            24.919567696021304
          ],
          [
            114.88309366232201,
            24.919476333753142
          ],
          [
            114.88309366232201,
            24.919476333753142
          ],
          [
            114.88236426987088,
            24.919384904113674
          ],
          [
            114.88236426987088,
            24.919384904113674
          ],
          [
            114.88226821652077,
            24.91937184611315
          ],
          [
            114.88226821652077,
            24.91937184611315
          ],
          [
            114.88186498886648,
            24.91930660011118
          ],
          [
            114.88186498886648,
            24.91930660011118
          ],
          [
            114.88181296075815,
            24.919271571550198
          ],
          [
            114.88181296075815,
            24.919271571550198
          ],
          [
            114.88181296075815,
            24.919271571550198
          ],
          [
            114.88155681843293,
            24.919132424837528
          ],
          [
            114.88155681843293,
            24.919132424837528
          ],
          [
            114.8817349354864,
            24.918963563497368
          ]
        ],
        "type": "LineString"
      },
      "properties": {
        "alternative_distance_m": 97126,
        "alternative_duration_s": 22094,
        "alternative_national_m": 17307,
        "alternative_unknown_m": 44975,
        "candidate_id": "xinfeng-west-county-chain",
        "current_distance_m": 73348,
        "current_duration_s": 17685,
        "current_national_m": 43240,
        "distance_delta_m": 23778,
        "duration_delta_s": 4409,
        "from_name": "信丰",
        "label": "避国道绕行线",
        "national_reduction_m": 25933,
        "review_status": "manual_review",
        "risk_tags": [],
        "road_class": "national",
        "road_name": "105国道",
        "route_role": "alternative",
        "segment_id": "main-19-to-main-20",
        "step_distance_m": 9344,
        "step_index": 60,
        "to_name": "龙南"
      },
      "type": "Feature"
    },
    {
      "geometry": {
        "coordinates": [
          [
            114.8817349357543,
            24.91895956404505
          ],
          [
            114.88128281632677,
            24.916693578224276
          ],
          [
            114.88128281632677,
            24.916693578224276
          ],
          [
            114.88104374958684,
            24.91549558221025
          ],
          [
            114.88087869436487,
            24.914783567862866
          ],
          [
            114.88087869436487,
            24.914783567862866
          ],
          [
            114.88082267598215,
            24.9145325640126
          ],
          [
            114.88058858419268,
            24.913685519027112
          ],
          [
            114.88011034443949,
            24.91262632895721
          ],
          [
            114.87981117735089,
            24.91214518084622
          ],
          [
            114.87944195962714,
            24.91164498057469
          ],
          [
            114.87860343656016,
            24.91061649178366
          ],
          [
            114.878035081047,
            24.90968317733989
          ]
        ],
        "type": "LineString"
      },
      "properties": {
        "alternative_distance_m": 97126,
        "alternative_duration_s": 22094,
        "alternative_national_m": 17307,
        "alternative_unknown_m": 44975,
        "candidate_id": "xinfeng-west-county-chain",
        "current_distance_m": 73348,
        "current_duration_s": 17685,
        "current_national_m": 43240,
        "distance_delta_m": 23778,
        "duration_delta_s": 4409,
        "from_name": "信丰",
        "label": "避国道绕行线",
        "national_reduction_m": 25933,
        "review_status": "manual_review",
        "risk_tags": [],
        "road_class": "national",
        "road_name": "105国道",
        "route_role": "alternative",
        "segment_id": "main-19-to-main-20",
        "step_distance_m": 1110,
        "step_index": 61,
        "to_name": "龙南"
      },
      "type": "Feature"
    },
    {
      "geometry": {
        "coordinates": [
          [
            114.87803007764242,
            24.90967817408176
          ],
          [
            114.87760874739435,
            24.909851815700534
          ]
        ],
        "type": "LineString"
      },
      "properties": {
        "alternative_distance_m": 97126,
        "alternative_duration_s": 22094,
        "alternative_national_m": 17307,
        "alternative_unknown_m": 44975,
        "candidate_id": "xinfeng-west-county-chain",
        "current_distance_m": 73348,
        "current_duration_s": 17685,
        "current_national_m": 43240,
        "distance_delta_m": 23778,
        "duration_delta_s": 4409,
        "from_name": "信丰",
        "label": "避国道绕行线",
        "national_reduction_m": 25933,
        "review_status": "manual_review",
        "risk_tags": [],
        "road_class": "unknown",
        "road_name": "",
        "route_role": "alternative",
        "segment_id": "main-19-to-main-20",
        "step_distance_m": 47,
        "step_index": 62,
        "to_name": "龙南"
      },
      "type": "Feature"
    },
    {
      "geometry": {
        "coordinates": [
          [
            114.87760474433195,
            24.90985181248796
          ],
          [
            114.87757868663981,
            24.910415715066666
          ],
          [
            114.87757868663981,
            24.910415715066666
          ],
          [
            114.87753961223605,
            24.911079593519034
          ],
          [
            114.87753961223605,
            24.911079593519034
          ],
          [
            114.87749552253179,
            24.911913444702105
          ],
          [
            114.877422427886,
            24.91248530788238
          ],
          [
            114.87728728239857,
            24.913093115456867
          ],
          [
            114.87728728239857,
            24.913093115456867
          ],
          [
            114.87702202311513,
            24.913860793590125
          ],
          [
            114.87659661333858,
            24.914911296439293
          ],
          [
            114.87597499132532,
            24.91659453754012
          ],
          [
            114.87597499132532,
            24.91659453754012
          ],
          [
            114.87595397068213,
            24.91664151298241
          ]
        ],
        "type": "LineString"
      },
      "properties": {
        "alternative_distance_m": 97126,
        "alternative_duration_s": 22094,
        "alternative_national_m": 17307,
        "alternative_unknown_m": 44975,
        "candidate_id": "xinfeng-west-county-chain",
        "current_distance_m": 73348,
        "current_duration_s": 17685,
        "current_national_m": 43240,
        "distance_delta_m": 23778,
        "duration_delta_s": 4409,
        "from_name": "信丰",
        "label": "避国道绕行线",
        "national_reduction_m": 25933,
        "review_status": "manual_review",
        "risk_tags": [],
        "road_class": "county",
        "road_name": "303乡道",
        "route_role": "alternative",
        "segment_id": "main-19-to-main-20",
        "step_distance_m": 774,
        "step_index": 63,
        "to_name": "龙南"
      },
      "type": "Feature"
    },
    {
      "geometry": {
        "coordinates": [
          [
            114.87594896651413,
            24.916641508661737
          ],
          [
            114.8757578135034,
            24.916537357136995
          ],
          [
            114.8757578135034,
            24.916537357136995
          ],
          [
            114.87501119663227,
            24.916206742208118
          ],
          [
            114.87501119663227,
            24.916206742208118
          ],
          [
            114.87456381288263,
            24.916059357190196
          ],
          [
            114.87456381288263,
            24.916059357190196
          ],
          [
            114.87380313993059,
            24.915841681670354
          ],
          [
            114.87380313993059,
            24.915841681670354
          ],
          [
            114.87290431362557,
            24.915610853523614
          ]
        ],
        "type": "LineString"
      },
      "properties": {
        "alternative_distance_m": 97126,
        "alternative_duration_s": 22094,
        "alternative_national_m": 17307,
        "alternative_unknown_m": 44975,
        "candidate_id": "xinfeng-west-county-chain",
        "current_distance_m": 73348,
        "current_duration_s": 17685,
        "current_national_m": 43240,
        "distance_delta_m": 23778,
        "duration_delta_s": 4409,
        "from_name": "信丰",
        "label": "避国道绕行线",
        "national_reduction_m": 25933,
        "review_status": "manual_review",
        "risk_tags": [],
        "road_class": "unknown",
        "road_name": "",
        "route_role": "alternative",
        "segment_id": "main-19-to-main-20",
        "step_distance_m": 327,
        "step_index": 64,
        "to_name": "龙南"
      },
      "type": "Feature"
    },
    {
      "geometry": {
        "coordinates": [
          [
            114.87289930918557,
            24.915605849340857
          ],
          [
            114.87286925980847,
            24.9159147779544
          ],
          [
            114.87286925980847,
            24.9159147779544
          ],
          [
            114.87280416124739,
            24.916456640548105
          ],
          [
            114.87280416124739,
            24.916456640548105
          ],
          [
            114.87277812142804,
            24.916678584822897
          ],
          [
            114.87277812142804,
            24.916678584822897
          ],
          [
            114.87270800649698,
            24.917389419154297
          ],
          [
            114.87270800649698,
            24.917389419154297
          ],
          [
            114.87251669279283,
            24.9193159676998
          ],
          [
            114.87251669279283,
            24.9193159676998
          ],
          [
            114.87259071788525,
            24.92001094538625
          ],
          [
            114.87260372174153,
            24.920140940357072
          ],
          [
            114.87276881730024,
            24.92108697243501
          ],
          [
            114.87276881730024,
            24.92108697243501
          ],
          [
            114.87281684558387,
            24.921351982968087
          ],
          [
            114.87281684558387,
            24.921351982968087
          ],
          [
            114.87284286499154,
            24.92143399708081
          ],
          [
            114.87288189874542,
            24.92148702780953
          ],
          [
            114.87293794905942,
            24.921534075832792
          ]
        ],
        "type": "LineString"
      },
      "properties": {
        "alternative_distance_m": 97126,
        "alternative_duration_s": 22094,
        "alternative_national_m": 17307,
        "alternative_unknown_m": 44975,
        "candidate_id": "xinfeng-west-county-chain",
        "current_distance_m": 73348,
        "current_duration_s": 17685,
        "current_national_m": 43240,
        "distance_delta_m": 23778,
        "duration_delta_s": 4409,
        "from_name": "信丰",
        "label": "避国道绕行线",
        "national_reduction_m": 25933,
        "review_status": "manual_review",
        "risk_tags": [],
        "road_class": "unknown",
        "road_name": "站前路",
        "route_role": "alternative",
        "segment_id": "main-19-to-main-20",
        "step_distance_m": 662,
        "step_index": 65,
        "to_name": "龙南"
      },
      "type": "Feature"
    },
    {
      "geometry": {
        "coordinates": [
          [
            114.87293794905942,
            24.921534075832792
          ],
          [
            114.87299900481207,
            24.92156913024129
          ],
          [
            114.87305605575234,
            24.9216171788652
          ],
          [
            114.8730950883777,
            24.92168220765521
          ],
          [
            114.8731030909966,
            24.9217562052281
          ],
          [
            114.87309908258288,
            24.921825191893657
          ],
          [
            114.87306004125041,
            24.92189014526708
          ],
          [
            114.87300798837143,
            24.92194208777336
          ],
          [
            114.87293791936723,
            24.92197701503256
          ],
          [
            114.87285584043534,
            24.921985933996545
          ],
          [
            114.8727777660195,
            24.921980858557028
          ],
          [
            114.87270770101252,
            24.921946794725347
          ],
          [
            114.87264764667263,
            24.92189474301385
          ],
          [
            114.87261662116525,
            24.92182872161831
          ],
          [
            114.87259960936042,
            24.921759714373493
          ],
          [
            114.87260361785214,
            24.921690727777122
          ],
          [
            114.87263865574901,
            24.92162977054612
          ]
        ],
        "type": "LineString"
      },
      "properties": {
        "alternative_distance_m": 97126,
        "alternative_duration_s": 22094,
        "alternative_national_m": 17307,
        "alternative_unknown_m": 44975,
        "candidate_id": "xinfeng-west-county-chain",
        "current_distance_m": 73348,
        "current_duration_s": 17685,
        "current_national_m": 43240,
        "distance_delta_m": 23778,
        "duration_delta_s": 4409,
        "from_name": "信丰",
        "label": "避国道绕行线",
        "national_reduction_m": 25933,
        "review_status": "manual_review",
        "risk_tags": [],
        "road_class": "unknown",
        "road_name": "站前路",
        "route_role": "alternative",
        "segment_id": "main-19-to-main-20",
        "step_distance_m": 126,
        "step_index": 66,
        "to_name": "龙南"
      },
      "type": "Feature"
    },
    {
      "geometry": {
        "coordinates": [
          [
            114.87263865608415,
            24.921624771232274
          ],
          [
            114.87260863461562,
            24.92151275712037
          ],
          [
            114.87260863461562,
            24.92151275712037
          ],
          [
            114.87247754521493,
            24.92095270484337
          ]
        ],
        "type": "LineString"
      },
      "properties": {
        "alternative_distance_m": 97126,
        "alternative_duration_s": 22094,
        "alternative_national_m": 17307,
        "alternative_unknown_m": 44975,
        "candidate_id": "xinfeng-west-county-chain",
        "current_distance_m": 73348,
        "current_duration_s": 17685,
        "current_national_m": 43240,
        "distance_delta_m": 23778,
        "duration_delta_s": 4409,
        "from_name": "信丰",
        "label": "避国道绕行线",
        "national_reduction_m": 25933,
        "review_status": "manual_review",
        "risk_tags": [],
        "road_class": "unknown",
        "road_name": "",
        "route_role": "alternative",
        "segment_id": "main-19-to-main-20",
        "step_distance_m": 76,
        "step_index": 67,
        "to_name": "龙南"
      },
      "type": "Feature"
    },
    {
      "geometry": {
        "coordinates": [
          [
            114.8724735416637,
            24.92094770157773
          ],
          [
            114.87260363011809,
            24.9215077528899
          ],
          [
            114.87260363011809,
            24.9215077528899
          ],
          [
            114.87263865608415,
            24.921624771232274
          ],
          [
            114.87263865608415,
            24.921624771232274
          ],
          [
            114.87268169983368,
            24.92159081809963
          ]
        ],
        "type": "LineString"
      },
      "properties": {
        "alternative_distance_m": 97126,
        "alternative_duration_s": 22094,
        "alternative_national_m": 17307,
        "alternative_unknown_m": 44975,
        "candidate_id": "xinfeng-west-county-chain",
        "current_distance_m": 73348,
        "current_duration_s": 17685,
        "current_national_m": 43240,
        "distance_delta_m": 23778,
        "duration_delta_s": 4409,
        "from_name": "信丰",
        "label": "避国道绕行线",
        "national_reduction_m": 25933,
        "review_status": "manual_review",
        "risk_tags": [],
        "road_class": "unknown",
        "road_name": "",
        "route_role": "alternative",
        "segment_id": "main-19-to-main-20",
        "step_distance_m": 82,
        "step_index": 68,
        "to_name": "龙南"
      },
      "type": "Feature"
    },
    {
      "geometry": {
        "coordinates": [
          [
            114.87268170016881,
            24.921585818785765
          ],
          [
            114.8727297579722,
            24.92141288955689
          ],
          [
            114.87259069114278,
            24.920409890697396
          ],
          [
            114.87259069114278,
            24.920409890697396
          ],
          [
            114.87253466339745,
            24.920014889687764
          ],
          [
            114.87245663365239,
            24.919328906671154
          ],
          [
            114.87245663365239,
            24.919328906671154
          ],
          [
            114.87244763414907,
            24.919190916672093
          ],
          [
            114.87247367631467,
            24.918938976874855
          ],
          [
            114.87247367631467,
            24.918938976874855
          ],
          [
            114.87263493612666,
            24.91738934753746
          ],
          [
            114.87263493612666,
            24.91738934753746
          ],
          [
            114.87271305868889,
            24.916682520675636
          ],
          [
            114.87271305868889,
            24.916682520675636
          ],
          [
            114.87273909971331,
            24.916443578781916
          ],
          [
            114.87273909971331,
            24.916443578781916
          ],
          [
            114.87280419843918,
            24.915901716334734
          ],
          [
            114.87280419843918,
            24.915901716334734
          ],
          [
            114.87284325617453,
            24.91559779588344
          ]
        ],
        "type": "LineString"
      },
      "properties": {
        "alternative_distance_m": 97126,
        "alternative_duration_s": 22094,
        "alternative_national_m": 17307,
        "alternative_unknown_m": 44975,
        "candidate_id": "xinfeng-west-county-chain",
        "current_distance_m": 73348,
        "current_duration_s": 17685,
        "current_national_m": 43240,
        "distance_delta_m": 23778,
        "duration_delta_s": 4409,
        "from_name": "信丰",
        "label": "避国道绕行线",
        "national_reduction_m": 25933,
        "review_status": "manual_review",
        "risk_tags": [],
        "road_class": "unknown",
        "road_name": "站前路",
        "route_role": "alternative",
        "segment_id": "main-19-to-main-20",
        "step_distance_m": 665,
        "step_index": 69,
        "to_name": "龙南"
      },
      "type": "Feature"
    },
    {
      "geometry": {
        "coordinates": [
          [
            114.87284325650958,
            24.915592796565807
          ],
          [
            114.87137884307181,
            24.915166390915356
          ],
          [
            114.87137884307181,
            24.915166390915356
          ],
          [
            114.87128775241118,
            24.915140300989908
          ],
          [
            114.87128775241118,
            24.915140300989908
          ],
          [
            114.87035380407612,
            24.91488336133901
          ],
          [
            114.87035380407612,
            24.91488336133901
          ],
          [
            114.86975417829859,
            24.914713743252356
          ],
          [
            114.86975417829859,
            24.914713743252356
          ],
          [
            114.86958900340402,
            24.914669570543953
          ],
          [
            114.86958900340402,
            24.914669570543953
          ],
          [
            114.86875009920321,
            24.91445167861814
          ],
          [
            114.86875009920321,
            24.91445167861814
          ],
          [
            114.86848080345048,
            24.91438238733095
          ],
          [
            114.86848080345048,
            24.91438238733095
          ],
          [
            114.86839871283613,
            24.914360298199675
          ],
          [
            114.86825555454008,
            24.914317142872076
          ],
          [
            114.86825555454008,
            24.914317142872076
          ],
          [
            114.86809437480098,
            24.91427796591616
          ],
          [
            114.86809437480098,
            24.91427796591616
          ],
          [
            114.86773397064108,
            24.914173569497475
          ],
          [
            114.86773397064108,
            24.914173569497475
          ],
          [
            114.86761183260215,
            24.914138434175957
          ],
          [
            114.86761183260215,
            24.914138434175957
          ],
          [
            114.86750771250807,
            24.914138314377386
          ],
          [
            114.86731249037939,
            24.914077097134797
          ],
          [
            114.86731249037939,
            24.914077097134797
          ],
          [
            114.86669978241582,
            24.91391540332249
          ],
          [
            114.86669978241582,
            24.91391540332249
          ],
          [
            114.86608705943799,
            24.91378069402068
          ],
          [
            114.86608705943799,
            24.91378069402068
          ],
          [
            114.86602198179892,
            24.913767617830278
          ],
          [
            114.86602198179892,
            24.913767617830278
          ],
          [
            114.86577868933472,
            24.913732329979247
          ],
          [
            114.86577868933472,
            24.913732329979247
          ],
          [
            114.86519597903042,
            24.913670630026772
          ],
          [
            114.86519597903042,
            24.913670630026772
          ],
          [
            114.86435693265156,
            24.913630597344877
          ],
          [
            114.86435693265156,
            24.913630597344877
          ],
          [
            114.86396643635564,
            24.91363010703369
          ],
          [
            114.86343575053027,
            24.913677426896804
          ],
          [
            114.86343575053027,
            24.913677426896804
          ],
          [
            114.86310131269121,
            24.9137199922745
          ],
          [
            114.86310131269121,
            24.9137199922745
          ],
          [
            114.86246647229218,
            24.913789159867715
          ],
          [
            114.86220612666541,
            24.91377582080868
          ],
          [
            114.86220612666541,
            24.91377582080868
          ],
          [
            114.86182761667223,
            24.91381031705833
          ],
          [
            114.86118874922866,
            24.91381346507849
          ],
          [
            114.86118874922866,
            24.91381346507849
          ],
          [
            114.86083225773952,
            24.913842980905894
          ],
          [
            114.86039765793416,
            24.91380839548054
          ],
          [
            114.86022441804491,
            24.91378216236095
          ],
          [
            114.86022441804491,
            24.91378216236095
          ],
          [
            114.85964661479746,
            24.913642386029103
          ],
          [
            114.85964661479746,
            24.913642386029103
          ],
          [
            114.8589596486805,
            24.913445455471937
          ],
          [
            114.8589596486805,
            24.913445455471937
          ],
          [
            114.85842889202229,
            24.91330172676159
          ],
          [
            114.85842889202229,
            24.91330172676159
          ],
          [
            114.8581294621699,
            24.913210313791087
          ],
          [
            114.8581294621699,
            24.913210313791087
          ],
          [
            114.8572902424172,
            24.912970141776558
          ],
          [
            114.8572902424172,
            24.912970141776558
          ],
          [
            114.85716405712941,
            24.912935963726714
          ],
          [
            114.85716405712941,
            24.912935963726714
          ],
          [
            114.85569086227902,
            24.91251285872069
          ],
          [
            114.85569086227902,
            24.91251285872069
          ],
          [
            114.85472539185672,
            24.912228451284935
          ],
          [
            114.85472539185672,
            24.912228451284935
          ],
          [
            114.85436483618338,
            24.91212391973845
          ],
          [
            114.85436483618338,
            24.91212391973845
          ],
          [
            114.85367776846381,
            24.91191489973919
          ],
          [
            114.8532000251338,
            24.911675196893313
          ],
          [
            114.8528434688067,
            24.911462673518194
          ],
          [
            114.85266519050747,
            24.91134041292873
          ],
          [
            114.85266519050747,
            24.91134041292873
          ],
          [
            114.84992682733242,
            24.909322342310805
          ],
          [
            114.84976957381235,
            24.90917010867971
          ]
        ],
        "type": "LineString"
      },
      "properties": {
        "alternative_distance_m": 97126,
        "alternative_duration_s": 22094,
        "alternative_national_m": 17307,
        "alternative_unknown_m": 44975,
        "candidate_id": "xinfeng-west-county-chain",
        "current_distance_m": 73348,
        "current_duration_s": 17685,
        "current_national_m": 43240,
        "distance_delta_m": 23778,
        "duration_delta_s": 4409,
        "from_name": "信丰",
        "label": "避国道绕行线",
        "national_reduction_m": 25933,
        "review_status": "manual_review",
        "risk_tags": [],
        "road_class": "unknown",
        "road_name": "",
        "route_role": "alternative",
        "segment_id": "main-19-to-main-20",
        "step_distance_m": 2480,
        "step_index": 70,
        "to_name": "龙南"
      },
      "type": "Feature"
    },
    {
      "geometry": {
        "coordinates": [
          [
            114.84976556735438,
            24.909166102737984
          ],
          [
            114.84919660694145,
            24.909187175781753
          ]
        ],
        "type": "LineString"
      },
      "properties": {
        "alternative_distance_m": 97126,
        "alternative_duration_s": 22094,
        "alternative_national_m": 17307,
        "alternative_unknown_m": 44975,
        "candidate_id": "xinfeng-west-county-chain",
        "current_distance_m": 73348,
        "current_duration_s": 17685,
        "current_national_m": 43240,
        "distance_delta_m": 23778,
        "duration_delta_s": 4409,
        "from_name": "信丰",
        "label": "避国道绕行线",
        "national_reduction_m": 25933,
        "review_status": "manual_review",
        "risk_tags": [],
        "road_class": "unknown",
        "road_name": "迎宾大道",
        "route_role": "alternative",
        "segment_id": "main-19-to-main-20",
        "step_distance_m": 57,
        "step_index": 71,
        "to_name": "龙南"
      },
      "type": "Feature"
    },
    {
      "geometry": {
        "coordinates": [
          [
            114.8491915988037,
            24.909182168296987
          ],
          [
            114.84914855535153,
            24.90874415741818
          ],
          [
            114.84914855535153,
            24.90874415741818
          ],
          [
            114.84904438384143,
            24.908669997462415
          ]
        ],
        "type": "LineString"
      },
      "properties": {
        "alternative_distance_m": 97126,
        "alternative_duration_s": 22094,
        "alternative_national_m": 17307,
        "alternative_unknown_m": 44975,
        "candidate_id": "xinfeng-west-county-chain",
        "current_distance_m": 73348,
        "current_duration_s": 17685,
        "current_national_m": 43240,
        "distance_delta_m": 23778,
        "duration_delta_s": 4409,
        "from_name": "信丰",
        "label": "避国道绕行线",
        "national_reduction_m": 25933,
        "review_status": "manual_review",
        "risk_tags": [],
        "road_class": "unknown",
        "road_name": "",
        "route_role": "alternative",
        "segment_id": "main-19-to-main-20",
        "step_distance_m": 61,
        "step_index": 72,
        "to_name": "龙南"
      },
      "type": "Feature"
    },
    {
      "geometry": {
        "coordinates": [
          [
            114.84904438411034,
            24.90866599800412
          ],
          [
            114.84860964447341,
            24.90867328528667
          ],
          [
            114.84860964447341,
            24.90867328528667
          ],
          [
            114.84859162973122,
            24.908435287919378
          ],
          [
            114.84851753452755,
            24.907970229125407
          ]
        ],
        "type": "LineString"
      },
      "properties": {
        "alternative_distance_m": 97126,
        "alternative_duration_s": 22094,
        "alternative_national_m": 17307,
        "alternative_unknown_m": 44975,
        "candidate_id": "xinfeng-west-county-chain",
        "current_distance_m": 73348,
        "current_duration_s": 17685,
        "current_national_m": 43240,
        "distance_delta_m": 23778,
        "duration_delta_s": 4409,
        "from_name": "信丰",
        "label": "避国道绕行线",
        "national_reduction_m": 25933,
        "review_status": "manual_review",
        "risk_tags": [],
        "road_class": "unknown",
        "road_name": "龙南大道",
        "route_role": "alternative",
        "segment_id": "main-19-to-main-20",
        "step_distance_m": 122,
        "step_index": 73,
        "to_name": "龙南"
      },
      "type": "Feature"
    },
    {
      "geometry": {
        "coordinates": [
          [
            114.84851352795692,
            24.90796622308349
          ],
          [
            114.84786146825397,
            24.907101264414134
          ],
          [
            114.84786146825397,
            24.907101264414134
          ],
          [
            114.84753593597218,
            24.90666678311166
          ],
          [
            114.84662642787704,
            24.905589409448137
          ],
          [
            114.84662642787704,
            24.905589409448137
          ],
          [
            114.8463960432604,
            24.90531505927504
          ],
          [
            114.84556164086139,
            24.90432878209667
          ],
          [
            114.84556164086139,
            24.90432878209667
          ],
          [
            114.84528817841074,
            24.904003361158605
          ],
          [
            114.84528817841074,
            24.904003361158605
          ],
          [
            114.84503975676921,
            24.90371197708022
          ]
        ],
        "type": "LineString"
      },
      "properties": {
        "alternative_distance_m": 97126,
        "alternative_duration_s": 22094,
        "alternative_national_m": 17307,
        "alternative_unknown_m": 44975,
        "candidate_id": "xinfeng-west-county-chain",
        "current_distance_m": 73348,
        "current_duration_s": 17685,
        "current_national_m": 43240,
        "distance_delta_m": 23778,
        "duration_delta_s": 4409,
        "from_name": "信丰",
        "label": "避国道绕行线",
        "national_reduction_m": 25933,
        "review_status": "manual_review",
        "risk_tags": [],
        "road_class": "unknown",
        "road_name": "龙南大道",
        "route_role": "alternative",
        "segment_id": "main-19-to-main-20",
        "step_distance_m": 584,
        "step_index": 74,
        "to_name": "龙南"
      },
      "type": "Feature"
    },
    {
      "geometry": {
        "coordinates": [
          [
            114.84503975710555,
            24.90370697775316
          ],
          [
            114.84476126400297,
            24.90366350785771
          ],
          [
            114.84476126400297,
            24.90366350785771
          ],
          [
            114.84456992500044,
            24.903624185541915
          ],
          [
            114.84456992500044,
            24.903624185541915
          ],
          [
            114.84383161297396,
            24.90343594115632
          ],
          [
            114.8432355518136,
            24.903204940823436
          ],
          [
            114.8432355518136,
            24.903204940823436
          ],
          [
            114.84259239971041,
            24.902956855157747
          ],
          [
            114.84259239971041,
            24.902956855157747
          ],
          [
            114.84186609095303,
            24.90266462331681
          ],
          [
            114.84186609095303,
            24.90266462331681
          ],
          [
            114.84138722201105,
            24.902490804435566
          ],
          [
            114.84138722201105,
            24.902490804435566
          ],
          [
            114.84097045733586,
            24.902420078319206
          ],
          [
            114.84041343376397,
            24.902285109557692
          ],
          [
            114.84041343376397,
            24.902285109557692
          ],
          [
            114.83951377036381,
            24.902070535784944
          ],
          [
            114.83887457467131,
            24.902017398098405
          ],
          [
            114.83791777018664,
            24.90199767791747
          ],
          [
            114.8370300826077,
            24.902018067503548
          ],
          [
            114.83610430933125,
            24.902081373414443
          ],
          [
            114.83610430933125,
            24.902081373414443
          ],
          [
            114.83446915797353,
            24.902122370291632
          ],
          [
            114.83446915797353,
            24.902122370291632
          ],
          [
            114.83422969449788,
            24.902121929329898
          ],
          [
            114.83422969449788,
            24.902121929329898
          ],
          [
            114.83392110162038,
            24.902043370818227
          ],
          [
            114.83392110162038,
            24.902043370818227
          ],
          [
            114.83292116075958,
            24.901988528986234
          ],
          [
            114.83191620507284,
            24.90187467828006
          ],
          [
            114.83191620507284,
            24.90187467828006
          ],
          [
            114.83161160310826,
            24.901952100948183
          ],
          [
            114.82981208250078,
            24.90167077784494
          ],
          [
            114.82771997216123,
            24.901223910320184
          ],
          [
            114.82771997216123,
            24.901223910320184
          ],
          [
            114.82748951798473,
            24.901175483152233
          ],
          [
            114.82740635691069,
            24.90111533468132
          ],
          [
            114.82740635691069,
            24.90111533468132
          ],
          [
            114.82685026114308,
            24.900979305654
          ],
          [
            114.82685026114308,
            24.900979305654
          ],
          [
            114.82671098423546,
            24.900979043263547
          ],
          [
            114.82564588257401,
            24.900708071186703
          ],
          [
            114.82557574664192,
            24.900651946372854
          ],
          [
            114.82557574664192,
            24.900651946372854
          ],
          [
            114.82438038337278,
            24.90035872920208
          ],
          [
            114.82418900484848,
            24.900310374282586
          ],
          [
            114.82323210794152,
            24.900121592352438
          ],
          [
            114.82291047321591,
            24.900012999436537
          ],
          [
            114.82291047321591,
            24.900012999436537
          ],
          [
            114.82267099753426,
            24.899977551925264
          ],
          [
            114.82267099753426,
            24.899977551925264
          ],
          [
            114.82215296570554,
            24.899942578419584
          ],
          [
            114.82138743591048,
            24.899967130119986
          ],
          [
            114.82043553196657,
            24.900034325641695
          ],
          [
            114.82043553196657,
            24.900034325641695
          ],
          [
            114.81965296403631,
            24.900145836177373
          ],
          [
            114.81965296403631,
            24.900145836177373
          ],
          [
            114.81895256262665,
            24.900235505961486
          ],
          [
            114.81895256262665,
            24.900235505961486
          ],
          [
            114.81889544803113,
            24.90024839681307
          ],
          [
            114.81889544803113,
            24.90024839681307
          ],
          [
            114.81783031636634,
            24.900437370432286
          ],
          [
            114.81783031636634,
            24.900437370432286
          ],
          [
            114.81764795138545,
            24.900476023111512
          ],
          [
            114.81764795138545,
            24.900476023111512
          ],
          [
            114.81760386353565,
            24.900479939893295
          ],
          [
            114.81760386353565,
            24.900479939893295
          ],
          [
            114.81726919574689,
            24.900527306119013
          ],
          [
            114.81726919574689,
            24.900527306119013
          ],
          [
            114.81669104185688,
            24.90063020969524
          ],
          [
            114.81669104185688,
            24.90063020969524
          ],
          [
            114.81614695729603,
            24.900729179181177
          ],
          [
            114.81614695729603,
            24.900729179181177
          ],
          [
            114.81482532899282,
            24.900978681924634
          ],
          [
            114.81482532899282,
            24.900978681924634
          ],
          [
            114.8144555951209,
            24.901055984292174
          ],
          [
            114.8144555951209,
            24.901055984292174
          ],
          [
            114.81420810468015,
            24.901103518403865
          ],
          [
            114.81420810468015,
            24.901103518403865
          ],
          [
            114.81390751000167,
            24.90115495397884
          ],
          [
            114.81390751000167,
            24.90115495397884
          ],
          [
            114.81309891250649,
            24.901309436860423
          ],
          [
            114.81309891250649,
            24.901309436860423
          ],
          [
            114.81168513159564,
            24.901584796271518
          ],
          [
            114.81168513159564,
            24.901584796271518
          ],
          [
            114.81147271518479,
            24.901627400867138
          ],
          [
            114.81147271518479,
            24.901627400867138
          ],
          [
            114.81098576179107,
            24.901730495266037
          ],
          [
            114.81098576179107,
            24.901730495266037
          ],
          [
            114.8108855661285,
            24.901748309662082
          ]
        ],
        "type": "LineString"
      },
      "properties": {
        "alternative_distance_m": 97126,
        "alternative_duration_s": 22094,
        "alternative_national_m": 17307,
        "alternative_unknown_m": 44975,
        "candidate_id": "xinfeng-west-county-chain",
        "current_distance_m": 73348,
        "current_duration_s": 17685,
        "current_national_m": 43240,
        "distance_delta_m": 23778,
        "duration_delta_s": 4409,
        "from_name": "信丰",
        "label": "避国道绕行线",
        "national_reduction_m": 25933,
        "review_status": "manual_review",
        "risk_tags": [],
        "road_class": "unknown",
        "road_name": "龙南大道辅路",
        "route_role": "alternative",
        "segment_id": "main-19-to-main-20",
        "step_distance_m": 3513,
        "step_index": 75,
        "to_name": "龙南"
      },
      "type": "Feature"
    },
    {
      "geometry": {
        "coordinates": [
          [
            114.81088055613785,
            24.90175229996837
          ],
          [
            114.81077634284365,
            24.90191708741326
          ],
          [
            114.81077634284365,
            24.90191708741326
          ],
          [
            114.81031946171498,
            24.90186026131687
          ]
        ],
        "type": "LineString"
      },
      "properties": {
        "alternative_distance_m": 97126,
        "alternative_duration_s": 22094,
        "alternative_national_m": 17307,
        "alternative_unknown_m": 44975,
        "candidate_id": "xinfeng-west-county-chain",
        "current_distance_m": 73348,
        "current_duration_s": 17685,
        "current_national_m": 43240,
        "distance_delta_m": 23778,
        "duration_delta_s": 4409,
        "from_name": "信丰",
        "label": "避国道绕行线",
        "national_reduction_m": 25933,
        "review_status": "manual_review",
        "risk_tags": [],
        "road_class": "unknown",
        "road_name": "龙翔大道",
        "route_role": "alternative",
        "segment_id": "main-19-to-main-20",
        "step_distance_m": 67,
        "step_index": 76,
        "to_name": "龙南"
      },
      "type": "Feature"
    },
    {
      "geometry": {
        "coordinates": [
          [
            114.81031545430062,
            24.90185525468477
          ],
          [
            114.81004993775949,
            24.901902764763967
          ],
          [
            114.81004993775949,
            24.901902764763967
          ],
          [
            114.80985454994801,
            24.902058388514586
          ],
          [
            114.80874139492802,
            24.902256345046602
          ],
          [
            114.80874139492802,
            24.902256345046602
          ],
          [
            114.80818432202467,
            24.902350328221445
          ],
          [
            114.80818432202467,
            24.902350328221445
          ],
          [
            114.80702810659383,
            24.90255222848214
          ],
          [
            114.80702810659383,
            24.90255222848214
          ],
          [
            114.80617548299982,
            24.902711689237396
          ],
          [
            114.80617548299982,
            24.902711689237396
          ],
          [
            114.805257746273,
            24.902884042953325
          ],
          [
            114.805257746273,
            24.902884042953325
          ],
          [
            114.80503231528324,
            24.90301762805041
          ]
        ],
        "type": "LineString"
      },
      "properties": {
        "alternative_distance_m": 97126,
        "alternative_duration_s": 22094,
        "alternative_national_m": 17307,
        "alternative_unknown_m": 44975,
        "candidate_id": "xinfeng-west-county-chain",
        "current_distance_m": 73348,
        "current_duration_s": 17685,
        "current_national_m": 43240,
        "distance_delta_m": 23778,
        "duration_delta_s": 4409,
        "from_name": "信丰",
        "label": "避国道绕行线",
        "national_reduction_m": 25933,
        "review_status": "manual_review",
        "risk_tags": [],
        "road_class": "unknown",
        "road_name": "龙翔大道辅路",
        "route_role": "alternative",
        "segment_id": "main-19-to-main-20",
        "step_distance_m": 550,
        "step_index": 77,
        "to_name": "龙南"
      },
      "type": "Feature"
    },
    {
      "geometry": {
        "coordinates": [
          [
            114.80502730591597,
            24.903017619238607
          ],
          [
            114.80473677320822,
            24.90287012851286
          ],
          [
            114.80473677320822,
            24.90287012851286
          ],
          [
            114.80464460014936,
            24.9028869645287
          ]
        ],
        "type": "LineString"
      },
      "properties": {
        "alternative_distance_m": 97126,
        "alternative_duration_s": 22094,
        "alternative_national_m": 17307,
        "alternative_unknown_m": 44975,
        "candidate_id": "xinfeng-west-county-chain",
        "current_distance_m": 73348,
        "current_duration_s": 17685,
        "current_national_m": 43240,
        "distance_delta_m": 23778,
        "duration_delta_s": 4409,
        "from_name": "信丰",
        "label": "避国道绕行线",
        "national_reduction_m": 25933,
        "review_status": "manual_review",
        "risk_tags": [],
        "road_class": "unknown",
        "road_name": "",
        "route_role": "alternative",
        "segment_id": "main-19-to-main-20",
        "step_distance_m": 42,
        "step_index": 78,
        "to_name": "龙南"
      },
      "type": "Feature"
    },
    {
      "geometry": {
        "coordinates": [
          [
            114.80464059267803,
            24.902886957501025
          ],
          [
            114.80449731100711,
            24.90310367724058
          ],
          [
            114.80449731100711,
            24.90310367724058
          ],
          [
            114.80449731127855,
            24.903099677778368
          ],
          [
            114.80435404850394,
            24.90304243464483
          ],
          [
            114.80414065570355,
            24.90298606915616
          ]
        ],
        "type": "LineString"
      },
      "properties": {
        "alternative_distance_m": 97126,
        "alternative_duration_s": 22094,
        "alternative_national_m": 17307,
        "alternative_unknown_m": 44975,
        "candidate_id": "xinfeng-west-county-chain",
        "current_distance_m": 73348,
        "current_duration_s": 17685,
        "current_national_m": 43240,
        "distance_delta_m": 23778,
        "duration_delta_s": 4409,
        "from_name": "信丰",
        "label": "避国道绕行线",
        "national_reduction_m": 25933,
        "review_status": "manual_review",
        "risk_tags": [],
        "road_class": "unknown",
        "road_name": "龙翔大道",
        "route_role": "alternative",
        "segment_id": "main-19-to-main-20",
        "step_distance_m": 66,
        "step_index": 79,
        "to_name": "龙南"
      },
      "type": "Feature"
    },
    {
      "geometry": {
        "coordinates": [
          [
            114.8041366486015,
            24.902981062829582
          ],
          [
            114.80390120885959,
            24.90302464615168
          ],
          [
            114.80390120885959,
            24.90302464615168
          ],
          [
            114.80374090607094,
            24.903111355252342
          ],
          [
            114.80374090607094,
            24.903111355252342
          ],
          [
            114.8031227573269,
            24.903222267104145
          ],
          [
            114.80286628561726,
            24.903221823567574
          ],
          [
            114.80286628561726,
            24.903221823567574
          ],
          [
            114.80236636382627,
            24.90329995132021
          ],
          [
            114.80167910306608,
            24.903410758190205
          ],
          [
            114.80167910306608,
            24.903410758190205
          ],
          [
            114.80156188774905,
            24.903445553318296
          ]
        ],
        "type": "LineString"
      },
      "properties": {
        "alternative_distance_m": 97126,
        "alternative_duration_s": 22094,
        "alternative_national_m": 17307,
        "alternative_unknown_m": 44975,
        "candidate_id": "xinfeng-west-county-chain",
        "current_distance_m": 73348,
        "current_duration_s": 17685,
        "current_national_m": 43240,
        "distance_delta_m": 23778,
        "duration_delta_s": 4409,
        "from_name": "信丰",
        "label": "避国道绕行线",
        "national_reduction_m": 25933,
        "review_status": "manual_review",
        "risk_tags": [],
        "road_class": "unknown",
        "road_name": "龙翔大道",
        "route_role": "alternative",
        "segment_id": "main-19-to-main-20",
        "step_distance_m": 264,
        "step_index": 80,
        "to_name": "龙南"
      },
      "type": "Feature"
    },
    {
      "geometry": {
        "coordinates": [
          [
            114.80155788047317,
            24.90344554647903
          ],
          [
            114.80132745313082,
            24.903584134965662
          ],
          [
            114.8012493063167,
            24.903661991454474
          ]
        ],
        "type": "LineString"
      },
      "properties": {
        "alternative_distance_m": 97126,
        "alternative_duration_s": 22094,
        "alternative_national_m": 17307,
        "alternative_unknown_m": 44975,
        "candidate_id": "xinfeng-west-county-chain",
        "current_distance_m": 73348,
        "current_duration_s": 17685,
        "current_national_m": 43240,
        "distance_delta_m": 23778,
        "duration_delta_s": 4409,
        "from_name": "信丰",
        "label": "避国道绕行线",
        "national_reduction_m": 25933,
        "review_status": "manual_review",
        "risk_tags": [],
        "road_class": "unknown",
        "road_name": "翼龙路",
        "route_role": "alternative",
        "segment_id": "main-19-to-main-20",
        "step_distance_m": 39,
        "step_index": 81,
        "to_name": "龙南"
      },
      "type": "Feature"
    },
    {
      "geometry": {
        "coordinates": [
          [
            114.80124429724866,
            24.903661982931165
          ],
          [
            114.80101388853298,
            24.903544607049476
          ],
          [
            114.80101388853298,
            24.903544607049476
          ],
          [
            114.80101388880462,
            24.903540607587566
          ],
          [
            114.80094877067647,
            24.903548495995917
          ]
        ],
        "type": "LineString"
      },
      "properties": {
        "alternative_distance_m": 97126,
        "alternative_duration_s": 22094,
        "alternative_national_m": 17307,
        "alternative_unknown_m": 44975,
        "candidate_id": "xinfeng-west-county-chain",
        "current_distance_m": 73348,
        "current_duration_s": 17685,
        "current_national_m": 43240,
        "distance_delta_m": 23778,
        "duration_delta_s": 4409,
        "from_name": "信丰",
        "label": "避国道绕行线",
        "national_reduction_m": 25933,
        "review_status": "manual_review",
        "risk_tags": [],
        "road_class": "unknown",
        "road_name": "",
        "route_role": "alternative",
        "segment_id": "main-19-to-main-20",
        "step_distance_m": 34,
        "step_index": 82,
        "to_name": "龙南"
      },
      "type": "Feature"
    },
    {
      "geometry": {
        "coordinates": [
          [
            114.80094476310333,
            24.90355348852466
          ],
          [
            114.80083154148504,
            24.90380926213053
          ],
          [
            114.80083154148504,
            24.90380926213053
          ],
          [
            114.80082252522834,
            24.90380924685173
          ],
          [
            114.8005490410752,
            24.903686800463515
          ],
          [
            114.80034467573111,
            24.903660458960182
          ]
        ],
        "type": "LineString"
      },
      "properties": {
        "alternative_distance_m": 97126,
        "alternative_duration_s": 22094,
        "alternative_national_m": 17307,
        "alternative_unknown_m": 44975,
        "candidate_id": "xinfeng-west-county-chain",
        "current_distance_m": 73348,
        "current_duration_s": 17685,
        "current_national_m": 43240,
        "distance_delta_m": 23778,
        "duration_delta_s": 4409,
        "from_name": "信丰",
        "label": "避国道绕行线",
        "national_reduction_m": 25933,
        "review_status": "manual_review",
        "risk_tags": [],
        "road_class": "unknown",
        "road_name": "龙翔大道",
        "route_role": "alternative",
        "segment_id": "main-19-to-main-20",
        "step_distance_m": 82,
        "step_index": 83,
        "to_name": "龙南"
      },
      "type": "Feature"
    },
    {
      "geometry": {
        "coordinates": [
          [
            114.80034066881201,
            24.903656452740762
          ],
          [
            114.79986581284464,
            24.903742642223953
          ]
        ],
        "type": "LineString"
      },
      "properties": {
        "alternative_distance_m": 97126,
        "alternative_duration_s": 22094,
        "alternative_national_m": 17307,
        "alternative_unknown_m": 44975,
        "candidate_id": "xinfeng-west-county-chain",
        "current_distance_m": 73348,
        "current_duration_s": 17685,
        "current_national_m": 43240,
        "distance_delta_m": 23778,
        "duration_delta_s": 4409,
        "from_name": "信丰",
        "label": "避国道绕行线",
        "national_reduction_m": 25933,
        "review_status": "manual_review",
        "risk_tags": [],
        "road_class": "unknown",
        "road_name": "龙翔大道",
        "route_role": "alternative",
        "segment_id": "main-19-to-main-20",
        "step_distance_m": 49,
        "step_index": 84,
        "to_name": "龙南"
      },
      "type": "Feature"
    },
    {
      "geometry": {
        "coordinates": [
          [
            114.79986180568856,
            24.903742635499608
          ],
          [
            114.79991888412003,
            24.904089684646152
          ]
        ],
        "type": "LineString"
      },
      "properties": {
        "alternative_distance_m": 97126,
        "alternative_duration_s": 22094,
        "alternative_national_m": 17307,
        "alternative_unknown_m": 44975,
        "candidate_id": "xinfeng-west-county-chain",
        "current_distance_m": 73348,
        "current_duration_s": 17685,
        "current_national_m": 43240,
        "distance_delta_m": 23778,
        "duration_delta_s": 4409,
        "from_name": "信丰",
        "label": "避国道绕行线",
        "national_reduction_m": 25933,
        "review_status": "manual_review",
        "risk_tags": [],
        "road_class": "unknown",
        "road_name": "",
        "route_role": "alternative",
        "segment_id": "main-19-to-main-20",
        "step_distance_m": 39,
        "step_index": 85,
        "to_name": "龙南"
      },
      "type": "Feature"
    },
    {
      "geometry": {
        "coordinates": [
          [
            116.63248922299691,
            27.573559363548316
          ],
          [
            116.63253313873018,
            27.57357729995886
          ],
          [
            116.63253313873018,
            27.57357729995886
          ],
          [
            116.63269782402146,
            27.573620061013056
          ],
          [
            116.63282757673723,
            27.573636872228445
          ],
          [
            116.6329922637388,
            27.573636631952976
          ],
          [
            116.63312201714706,
            27.573628442137117
          ]
        ],
        "type": "LineString"
      },
      "properties": {
        "alternative_distance_m": 129520,
        "alternative_duration_s": 30345,
        "alternative_national_m": 5982,
        "alternative_unknown_m": 88189,
        "candidate_id": "fuhe-towns",
        "current_distance_m": 101586,
        "current_duration_s": 23728,
        "current_national_m": 39167,
        "distance_delta_m": 27934,
        "duration_delta_s": 6617,
        "from_name": "南城",
        "label": "避国道绕行线",
        "national_reduction_m": 33185,
        "review_status": "manual_review",
        "risk_tags": [],
        "road_class": "unknown",
        "road_name": "",
        "route_role": "alternative",
        "segment_id": "main-14-to-main-15",
        "step_distance_m": 63,
        "step_index": 0,
        "to_name": "广昌"
      },
      "type": "Feature"
    },
    {
      "geometry": {
        "coordinates": [
          [
            116.63312201751846,
            27.573623442129556
          ],
          [
            116.63316593916231,
            27.573550377681553
          ],
          [
            116.63323482222386,
            27.57335427641592
          ],
          [
            116.63323482222386,
            27.57335427641592
          ],
          [
            116.63331667705611,
            27.57320215604477
          ]
        ],
        "type": "LineString"
      },
      "properties": {
        "alternative_distance_m": 129520,
        "alternative_duration_s": 30345,
        "alternative_national_m": 5982,
        "alternative_unknown_m": 88189,
        "candidate_id": "fuhe-towns",
        "current_distance_m": 101586,
        "current_duration_s": 23728,
        "current_national_m": 39167,
        "distance_delta_m": 27934,
        "duration_delta_s": 6617,
        "from_name": "南城",
        "label": "避国道绕行线",
        "national_reduction_m": 33185,
        "review_status": "manual_review",
        "risk_tags": [],
        "road_class": "unknown",
        "road_name": "",
        "route_role": "alternative",
        "segment_id": "main-14-to-main-15",
        "step_distance_m": 51,
        "step_index": 1,
        "to_name": "广昌"
      },
      "type": "Feature"
    },
    {
      "geometry": {
        "coordinates": [
          [
            116.63331667735325,
            27.573198156040107
          ],
          [
            116.63331668797558,
            27.57305515588212
          ]
        ],
        "type": "LineString"
      },
      "properties": {
        "alternative_distance_m": 129520,
        "alternative_duration_s": 30345,
        "alternative_national_m": 5982,
        "alternative_unknown_m": 88189,
        "candidate_id": "fuhe-towns",
        "current_distance_m": 101586,
        "current_duration_s": 23728,
        "current_national_m": 39167,
        "distance_delta_m": 27934,
        "duration_delta_s": 6617,
        "from_name": "南城",
        "label": "避国道绕行线",
        "national_reduction_m": 33185,
        "review_status": "manual_review",
        "risk_tags": [],
        "road_class": "unknown",
        "road_name": "",
        "route_role": "alternative",
        "segment_id": "main-14-to-main-15",
        "step_distance_m": 16,
        "step_index": 2,
        "to_name": "广昌"
      },
      "type": "Feature"
    },
    {
      "geometry": {
        "coordinates": [
          [
            116.63331668834698,
            27.573050155876896
          ],
          [
            116.63371593383577,
            27.572893566994995
          ],
          [
            116.63390657473629,
            27.57278028434464
          ],
          [
            116.6340533011202,
            27.572646066153066
          ],
          [
            116.63417008529224,
            27.57250689209282
          ],
          [
            116.6342619207005,
            27.572324754960203
          ],
          [
            116.6342619207005,
            27.572324754960203
          ],
          [
            116.63439967565176,
            27.572020548908956
          ],
          [
            116.63439967565176,
            27.572020548908956
          ],
          [
            116.63443960376763,
            27.57194248911073
          ]
        ],
        "type": "LineString"
      },
      "properties": {
        "alternative_distance_m": 129520,
        "alternative_duration_s": 30345,
        "alternative_national_m": 5982,
        "alternative_unknown_m": 88189,
        "candidate_id": "fuhe-towns",
        "current_distance_m": 101586,
        "current_duration_s": 23728,
        "current_national_m": 39167,
        "distance_delta_m": 27934,
        "duration_delta_s": 6617,
        "from_name": "南城",
        "label": "避国道绕行线",
        "national_reduction_m": 33185,
        "review_status": "manual_review",
        "risk_tags": [],
        "road_class": "unknown",
        "road_name": "",
        "route_role": "alternative",
        "segment_id": "main-14-to-main-15",
        "step_distance_m": 173,
        "step_index": 3,
        "to_name": "广昌"
      },
      "type": "Feature"
    },
    {
      "geometry": {
        "coordinates": [
          [
            116.63443960413913,
            27.571937489110045
          ],
          [
            116.63515419318834,
            27.572106412304908
          ]
        ],
        "type": "LineString"
      },
      "properties": {
        "alternative_distance_m": 129520,
        "alternative_duration_s": 30345,
        "alternative_national_m": 5982,
        "alternative_unknown_m": 88189,
        "candidate_id": "fuhe-towns",
        "current_distance_m": 101586,
        "current_duration_s": 23728,
        "current_national_m": 39167,
        "distance_delta_m": 27934,
        "duration_delta_s": 6617,
        "from_name": "南城",
        "label": "避国道绕行线",
        "national_reduction_m": 33185,
        "review_status": "manual_review",
        "risk_tags": [],
        "road_class": "unknown",
        "road_name": "迎宾路",
        "route_role": "alternative",
        "segment_id": "main-14-to-main-15",
        "step_distance_m": 73,
        "step_index": 4,
        "to_name": "广昌"
      },
      "type": "Feature"
    },
    {
      "geometry": {
        "coordinates": [
          [
            116.63515419318834,
            27.572106412304908
          ],
          [
            116.63527496158986,
            27.572023229063728
          ],
          [
            116.63533983532633,
            27.57200113048777
          ],
          [
            116.63543564620991,
            27.572000984717658
          ]
        ],
        "type": "LineString"
      },
      "properties": {
        "alternative_distance_m": 129520,
        "alternative_duration_s": 30345,
        "alternative_national_m": 5982,
        "alternative_unknown_m": 88189,
        "candidate_id": "fuhe-towns",
        "current_distance_m": 101586,
        "current_duration_s": 23728,
        "current_national_m": 39167,
        "distance_delta_m": 27934,
        "duration_delta_s": 6617,
        "from_name": "南城",
        "label": "避国道绕行线",
        "national_reduction_m": 33185,
        "review_status": "manual_review",
        "risk_tags": [],
        "road_class": "unknown",
        "road_name": "",
        "route_role": "alternative",
        "segment_id": "main-14-to-main-15",
        "step_distance_m": 31,
        "step_index": 5,
        "to_name": "广昌"
      },
      "type": "Feature"
    },
    {
      "geometry": {
        "coordinates": [
          [
            116.63543564650719,
            27.571996984716918
          ],
          [
            116.63540074001097,
            27.57166703787204
          ],
          [
            116.63540074001097,
            27.57166703787204
          ],
          [
            116.63531896338569,
            27.570834162683656
          ],
          [
            116.63531896338569,
            27.570834162683656
          ],
          [
            116.63521923033751,
            27.56988831533042
          ],
          [
            116.63521923033751,
            27.56988831533042
          ],
          [
            116.63512847807301,
            27.56895945481898
          ],
          [
            116.63512847807301,
            27.56895945481898
          ],
          [
            116.63503772133046,
            27.568087594639216
          ],
          [
            116.63501079199345,
            27.56784863614177
          ]
        ],
        "type": "LineString"
      },
      "properties": {
        "alternative_distance_m": 129520,
        "alternative_duration_s": 30345,
        "alternative_national_m": 5982,
        "alternative_unknown_m": 88189,
        "candidate_id": "fuhe-towns",
        "current_distance_m": 101586,
        "current_duration_s": 23728,
        "current_national_m": 39167,
        "distance_delta_m": 27934,
        "duration_delta_s": 6617,
        "from_name": "南城",
        "label": "避国道绕行线",
        "national_reduction_m": 33185,
        "review_status": "manual_review",
        "risk_tags": [],
        "road_class": "unknown",
        "road_name": "建昌大道",
        "route_role": "alternative",
        "segment_id": "main-14-to-main-15",
        "step_distance_m": 461,
        "step_index": 6,
        "to_name": "广昌"
      },
      "type": "Feature"
    },
    {
      "geometry": {
        "coordinates": [
          [
            116.63500680020098,
            27.567843642194575
          ],
          [
            116.63489901382904,
            27.567813805135
          ],
          [
            116.63483414542989,
            27.56775290320392
          ],
          [
            116.63483414542989,
            27.56775290320392
          ],
          [
            116.63479921922446,
            27.567679956102378
          ],
          [
            116.63479921922446,
            27.567679956102378
          ],
          [
            116.6347902439321,
            27.567583969963096
          ],
          [
            116.63480721622997,
            27.56750994465089
          ],
          [
            116.63487309238351,
            27.56744084556133
          ],
          [
            116.63495892644268,
            27.567409716078032
          ],
          [
            116.63495892644268,
            27.567409716078032
          ],
          [
            116.63509765436054,
            27.567405506249663
          ],
          [
            116.63509765436054,
            27.567405506249663
          ],
          [
            116.63522340311282,
            27.56745731544
          ],
          [
            116.6352802836214,
            27.56755722872873
          ]
        ],
        "type": "LineString"
      },
      "properties": {
        "alternative_distance_m": 129520,
        "alternative_duration_s": 30345,
        "alternative_national_m": 5982,
        "alternative_unknown_m": 88189,
        "candidate_id": "fuhe-towns",
        "current_distance_m": 101586,
        "current_duration_s": 23728,
        "current_national_m": 39167,
        "distance_delta_m": 27934,
        "duration_delta_s": 6617,
        "from_name": "南城",
        "label": "避国道绕行线",
        "national_reduction_m": 33185,
        "review_status": "manual_review",
        "risk_tags": [],
        "road_class": "unknown",
        "road_name": "",
        "route_role": "alternative",
        "segment_id": "main-14-to-main-15",
        "step_distance_m": 106,
        "step_index": 7,
        "to_name": "广昌"
      },
      "type": "Feature"
    },
    {
      "geometry": {
        "coordinates": [
          [
            116.6352802836214,
            27.56755722872873
          ],
          [
            116.63580425322908,
            27.56747442987963
          ],
          [
            116.63580425322908,
            27.56747442987963
          ],
          [
            116.63719846968249,
            27.567311272138344
          ],
          [
            116.63719846968249,
            27.567311272138344
          ],
          [
            116.6378830839505,
            27.567223196089497
          ],
          [
            116.6378830839505,
            27.567223196089497
          ],
          [
            116.63897883876493,
            27.56710045180694
          ],
          [
            116.63897883876493,
            27.56710045180694
          ],
          [
            116.63903971328615,
            27.56709135413568
          ],
          [
            116.63903971328615,
            27.56709135413568
          ],
          [
            116.6400276579921,
            27.567019757538894
          ],
          [
            116.6400276579921,
            27.567019757538894
          ],
          [
            116.64052062292194,
            27.56698895311389
          ],
          [
            116.64052062292194,
            27.56698895311389
          ],
          [
            116.6414476593675,
            27.56694442674709
          ]
        ],
        "type": "LineString"
      },
      "properties": {
        "alternative_distance_m": 129520,
        "alternative_duration_s": 30345,
        "alternative_national_m": 5982,
        "alternative_unknown_m": 88189,
        "candidate_id": "fuhe-towns",
        "current_distance_m": 101586,
        "current_duration_s": 23728,
        "current_national_m": 39167,
        "distance_delta_m": 27934,
        "duration_delta_s": 6617,
        "from_name": "南城",
        "label": "避国道绕行线",
        "national_reduction_m": 33185,
        "review_status": "manual_review",
        "risk_tags": [],
        "road_class": "unknown",
        "road_name": "登高路",
        "route_role": "alternative",
        "segment_id": "main-14-to-main-15",
        "step_distance_m": 611,
        "step_index": 8,
        "to_name": "广昌"
      },
      "type": "Feature"
    },
    {
      "geometry": {
        "coordinates": [
          [
            116.64144765973961,
            27.566939426766847
          ],
          [
            116.64150853434354,
            27.566879326162447
          ],
          [
            116.64152150993145,
            27.56683530483868
          ]
        ],
        "type": "LineString"
      },
      "properties": {
        "alternative_distance_m": 129520,
        "alternative_duration_s": 30345,
        "alternative_national_m": 5982,
        "alternative_unknown_m": 88189,
        "candidate_id": "fuhe-towns",
        "current_distance_m": 101586,
        "current_duration_s": 23728,
        "current_national_m": 39167,
        "distance_delta_m": 27934,
        "duration_delta_s": 6617,
        "from_name": "南城",
        "label": "避国道绕行线",
        "national_reduction_m": 33185,
        "review_status": "manual_review",
        "risk_tags": [],
        "road_class": "unknown",
        "road_name": "盱江北大道",
        "route_role": "alternative",
        "segment_id": "main-14-to-main-15",
        "step_distance_m": 14,
        "step_index": 9,
        "to_name": "广昌"
      },
      "type": "Feature"
    },
    {
      "geometry": {
        "coordinates": [
          [
            116.64152151022915,
            27.566831304854848
          ],
          [
            116.6417250677974,
            27.56693096661998
          ],
          [
            116.6417250677974,
            27.56693096661998
          ],
          [
            116.64172506816954,
            27.566925966639797
          ],
          [
            116.6418118823628,
            27.566925822313337
          ],
          [
            116.6418118823628,
            27.566925822313337
          ],
          [
            116.6423008325832,
            27.56692500667608
          ],
          [
            116.6423008325832,
            27.56692500667608
          ],
          [
            116.6431978897114,
            27.566958498110235
          ],
          [
            116.6431978897114,
            27.566958498110235
          ],
          [
            116.6435531163865,
            27.566957896587805
          ],
          [
            116.64383849631137,
            27.56691441182445
          ]
        ],
        "type": "LineString"
      },
      "properties": {
        "alternative_distance_m": 129520,
        "alternative_duration_s": 30345,
        "alternative_national_m": 5982,
        "alternative_unknown_m": 88189,
        "candidate_id": "fuhe-towns",
        "current_distance_m": 101586,
        "current_duration_s": 23728,
        "current_national_m": 39167,
        "distance_delta_m": 27934,
        "duration_delta_s": 6617,
        "from_name": "南城",
        "label": "避国道绕行线",
        "national_reduction_m": 33185,
        "review_status": "manual_review",
        "risk_tags": [],
        "road_class": "unknown",
        "road_name": "登高路",
        "route_role": "alternative",
        "segment_id": "main-14-to-main-15",
        "step_distance_m": 230,
        "step_index": 10,
        "to_name": "广昌"
      },
      "type": "Feature"
    },
    {
      "geometry": {
        "coordinates": [
          [
            116.64383849668374,
            27.56690941184432
          ],
          [
            116.64408097212916,
            27.566822998997896
          ],
          [
            116.64408097212916,
            27.566822998997896
          ],
          [
            116.64462679368829,
            27.566535066219878
          ],
          [
            116.64522050217356,
            27.566256045546645
          ],
          [
            116.64522050217356,
            27.566256045546645
          ],
          [
            116.6474416066794,
            27.565224175042925
          ],
          [
            116.64813904954809,
            27.564905943604483
          ],
          [
            116.6496416667227,
            27.56420026644319
          ],
          [
            116.6496416667227,
            27.56420026644319
          ],
          [
            116.64993599965635,
            27.564060738349692
          ],
          [
            116.64993599965635,
            27.564060738349692
          ],
          [
            116.6499918735072,
            27.56402563802418
          ],
          [
            116.6499918735072,
            27.56402563802418
          ],
          [
            116.6504338693129,
            27.563807842540765
          ],
          [
            116.6504338693129,
            27.563807842540765
          ],
          [
            116.65084592848022,
            27.56362909847368
          ]
        ],
        "type": "LineString"
      },
      "properties": {
        "alternative_distance_m": 129520,
        "alternative_duration_s": 30345,
        "alternative_national_m": 5982,
        "alternative_unknown_m": 88189,
        "candidate_id": "fuhe-towns",
        "current_distance_m": 101586,
        "current_duration_s": 23728,
        "current_national_m": 39167,
        "distance_delta_m": 27934,
        "duration_delta_s": 6617,
        "from_name": "南城",
        "label": "避国道绕行线",
        "national_reduction_m": 33185,
        "review_status": "manual_review",
        "risk_tags": [],
        "road_class": "unknown",
        "road_name": "登高路",
        "route_role": "alternative",
        "segment_id": "main-14-to-main-15",
        "step_distance_m": 779,
        "step_index": 11,
        "to_name": "广昌"
      },
      "type": "Feature"
    },
    {
      "geometry": {
        "coordinates": [
          [
            116.65084592877868,
            27.56362509850036
          ],
          [
            116.65087985981185,
            27.563495037924774
          ],
          [
            116.65088486577584,
            27.563260030502473
          ],
          [
            116.65068939087699,
            27.562297391646794
          ],
          [
            116.65068939087699,
            27.562297391646794
          ],
          [
            116.6505637363917,
            27.561567624874932
          ],
          [
            116.6505637363917,
            27.561567624874932
          ],
          [
            116.65055077028589,
            27.561515648755062
          ],
          [
            116.65055077028589,
            27.561515648755062
          ],
          [
            116.65048198393292,
            27.560786779501054
          ],
          [
            116.65048198393292,
            27.560786779501054
          ],
          [
            116.65044311919745,
            27.56017985540596
          ],
          [
            116.65044311919745,
            27.56017985540596
          ],
          [
            116.65040426458003,
            27.55943693296437
          ],
          [
            116.65040426458003,
            27.55943693296437
          ],
          [
            116.65035244982842,
            27.5585610358042
          ],
          [
            116.65035244982842,
            27.5585610358042
          ],
          [
            116.65034746560718,
            27.558504045427163
          ],
          [
            116.65034746560718,
            27.558504045427163
          ],
          [
            116.65027872301884,
            27.557185184729
          ],
          [
            116.65027872301884,
            27.557185184729
          ],
          [
            116.6502747406636,
            27.55707219328747
          ],
          [
            116.650239859486,
            27.55656026256043
          ],
          [
            116.650239859486,
            27.55656026256043
          ],
          [
            116.65018804241979,
            27.555713366987526
          ],
          [
            116.65018804241979,
            27.555713366987526
          ],
          [
            116.65014420062589,
            27.55495045642466
          ],
          [
            116.65014420062589,
            27.55495045642466
          ],
          [
            116.65014021378627,
            27.554897464350685
          ],
          [
            116.65014021378627,
            27.554897464350685
          ],
          [
            116.65013623328505,
            27.554759473465456
          ],
          [
            116.65013623328505,
            27.554759473465456
          ],
          [
            116.65007942471946,
            27.55395158749674
          ],
          [
            116.65007942471946,
            27.55395158749674
          ],
          [
            116.65006649310763,
            27.55343561853472
          ],
          [
            116.65006649310763,
            27.55343561853472
          ],
          [
            116.65006651122746,
            27.553192622226927
          ],
          [
            116.65009747032067,
            27.552784572827584
          ],
          [
            116.65013639577253,
            27.55258050593056
          ],
          [
            116.65042182291205,
            27.551425010025195
          ],
          [
            116.65051265531602,
            27.550856855681666
          ],
          [
            116.65051766092749,
            27.55062685065348
          ],
          [
            116.65050870019161,
            27.550378871225615
          ],
          [
            116.65042692300764,
            27.549928027041393
          ],
          [
            116.65025734529941,
            27.549520340546728
          ],
          [
            116.65011868221308,
            27.549294594701966
          ],
          [
            116.65011868221308,
            27.549294594701966
          ],
          [
            116.6499850040339,
            27.549112838839285
          ],
          [
            116.64977251219487,
            27.54886122575996
          ],
          [
            116.64977251219487,
            27.54886122575996
          ],
          [
            116.64959094361429,
            27.548675555360187
          ],
          [
            116.64942234157968,
            27.548531860483177
          ],
          [
            116.64891952325473,
            27.54813376756629
          ],
          [
            116.64859029583647,
            27.54785635992733
          ],
          [
            116.64821817085394,
            27.547488028736538
          ],
          [
            116.64821817085394,
            27.547488028736538
          ],
          [
            116.6481443454798,
            27.54739716154933
          ],
          [
            116.64808348957638,
            27.547319271034194
          ],
          [
            116.64808348957638,
            27.547319271034194
          ],
          [
            116.64788895189503,
            27.54704162127106
          ],
          [
            116.64775926401784,
            27.54679885566654
          ],
          [
            116.6476555177831,
            27.546547044231403
          ],
          [
            116.64755177611548,
            27.54623123403165
          ],
          [
            116.64755177611548,
            27.54623123403165
          ],
          [
            116.64751287446522,
            27.54609230561986
          ],
          [
            116.64715278595716,
            27.544772968660205
          ],
          [
            116.64708396501139,
            27.54445209687356
          ],
          [
            116.64708396501139,
            27.54445209687356
          ],
          [
            116.64704905566515,
            27.544291161872113
          ],
          [
            116.6470101655589,
            27.54399223704118
          ],
          [
            116.64699322541756,
            27.543701273539263
          ],
          [
            116.64699324574885,
            27.543428279903193
          ],
          [
            116.64701422702532,
            27.543046252121
          ],
          [
            116.64713600420004,
            27.542356054824918
          ]
        ],
        "type": "LineString"
      },
      "properties": {
        "alternative_distance_m": 129520,
        "alternative_duration_s": 30345,
        "alternative_national_m": 5982,
        "alternative_unknown_m": 88189,
        "candidate_id": "fuhe-towns",
        "current_distance_m": 101586,
        "current_duration_s": 23728,
        "current_national_m": 39167,
        "distance_delta_m": 27934,
        "duration_delta_s": 6617,
        "from_name": "南城",
        "label": "避国道绕行线",
        "national_reduction_m": 33185,
        "review_status": "manual_review",
        "risk_tags": [],
        "road_class": "unknown",
        "road_name": "黎滩河大道",
        "route_role": "alternative",
        "segment_id": "main-14-to-main-15",
        "step_distance_m": 2461,
        "step_index": 12,
        "to_name": "广昌"
      },
      "type": "Feature"
    },
    {
      "geometry": {
        "coordinates": [
          [
            116.6471360045724,
            27.54235105494653
          ],
          [
            116.64598858342158,
            27.542280063331155
          ]
        ],
        "type": "LineString"
      },
      "properties": {
        "alternative_distance_m": 129520,
        "alternative_duration_s": 30345,
        "alternative_national_m": 5982,
        "alternative_unknown_m": 88189,
        "candidate_id": "fuhe-towns",
        "current_distance_m": 101586,
        "current_duration_s": 23728,
        "current_national_m": 39167,
        "distance_delta_m": 27934,
        "duration_delta_s": 6617,
        "from_name": "南城",
        "label": "避国道绕行线",
        "national_reduction_m": 33185,
        "review_status": "manual_review",
        "risk_tags": [],
        "road_class": "unknown",
        "road_name": "张升路",
        "route_role": "alternative",
        "segment_id": "main-14-to-main-15",
        "step_distance_m": 113,
        "step_index": 13,
        "to_name": "广昌"
      },
      "type": "Feature"
    },
    {
      "geometry": {
        "coordinates": [
          [
            116.64598359492625,
            27.542275072130515
          ],
          [
            116.6459666379097,
            27.54220610331548
          ],
          [
            116.6459666379097,
            27.54220610331548
          ],
          [
            116.64591477113474,
            27.541971199289456
          ],
          [
            116.64587188808504,
            27.541685280930945
          ],
          [
            116.6458719410888,
            27.540973298858535
          ],
          [
            116.64584601439462,
            27.540765349243326
          ],
          [
            116.64543898361559,
            27.53991107721068
          ],
          [
            116.64532626255824,
            27.53952528241247
          ],
          [
            116.64530833670149,
            27.539064325840435
          ],
          [
            116.64539518512447,
            27.53851319082711
          ],
          [
            116.64552492289374,
            27.538165975968028
          ],
          [
            116.64586721452721,
            27.537449402499533
          ],
          [
            116.64598897669482,
            27.536997203822796
          ],
          [
            116.6460279624963,
            27.536021164636107
          ],
          [
            116.6460279624963,
            27.536021164636107
          ],
          [
            116.64601899221618,
            27.53589118411878
          ],
          [
            116.64601899221618,
            27.53589118411878
          ],
          [
            116.64601003942558,
            27.535526210649582
          ],
          [
            116.64596716001923,
            27.535192295355408
          ],
          [
            116.64595020403499,
            27.535109327369792
          ],
          [
            116.64587639353378,
            27.534775465900612
          ],
          [
            116.64578960727502,
            27.534502625067688
          ],
          [
            116.64520500688054,
            27.533149679841273
          ],
          [
            116.64505835258295,
            27.532867941896622
          ],
          [
            116.6449925118462,
            27.53268506128144
          ],
          [
            116.64488079592407,
            27.53218626993918
          ],
          [
            116.64488079592407,
            27.53218626993918
          ],
          [
            116.64485885890927,
            27.531991314121115
          ],
          [
            116.64485889060181,
            27.531565328256022
          ],
          [
            116.64495870052194,
            27.531157170220883
          ],
          [
            116.64503255207342,
            27.53095804976308
          ],
          [
            116.64503255207342,
            27.53095804976308
          ],
          [
            116.64508843686222,
            27.53084495728761
          ],
          [
            116.64508843686222,
            27.53084495728761
          ],
          [
            116.64546067381649,
            27.53001134301897
          ],
          [
            116.64546067381649,
            27.53001134301897
          ],
          [
            116.6459377000193,
            27.52883355714343
          ],
          [
            116.64624505471716,
            27.52828204185881
          ],
          [
            116.64696851626238,
            27.52714781776458
          ],
          [
            116.64728385620828,
            27.526470288829355
          ],
          [
            116.64735370698918,
            27.526357170105634
          ],
          [
            116.64735370698918,
            27.526357170105634
          ],
          [
            116.64754829062028,
            27.526044838926012
          ],
          [
            116.6480721462826,
            27.525470934503332
          ],
          [
            116.64814199992256,
            27.5253058170386
          ],
          [
            116.64821085574302,
            27.525140701294184
          ],
          [
            116.64828072893812,
            27.524710594067162
          ],
          [
            116.64828072893812,
            27.524710594067162
          ],
          [
            116.64825879725034,
            27.52446364272483
          ],
          [
            116.6481720152857,
            27.524185807727513
          ],
          [
            116.6481720152857,
            27.524185807727513
          ],
          [
            116.64815106773779,
            27.524120847465287
          ],
          [
            116.64814608063641,
            27.524099857145128
          ],
          [
            116.64807226033142,
            27.523938994439824
          ],
          [
            116.64807226033142,
            27.523938994439824
          ],
          [
            116.64760539429868,
            27.522923861239747
          ],
          [
            116.64737996205825,
            27.52214329088737
          ]
        ],
        "type": "LineString"
      },
      "properties": {
        "alternative_distance_m": 129520,
        "alternative_duration_s": 30345,
        "alternative_national_m": 5982,
        "alternative_unknown_m": 88189,
        "candidate_id": "fuhe-towns",
        "current_distance_m": 101586,
        "current_duration_s": 23728,
        "current_national_m": 39167,
        "distance_delta_m": 27934,
        "duration_delta_s": 6617,
        "from_name": "南城",
        "label": "避国道绕行线",
        "national_reduction_m": 33185,
        "review_status": "manual_review",
        "risk_tags": [],
        "road_class": "unknown",
        "road_name": "南上段",
        "route_role": "alternative",
        "segment_id": "main-14-to-main-15",
        "step_distance_m": 2362,
        "step_index": 14,
        "to_name": "广昌"
      },
      "type": "Feature"
    },
    {
      "geometry": {
        "coordinates": [
          [
            116.64737597136741,
            27.522139298083705
          ],
          [
            116.64737998885015,
            27.521783305802717
          ],
          [
            116.64737998885015,
            27.521783305802717
          ],
          [
            116.64744490540758,
            27.52093622703387
          ],
          [
            116.64744490540758,
            27.52093622703387
          ],
          [
            116.64746188903939,
            27.520641209645504
          ],
          [
            116.64744097768009,
            27.520086270325407
          ],
          [
            116.64736317702507,
            27.519769421140158
          ],
          [
            116.64715469487018,
            27.519131815915788
          ],
          [
            116.64715469487018,
            27.519131815915788
          ],
          [
            116.64689932740679,
            27.518359298625747
          ],
          [
            116.64679161031528,
            27.5178125120128
          ],
          [
            116.64670088557172,
            27.516853714539906
          ],
          [
            116.64655326105283,
            27.51626000025187
          ],
          [
            116.64633280405532,
            27.515600416141254
          ],
          [
            116.64633680643031,
            27.51544841629908
          ],
          [
            116.6463797220057,
            27.515292348742406
          ],
          [
            116.64683475472019,
            27.514575586662858
          ],
          [
            116.64686469651467,
            27.514453539999156
          ]
        ],
        "type": "LineString"
      },
      "properties": {
        "alternative_distance_m": 129520,
        "alternative_duration_s": 30345,
        "alternative_national_m": 5982,
        "alternative_unknown_m": 88189,
        "candidate_id": "fuhe-towns",
        "current_distance_m": 101586,
        "current_duration_s": 23728,
        "current_national_m": 39167,
        "distance_delta_m": 27934,
        "duration_delta_s": 6617,
        "from_name": "南城",
        "label": "避国道绕行线",
        "national_reduction_m": 33185,
        "review_status": "manual_review",
        "risk_tags": [],
        "road_class": "unknown",
        "road_name": "南上段",
        "route_role": "alternative",
        "segment_id": "main-14-to-main-15",
        "step_distance_m": 877,
        "step_index": 15,
        "to_name": "广昌"
      },
      "type": "Feature"
    },
    {
      "geometry": {
        "coordinates": [
          [
            116.64686469681223,
            27.51444954019021
          ],
          [
            116.64687368339406,
            27.514358528792208
          ],
          [
            116.64686071939734,
            27.514266555944012
          ],
          [
            116.64678689365162,
            27.5141546907469
          ],
          [
            116.64605557474809,
            27.513573996130862
          ],
          [
            116.64597775257518,
            27.51351813425149
          ],
          [
            116.64586102645124,
            27.513335346066086
          ],
          [
            116.64581713489288,
            27.51319242929082
          ],
          [
            116.64581713489288,
            27.51319242929082
          ],
          [
            116.64580416794752,
            27.513136454549
          ],
          [
            116.64580416831933,
            27.513131454793378
          ],
          [
            116.64580418505113,
            27.51290646581215
          ],
          [
            116.64600783787553,
            27.51147318323626
          ],
          [
            116.64612960584074,
            27.5109389983153
          ],
          [
            116.64617253192966,
            27.51064393857595
          ],
          [
            116.64617253192966,
            27.51064393857595
          ],
          [
            116.6461765271761,
            27.510587934477776
          ],
          [
            116.6461765271761,
            27.510587934477776
          ],
          [
            116.64619450124493,
            27.510396912941673
          ],
          [
            116.64619450124493,
            27.510396912941673
          ],
          [
            116.64627640065004,
            27.50928982747785
          ],
          [
            116.64627640065004,
            27.50928982747785
          ],
          [
            116.64630236329819,
            27.509011796748545
          ],
          [
            116.64630236329819,
            27.509011796748545
          ],
          [
            116.64635030031262,
            27.5084177444262
          ],
          [
            116.64635432209234,
            27.50800475936133
          ],
          [
            116.64630249335484,
            27.507262889605183
          ],
          [
            116.64630249335484,
            27.507262889605183
          ],
          [
            116.64630249528815,
            27.50723689100503
          ],
          [
            116.64630249528815,
            27.50723689100503
          ],
          [
            116.64624667184894,
            27.506543026030737
          ],
          [
            116.6462027887234,
            27.50629111630726
          ],
          [
            116.64599928262916,
            27.50576149980277
          ],
          [
            116.64576983078985,
            27.505267925880457
          ],
          [
            116.64576983078985,
            27.505267925880457
          ],
          [
            116.64569201625858,
            27.50510307008195
          ],
          [
            116.64526402346533,
            27.504339853679493
          ],
          [
            116.64490387159826,
            27.503650513694648
          ],
          [
            116.6448390289834,
            27.50345963614348
          ],
          [
            116.6448390289834,
            27.50345963614348
          ],
          [
            116.64479614461798,
            27.50317772602963
          ],
          [
            116.64476524257545,
            27.502777802169653
          ],
          [
            116.64476524257545,
            27.502777802169653
          ],
          [
            116.64476129782328,
            27.50215284520324
          ],
          [
            116.64476130198472,
            27.50209684846065
          ],
          [
            116.64476130198472,
            27.50209684846065
          ],
          [
            116.64476537603767,
            27.500981907010804
          ],
          [
            116.64472249747155,
            27.50062100212414
          ],
          [
            116.64466164967375,
            27.500378121104152
          ],
          [
            116.64452298344185,
            27.499996381854775
          ],
          [
            116.64452298344185,
            27.499996381854775
          ],
          [
            116.64418178724033,
            27.499268009687807
          ],
          [
            116.64404711113822,
            27.49888226304431
          ],
          [
            116.64396930508106,
            27.49856541508111
          ],
          [
            116.64368304826993,
            27.496986000060406
          ],
          [
            116.64363119689624,
            27.496509118097713
          ],
          [
            116.64363121917782,
            27.496209137008446
          ],
          [
            116.64364919158719,
            27.496053116372632
          ],
          [
            116.64376997639982,
            27.49540195257838
          ],
          [
            116.64381790177407,
            27.494997896973356
          ],
          [
            116.64381790177407,
            27.494997896973356
          ],
          [
            116.64387880549789,
            27.49450282525708
          ],
          [
            116.64387880549789,
            27.49450282525708
          ],
          [
            116.64389977059646,
            27.49435579908464
          ],
          [
            116.64426405425566,
            27.493257249273896
          ],
          [
            116.64431595647024,
            27.493040174819505
          ],
          [
            116.64431595647024,
            27.493040174819505
          ],
          [
            116.64441177470778,
            27.492654036376173
          ],
          [
            116.64454154039144,
            27.491967859727733
          ],
          [
            116.64471419022102,
            27.49156359055589
          ],
          [
            116.64485289619142,
            27.49140336292956
          ],
          [
            116.64529493371371,
            27.491198614727825
          ],
          [
            116.64539870592185,
            27.491167437455957
          ],
          [
            116.64616501837098,
            27.49091912398363
          ],
          [
            116.64645139304025,
            27.490714638218424
          ],
          [
            116.6471229426361,
            27.489936514463817
          ],
          [
            116.64729158003448,
            27.48970123396464
          ]
        ],
        "type": "LineString"
      },
      "properties": {
        "alternative_distance_m": 129520,
        "alternative_duration_s": 30345,
        "alternative_national_m": 5982,
        "alternative_unknown_m": 88189,
        "candidate_id": "fuhe-towns",
        "current_distance_m": 101586,
        "current_duration_s": 23728,
        "current_national_m": 39167,
        "distance_delta_m": 27934,
        "duration_delta_s": 6617,
        "from_name": "南城",
        "label": "避国道绕行线",
        "national_reduction_m": 33185,
        "review_status": "manual_review",
        "risk_tags": [],
        "road_class": "county",
        "road_name": "886县道",
        "route_role": "alternative",
        "segment_id": "main-14-to-main-15",
        "step_distance_m": 2970,
        "step_index": 16,
        "to_name": "广昌"
      },
      "type": "Feature"
    },
    {
      "geometry": {
        "coordinates": [
          [
            116.6472915803318,
            27.489697234239244
          ],
          [
            116.64733448740773,
            27.489645162270804
          ],
          [
            116.64742529762478,
            27.489441016345157
          ],
          [
            116.64755604008369,
            27.488932820946413
          ],
          [
            116.64754308263403,
            27.48875485617985
          ],
          [
            116.64669810309279,
            27.487181451983854
          ],
          [
            116.64650756400933,
            27.48672981744422
          ],
          [
            116.64639983081325,
            27.48638703014987
          ],
          [
            116.6463739052949,
            27.48616609125074
          ],
          [
            116.64642582014379,
            27.485749030600555
          ],
          [
            116.6464258368615,
            27.48552404681775
          ],
          [
            116.64638196997856,
            27.485055157417374
          ],
          [
            116.64638196997856,
            27.485055157417374
          ],
          [
            116.64629622710054,
            27.484178371123782
          ],
          [
            116.64606680039765,
            27.483362831098923
          ],
          [
            116.64583239697214,
            27.482369312732374
          ],
          [
            116.64579749211329,
            27.482135390903508
          ],
          [
            116.64581547567163,
            27.481818383546035
          ],
          [
            116.64581547567163,
            27.481818383546035
          ],
          [
            116.645923357128,
            27.480182320640083
          ],
          [
            116.64594533300678,
            27.47984830813523
          ],
          [
            116.64591942856177,
            27.479340392430586
          ],
          [
            116.64556037834102,
            27.47731417425185
          ],
          [
            116.6453000328551,
            27.47628170688182
          ],
          [
            116.6453000328551,
            27.47628170688182
          ],
          [
            116.64513544545589,
            27.475635042978503
          ],
          [
            116.64504067670596,
            27.47534422985198
          ],
          [
            116.64504067670596,
            27.47534422985198
          ],
          [
            116.64467255879502,
            27.474407939123743
          ],
          [
            116.6445817925862,
            27.473952132187904
          ],
          [
            116.6445817925862,
            27.473952132187904
          ],
          [
            116.64456383820124,
            27.473870169707798
          ],
          [
            116.64456385401196,
            27.473657187187413
          ],
          [
            116.64462474318756,
            27.47334510845653
          ],
          [
            116.64527047878778,
            27.471169178340233
          ],
          [
            116.64544810757535,
            27.470864896973268
          ],
          [
            116.64590712113112,
            27.47040414004282
          ],
          [
            116.64596799705642,
            27.470248047487328
          ],
          [
            116.64593308811769,
            27.470070123349206
          ],
          [
            116.64565177954402,
            27.46919368681457
          ],
          [
            116.64534453169978,
            27.468252300063995
          ],
          [
            116.6452617419383,
            27.467892474402994
          ],
          [
            116.64527976591208,
            27.46703351841321
          ],
          [
            116.6455522654492,
            27.46563517070971
          ],
          [
            116.64554828752561,
            27.465457193454682
          ],
          [
            116.64554828752561,
            27.465457193454682
          ],
          [
            116.64554331048139,
            27.465297216348848
          ],
          [
            116.64542260873567,
            27.464889461748648
          ],
          [
            116.64528792962567,
            27.464589721472908
          ],
          [
            116.64456460098211,
            27.46359305650965
          ],
          [
            116.64449177760338,
            27.463372201403892
          ],
          [
            116.64448280573352,
            27.463259227052415
          ],
          [
            116.64452173692527,
            27.46303318092265
          ],
          [
            116.64472932056356,
            27.462485874742754
          ],
          [
            116.64472932056356,
            27.462485874742754
          ],
          [
            116.64495087497612,
            27.46190454713612
          ],
          [
            116.64500277646106,
            27.46168747777134
          ],
          [
            116.64505472716203,
            27.46080646990581
          ],
          [
            116.64512859192783,
            27.4604283777905
          ],
          [
            116.64531023305067,
            27.45984611871312
          ],
          [
            116.64531023305067,
            27.45984611871312
          ],
          [
            116.64544894934599,
            27.45952490904383
          ],
          [
            116.64544894934599,
            27.45952490904383
          ],
          [
            116.64568247231763,
            27.458964557382387
          ],
          [
            116.64575234628525,
            27.458569473593286
          ],
          [
            116.64569549853933,
            27.45822260519337
          ],
          [
            116.64568751725359,
            27.458209620272473
          ],
          [
            116.64557478712237,
            27.457949840440108
          ],
          [
            116.64557478712237,
            27.457949840440108
          ],
          [
            116.64527150536199,
            27.45733842357421
          ],
          [
            116.64506797932589,
            27.457021805175113
          ],
          [
            116.6448215458237,
            27.456722258286646
          ],
          [
            116.64434862175509,
            27.456250115105284
          ],
          [
            116.64276017932104,
            27.454942937237917
          ],
          [
            116.64226128897573,
            27.454478819361757
          ],
          [
            116.64193701597888,
            27.45405840194723
          ],
          [
            116.64193701597888,
            27.45405840194723
          ],
          [
            116.64184622385308,
            27.453876571053783
          ],
          [
            116.6416905888001,
            27.45344287271265
          ],
          [
            116.64166366212493,
            27.45322993856236
          ],
          [
            116.64165074029238,
            27.452549027854648
          ],
          [
            116.64165074029238,
            27.452549027854648
          ],
          [
            116.64158193259019,
            27.45193720331683
          ],
          [
            116.64141336152868,
            27.450999577160687
          ],
          [
            116.64120487489143,
            27.450058017484796
          ],
          [
            116.64120487489143,
            27.450058017484796
          ],
          [
            116.64107120340975,
            27.449455299624475
          ],
          [
            116.64091061944028,
            27.4484356689876
          ],
          [
            116.64060335805517,
            27.447234298225865
          ],
          [
            116.64059039060668,
            27.44716432677635
          ],
          [
            116.64046468096826,
            27.446822568311234
          ],
          [
            116.64046468096826,
            27.446822568311234
          ],
          [
            116.64026613867644,
            27.446283949191784
          ],
          [
            116.639576686189,
            27.44487521810299
          ],
          [
            116.63955574533466,
            27.444666274184854
          ],
          [
            116.63958969099004,
            27.444445242836377
          ],
          [
            116.64003187983631,
            27.442921688917544
          ],
          [
            116.64003187983631,
            27.442921688917544
          ],
          [
            116.64017060307648,
            27.44273048367116
          ]
        ],
        "type": "LineString"
      },
      "properties": {
        "alternative_distance_m": 129520,
        "alternative_duration_s": 30345,
        "alternative_national_m": 5982,
        "alternative_unknown_m": 88189,
        "candidate_id": "fuhe-towns",
        "current_distance_m": 101586,
        "current_duration_s": 23728,
        "current_national_m": 39167,
        "distance_delta_m": 27934,
        "duration_delta_s": 6617,
        "from_name": "南城",
        "label": "避国道绕行线",
        "national_reduction_m": 33185,
        "review_status": "manual_review",
        "risk_tags": [],
        "road_class": "county",
        "road_name": "886县道",
        "route_role": "alternative",
        "segment_id": "main-14-to-main-15",
        "step_distance_m": 5520,
        "step_index": 17,
        "to_name": "广昌"
      },
      "type": "Feature"
    },
    {
      "geometry": {
        "coordinates": [
          [
            116.64017060344675,
            27.44272548421067
          ],
          [
            116.64022252048994,
            27.44237443754489
          ],
          [
            116.64020955610154,
            27.442261470928813
          ],
          [
            116.64011876342533,
            27.442035643394174
          ],
          [
            116.63996709575292,
            27.441840911337433
          ],
          [
            116.63873277171967,
            27.440350064477787
          ],
          [
            116.63868987144673,
            27.440198149768108
          ],
          [
            116.63849430883973,
            27.439729513534306
          ],
          [
            116.63851229632448,
            27.439399521374355
          ],
          [
            116.63865102810882,
            27.43916532598702
          ],
          [
            116.63900632792098,
            27.438713807345657
          ],
          [
            116.63933967722882,
            27.4381663322316
          ],
          [
            116.63951236052748,
            27.43759311773813
          ],
          [
            116.63954732894051,
            27.43703712376166
          ],
          [
            116.63952539680294,
            27.436738192940293
          ],
          [
            116.63940467866499,
            27.436325434568683
          ],
          [
            116.63937374838913,
            27.436252492730382
          ],
          [
            116.63924403976492,
            27.435956735308004
          ],
          [
            116.63924403976492,
            27.435956735308004
          ],
          [
            116.63868526206899,
            27.435059733780765
          ],
          [
            116.63830909957117,
            27.43419643225927
          ],
          [
            116.63798879059398,
            27.433719995132815
          ],
          [
            116.63753774814457,
            27.43319576712827
          ],
          [
            116.63706174516932,
            27.432744565179192
          ],
          [
            116.63678431515733,
            27.432593014997124
          ],
          [
            116.6355328523509,
            27.432009010076275
          ],
          [
            116.63493006050525,
            27.43170196067976
          ],
          [
            116.63394303066671,
            27.431000521310512
          ],
          [
            116.63394303066671,
            27.431000521310512
          ],
          [
            116.63372147266728,
            27.43079287421962
          ],
          [
            116.63361768104147,
            27.4306710420213
          ],
          [
            116.63356978159014,
            27.430554126532346
          ],
          [
            116.63356579279251,
            27.43050613808251
          ],
          [
            116.63356979053124,
            27.43043314080151
          ],
          [
            116.63360073702275,
            27.430354104454377
          ],
          [
            116.633700553665,
            27.43024197019153
          ],
          [
            116.63449706742118,
            27.429515870056356
          ],
          [
            116.63478752211712,
            27.429233467127965
          ],
          [
            116.63499513390983,
            27.42899018282024
          ],
          [
            116.6351039340921,
            27.428807040066378
          ]
        ],
        "type": "LineString"
      },
      "properties": {
        "alternative_distance_m": 129520,
        "alternative_duration_s": 30345,
        "alternative_national_m": 5982,
        "alternative_unknown_m": 88189,
        "candidate_id": "fuhe-towns",
        "current_distance_m": 101586,
        "current_duration_s": 23728,
        "current_national_m": 39167,
        "distance_delta_m": 27934,
        "duration_delta_s": 6617,
        "from_name": "南城",
        "label": "避国道绕行线",
        "national_reduction_m": 33185,
        "review_status": "manual_review",
        "risk_tags": [],
        "road_class": "county",
        "road_name": "886县道",
        "route_role": "alternative",
        "segment_id": "main-14-to-main-15",
        "step_distance_m": 1930,
        "step_index": 18,
        "to_name": "广昌"
      },
      "type": "Feature"
    },
    {
      "geometry": {
        "coordinates": [
          [
            116.63510393438777,
            27.42880304054358
          ],
          [
            116.63553710270097,
            27.428516416560413
          ],
          [
            116.63572374867168,
            27.42831215598332
          ],
          [
            116.63587047098336,
            27.428133952692633
          ],
          [
            116.63598725318002,
            27.427942796457355
          ],
          [
            116.63608706877216,
            27.427751666022285
          ],
          [
            116.63615694375737,
            27.42756058148653
          ],
          [
            116.6362168394721,
            27.427356513811304
          ],
          [
            116.63667607539493,
            27.425268057177867
          ],
          [
            116.63674595885477,
            27.424946987964717
          ],
          [
            116.63683680387744,
            27.42457389250403
          ],
          [
            116.63683680387744,
            27.42457389250403
          ],
          [
            116.63705738176988,
            27.424273585686823
          ],
          [
            116.6371621833794,
            27.42409544391025
          ],
          [
            116.6371621833794,
            27.42409544391025
          ],
          [
            116.63724404073474,
            27.42378735386742
          ],
          [
            116.63724405774178,
            27.423557382263375
          ],
          [
            116.63719619407911,
            27.423023523302785
          ],
          [
            116.63713141755605,
            27.421773780320756
          ],
          [
            116.63713141755605,
            27.421773780320756
          ],
          [
            116.63709250544876,
            27.421647856873175
          ],
          [
            116.63700169950233,
            27.42150101699367
          ],
          [
            116.63683704941133,
            27.421253304552934
          ],
          [
            116.63646483148403,
            27.420776941935443
          ],
          [
            116.6364079519971,
            27.42068604134538
          ],
          [
            116.6363740275144,
            27.420582106870754
          ],
          [
            116.6363740275144,
            27.420582106870754
          ],
          [
            116.63619643250952,
            27.419900467003096
          ],
          [
            116.63617448972543,
            27.419718523858805
          ],
          [
            116.63617449452973,
            27.419653532092827
          ],
          [
            116.63620943776009,
            27.419479500343808
          ],
          [
            116.63636914562632,
            27.419119299713415
          ],
          [
            116.63637814083273,
            27.418941308480953
          ],
          [
            116.63634321927465,
            27.418824377325034
          ],
          [
            116.63610971554814,
            27.418411789930225
          ],
          [
            116.63567664685566,
            27.41744457804312
          ],
          [
            116.63554194816551,
            27.416971844564692
          ],
          [
            116.63548208876992,
            27.416668974909626
          ],
          [
            116.63548208876992,
            27.416668974909626
          ],
          [
            116.63527858362282,
            27.415401448900536
          ],
          [
            116.63519976362811,
            27.415063612566417
          ],
          [
            116.63517881832949,
            27.41488066821843
          ],
          [
            116.63517882660406,
            27.414768682843324
          ],
          [
            116.63525670919255,
            27.41428662781203
          ],
          [
            116.63529565153016,
            27.414030602278693
          ],
          [
            116.63538250943901,
            27.413639521677492
          ],
          [
            116.63545139163587,
            27.41339644886811
          ],
          [
            116.63545639176718,
            27.41326145905949
          ],
          [
            116.63540849804798,
            27.413101553080537
          ],
          [
            116.63516999466282,
            27.41273296406672
          ],
          [
            116.63504924769308,
            27.41251617564698
          ],
          [
            116.63493149665763,
            27.412269386364336
          ],
          [
            116.63485865329817,
            27.412078521647384
          ],
          [
            116.6348107591217,
            27.41191361578235
          ],
          [
            116.63479779377687,
            27.411787652083564
          ],
          [
            116.63479780566904,
            27.411626673507737
          ],
          [
            116.63481878458913,
            27.411357677768468
          ],
          [
            116.63481878458913,
            27.411357677768468
          ],
          [
            116.63485374482352,
            27.41097167664094
          ],
          [
            116.63485376055638,
            27.410758705127584
          ],
          [
            116.63460733174283,
            27.409539239963248
          ],
          [
            116.6345634271514,
            27.409405323959685
          ],
          [
            116.6343907888182,
            27.409053630240322
          ],
          [
            116.6342690422887,
            27.408819843914664
          ],
          [
            116.63417423712947,
            27.40866800597908
          ],
          [
            116.63417423712947,
            27.40866800597908
          ],
          [
            116.63395268887952,
            27.408347379243864
          ],
          [
            116.63370220217205,
            27.40792680777022
          ],
          [
            116.6336113906358,
            27.407735967998665
          ],
          [
            116.63357646435088,
            27.407645031966975
          ],
          [
            116.63357647202928,
            27.407541046146374
          ],
          [
            116.63360243001627,
            27.407436022165864
          ],
          [
            116.6336543383993,
            27.4073279602472
          ],
          [
            116.63372321284469,
            27.407236870846624
          ],
          [
            116.63383201002671,
            27.407149721628013
          ],
          [
            116.63436001296076,
            27.40683197885726
          ],
          [
            116.6345167139845,
            27.406757754329863
          ],
          [
            116.63510158671448,
            27.40654890158293
          ],
          [
            116.63538703698826,
            27.40639248983312
          ],
          [
            116.63554273792283,
            27.406283267698434
          ],
          [
            116.6358501484551,
            27.406026833043224
          ],
          [
            116.63621843373961,
            27.40578730005849
          ],
          [
            116.63637512992456,
            27.405666074984467
          ],
          [
            116.63649190793475,
            27.405509915965897
          ],
          [
            116.63660869007485,
            27.405292765071657
          ],
          [
            116.63666957958152,
            27.40513569235286
          ],
          [
            116.63669054550525,
            27.40502767476689
          ],
          [
            116.63673849100245,
            27.404463678550627
          ],
          [
            116.63678241113831,
            27.404350626011116
          ],
          [
            116.63686026105904,
            27.40426351703389
          ],
          [
            116.63699000531288,
            27.40418932523173
          ],
          [
            116.63787324183197,
            27.40382398983372
          ],
          [
            116.63815068539736,
            27.40368457015294
          ],
          [
            116.6386407010486,
            27.40339283110901
          ],
          [
            116.63883530686095,
            27.40329753326995
          ],
          [
            116.63896504239246,
            27.40324933211021
          ],
          [
            116.63929835854287,
            27.403157809093038
          ],
          [
            116.64009170829277,
            27.40309153340552
          ],
          [
            116.64038609311703,
            27.403051058878976
          ],
          [
            116.64051582322202,
            27.403007852744057
          ],
          [
            116.64080622392508,
            27.40282540207501
          ],
          [
            116.64179817113889,
            27.40207286814658
          ],
          [
            116.64179817113889,
            27.40207286814658
          ],
          [
            116.64512013405314,
            27.399541598232222
          ],
          [
            116.64560508763876,
            27.399162814010438
          ],
          [
            116.64572582547272,
            27.399080616424815
          ],
          [
            116.64641930453574,
            27.39873645857523
          ],
          [
            116.64641930453574,
            27.39873645857523
          ],
          [
            116.64677452361339,
            27.398535865959662
          ],
          [
            116.64677452361339,
            27.398535865959662
          ],
          [
            116.64699104537993,
            27.398427501754398
          ],
          [
            116.64699104537993,
            27.398427501754398
          ],
          [
            116.64723749987728,
            27.39830508617068
          ],
          [
            116.64735923258984,
            27.39820988554734
          ],
          [
            116.64791701620055,
            27.39761398647389
          ],
          [
            116.64815150646253,
            27.397318613654615
          ],
          [
            116.64819042229347,
            27.397262552726463
          ],
          [
            116.64835507027065,
            27.396966303277274
          ],
          [
            116.64854566761089,
            27.396550024740858
          ],
          [
            116.64884005344838,
            27.395785611444687
          ],
          [
            116.64910450429072,
            27.395047247054556
          ],
          [
            116.6496243879502,
            27.394043463084042
          ],
          [
            116.64978803407341,
            27.393748212638105
          ],
          [
            116.64978803407341,
            27.393748212638105
          ],
          [
            116.64980998652582,
            27.39370917893443
          ],
          [
            116.64980998652582,
            27.39370917893443
          ],
          [
            116.64998361304451,
            27.39336191786346
          ],
          [
            116.64998361304451,
            27.39336191786346
          ],
          [
            116.65010934389413,
            27.39308873182355
          ],
          [
            116.65010934389413,
            27.39308873182355
          ],
          [
            116.65040371139064,
            27.39246729295764
          ],
          [
            116.65040371139064,
            27.39246729295764
          ],
          [
            116.65044262706684,
            27.392393233673566
          ],
          [
            116.65044262706684,
            27.392393233673566
          ],
          [
            116.65050349396016,
            27.392293138580303
          ],
          [
            116.65063321260529,
            27.392045940817994
          ],
          [
            116.6510093974531,
            27.391298370914274
          ],
          [
            116.6510093974531,
            27.391298370914274
          ],
          [
            116.65121295765405,
            27.390864066406056
          ],
          [
            116.65121295765405,
            27.390864066406056
          ],
          [
            116.65154723237916,
            27.39017356213699
          ],
          [
            116.65160311977274,
            27.38993949555218
          ],
          [
            116.65162507871543,
            27.389804475865713
          ],
          [
            116.65162507871543,
            27.389804475865713
          ],
          [
            116.65162908804083,
            27.38955350633633
          ],
          [
            116.65146957420235,
            27.3880040309659
          ],
          [
            116.65146957420235,
            27.3880040309659
          ],
          [
            116.65141672637377,
            27.38760918708652
          ]
        ],
        "type": "LineString"
      },
      "properties": {
        "alternative_distance_m": 129520,
        "alternative_duration_s": 30345,
        "alternative_national_m": 5982,
        "alternative_unknown_m": 88189,
        "candidate_id": "fuhe-towns",
        "current_distance_m": 101586,
        "current_duration_s": 23728,
        "current_national_m": 39167,
        "distance_delta_m": 27934,
        "duration_delta_s": 6617,
        "from_name": "南城",
        "label": "避国道绕行线",
        "national_reduction_m": 33185,
        "review_status": "manual_review",
        "risk_tags": [],
        "road_class": "unknown",
        "road_name": "南上段",
        "route_role": "alternative",
        "segment_id": "main-14-to-main-15",
        "step_distance_m": 5544,
        "step_index": 19,
        "to_name": "广昌"
      },
      "type": "Feature"
    },
    {
      "geometry": {
        "coordinates": [
          [
            116.65141273594304,
            27.387605194950485
          ],
          [
            116.65011376035346,
            27.38734658569032
          ],
          [
            116.65011376035346,
            27.38734658569032
          ],
          [
            116.64929565112355,
            27.38718307993968
          ],
          [
            116.64929565112355,
            27.38718307993968
          ],
          [
            116.64833385261726,
            27.387080810804125
          ]
        ],
        "type": "LineString"
      },
      "properties": {
        "alternative_distance_m": 129520,
        "alternative_duration_s": 30345,
        "alternative_national_m": 5982,
        "alternative_unknown_m": 88189,
        "candidate_id": "fuhe-towns",
        "current_distance_m": 101586,
        "current_duration_s": 23728,
        "current_national_m": 39167,
        "distance_delta_m": 27934,
        "duration_delta_s": 6617,
        "from_name": "南城",
        "label": "避国道绕行线",
        "national_reduction_m": 33185,
        "review_status": "manual_review",
        "risk_tags": [],
        "road_class": "unknown",
        "road_name": "",
        "route_role": "alternative",
        "segment_id": "main-14-to-main-15",
        "step_distance_m": 311,
        "step_index": 20,
        "to_name": "广昌"
      },
      "type": "Feature"
    },
    {
      "geometry": {
        "coordinates": [
          [
            116.64832986198242,
            27.387076818501683
          ],
          [
            116.64834286494963,
            27.386638862269255
          ],
          [
            116.64833391172368,
            27.386282932625015
          ],
          [
            116.64815639151587,
            27.385250406238757
          ],
          [
            116.64805267123876,
            27.384651682414997
          ],
          [
            116.6477803508502,
            27.38380529537517
          ],
          [
            116.64772348843896,
            27.383684414627787
          ],
          [
            116.64763669331565,
            27.383567586075202
          ],
          [
            116.6474461371424,
            27.383384950636483
          ],
          [
            116.6474461371424,
            27.383384950636483
          ],
          [
            116.64734238010315,
            27.383264152230947
          ],
          [
            116.6472905037658,
            27.383173257707078
          ],
          [
            116.64707404097912,
            27.382500743152153
          ],
          [
            116.64699629271792,
            27.38146404185657
          ],
          [
            116.64699630396973,
            27.381312065675854
          ],
          [
            116.6469963444609,
            27.380765151539336
          ],
          [
            116.64708719080238,
            27.380083099455142
          ],
          [
            116.64708719080238,
            27.380083099455142
          ],
          [
            116.64710915556444,
            27.37989209101954
          ],
          [
            116.6472219551036,
            27.37917200663523
          ],
          [
            116.64722994934331,
            27.37900701873829
          ],
          [
            116.6471571997687,
            27.377839332489117
          ],
          [
            116.64706544090977,
            27.37737156847999
          ],
          [
            116.64702254543913,
            27.3772626612466
          ],
          [
            116.64695370592628,
            27.377184794564183
          ],
          [
            116.64668033805242,
            27.376933314024996
          ],
          [
            116.64645087210188,
            27.37666075902791
          ],
          [
            116.64601787034633,
            27.376236582058834
          ],
          [
            116.64590513270669,
            27.376084802508192
          ],
          [
            116.64584028894951,
            27.375923941057813
          ],
          [
            116.64567170746393,
            27.37533432868174
          ],
          [
            116.64558890386105,
            27.37516549947517
          ],
          [
            116.64552905024813,
            27.374982632707447
          ],
          [
            116.64556299361804,
            27.374730614697697
          ],
          [
            116.6455630003499,
            27.374639629419356
          ],
          [
            116.6455630003499,
            27.374639629419356
          ],
          [
            116.64534651756792,
            27.37413708549955
          ],
          [
            116.64534651756792,
            27.37413708549955
          ],
          [
            116.64507016292703,
            27.373677637187424
          ],
          [
            116.64483170842918,
            27.37341709013588
          ],
          [
            116.64294795304725,
            27.371654585659517
          ],
          [
            116.64220759456856,
            27.371030930610345
          ],
          [
            116.64174859557939,
            27.37078373623949
          ],
          [
            116.64112495583822,
            27.370337842377886
          ],
          [
            116.64107306835831,
            27.370303933536217
          ],
          [
            116.64107306835831,
            27.370303933536217
          ],
          [
            116.64092538849191,
            27.37020419322573
          ],
          [
            116.64062604615508,
            27.36986174147516
          ],
          [
            116.64031073192596,
            27.36956330674316
          ],
          [
            116.63968210034042,
            27.36885244694201
          ],
          [
            116.63940072104806,
            27.368379980402132
          ],
          [
            116.63940072104806,
            27.368379980402132
          ],
          [
            116.63938375821678,
            27.36835401209349
          ],
          [
            116.63885089537611,
            27.367898944429243
          ],
          [
            116.63868225785123,
            27.36769924753448
          ],
          [
            116.63845673482233,
            27.367521636984154
          ],
          [
            116.63777216275133,
            27.36714078581019
          ],
          [
            116.63777216275133,
            27.36714078581019
          ],
          [
            116.63633013621543,
            27.36624518673277
          ],
          [
            116.6361874291467,
            27.36613242578003
          ],
          [
            116.63574534302202,
            27.365647186203162
          ],
          [
            116.63543298122747,
            27.36536071123388
          ],
          [
            116.63529526515202,
            27.36518794982926
          ],
          [
            116.63478831404119,
            27.364437843661186
          ],
          [
            116.63478831404119,
            27.364437843661186
          ],
          [
            116.63468852024062,
            27.364282020299118
          ],
          [
            116.63453286792114,
            27.36367835664534
          ],
          [
            116.6343851704973,
            27.363466613966146
          ],
          [
            116.63415961768384,
            27.363327974453732
          ],
          [
            116.63317653160635,
            27.362960490318763
          ],
          [
            116.63232315015036,
            27.362900741735633
          ],
          [
            116.63217143475191,
            27.362900960359305
          ],
          [
            116.63217143475191,
            27.362900960359305
          ],
          [
            116.63179513689198,
            27.36291049843065
          ],
          [
            116.6315915172608,
            27.36288479327582
          ],
          [
            116.6314348121286,
            27.362824026424562
          ],
          [
            116.63125714998202,
            27.36269430034375
          ],
          [
            116.63117530662029,
            27.362616429340243
          ],
          [
            116.63117530662029,
            27.362616429340243
          ],
          [
            116.6310016386244,
            27.362446703242895
          ],
          [
            116.62981085765291,
            27.36170648676396
          ],
          [
            116.62952440591899,
            27.36123895968392
          ],
          [
            116.62952440591899,
            27.36123895968392
          ],
          [
            116.62925192219137,
            27.360831401136952
          ],
          [
            116.62917806512618,
            27.360674528445315
          ],
          [
            116.62928691336991,
            27.36010647858243
          ],
          [
            116.62928193286,
            27.359962510228208
          ],
          [
            116.62922205668103,
            27.359728632033963
          ],
          [
            116.62912624104409,
            27.359537795053566
          ],
          [
            116.6290044691754,
            27.35937298842639
          ],
          [
            116.62867607823551,
            27.358978499218534
          ],
          [
            116.62849342386038,
            27.35864480188574
          ],
          [
            116.62849342864484,
            27.358579813174543
          ],
          [
            116.62862822703289,
            27.358102715681362
          ],
          [
            116.62866318572958,
            27.357828716533273
          ],
          [
            116.6286452345729,
            27.35759478143169
          ],
          [
            116.62857140022095,
            27.357108965285246
          ],
          [
            116.6285375243815,
            27.356232164268327
          ],
          [
            116.62842875614542,
            27.355676407338226
          ],
          [
            116.62841579006661,
            27.355524451391208
          ],
          [
            116.62842079089098,
            27.35539446760392
          ],
          [
            116.62849368036542,
            27.3551604114621
          ],
          [
            116.62868936622402,
            27.35475622056746
          ],
          [
            116.62879718642401,
            27.35461710019442
          ],
          [
            116.62918751853275,
            27.354299628794816
          ],
          [
            116.62923044566635,
            27.354252578838462
          ],
          [
            116.62928735367072,
            27.354126523806954
          ],
          [
            116.62928735749836,
            27.354074533007783
          ],
          [
            116.62926141077139,
            27.353978585278185
          ],
          [
            116.62906179644769,
            27.353557930607792
          ],
          [
            116.6289709743205,
            27.35332809422208
          ],
          [
            116.62891907735236,
            27.353176191280546
          ],
          [
            116.6288971257505,
            27.35304624399733
          ],
          [
            116.62882327537835,
            27.352786389759807
          ],
          [
            116.62871947767275,
            27.352525575837035
          ],
          [
            116.62871948944782,
            27.35236560433761
          ],
          [
            116.62887524154714,
            27.352000459869732
          ],
          [
            116.62888822501651,
            27.351913457903212
          ],
          [
            116.62881539648149,
            27.35133265991239
          ],
          [
            116.62881539648149,
            27.35133265991239
          ],
          [
            116.62872357535986,
            27.351102824593397
          ],
          [
            116.62805280276126,
            27.350382848672492
          ],
          [
            116.62771841471316,
            27.349945368570214
          ],
          [
            116.62724630404402,
            27.348895175351483
          ],
          [
            116.62702171122,
            27.348574524702972
          ],
          [
            116.62697380620753,
            27.348392619591472
          ],
          [
            116.62683108973044,
            27.34783690451509
          ],
          [
            116.62645378671334,
            27.347034534294423
          ],
          [
            116.62640189540672,
            27.34674465332938
          ],
          [
            116.62638495777642,
            27.346284758846487
          ],
          [
            116.62628517112827,
            27.345663999409407
          ],
          [
            116.62628517112827,
            27.345663999409407
          ],
          [
            116.62625024061825,
            27.34551607090262
          ],
          [
            116.6262542495118,
            27.34530410465379
          ],
          [
            116.6262542495118,
            27.34530410465379
          ],
          [
            116.62624631783181,
            27.344557251853903
          ],
          [
            116.6263202513099,
            27.343776301639938
          ],
          [
            116.62633325730978,
            27.34339835483219
          ],
          [
            116.62633328091283,
            27.34307741410894
          ],
          [
            116.62628940568347,
            27.34238359839676
          ],
          [
            116.62625946489331,
            27.34226165907378
          ],
          [
            116.62622852125945,
            27.342200709691614
          ],
          [
            116.62607680066743,
            27.34185396639118
          ],
          [
            116.62594304073049,
            27.341624178076426
          ],
          [
            116.62571744050393,
            27.341286524659647
          ],
          [
            116.62560065623846,
            27.340982727527667
          ],
          [
            116.62560065623846,
            27.340982727527667
          ],
          [
            116.62543203711053,
            27.33959019819552
          ],
          [
            116.62522844245898,
            27.338630631235418
          ],
          [
            116.6251545766152,
            27.33845275614559
          ],
          [
            116.62499883885101,
            27.338348967949123
          ],
          [
            116.62499883885101,
            27.338348967949123
          ],
          [
            116.62478619526918,
            27.338210255373728
          ],
          [
            116.62467838039827,
            27.33807141347562
          ],
          [
            116.62458654405773,
            27.337867564002803
          ],
          [
            116.62452168271334,
            27.33740772978944
          ],
          [
            116.62440892517854,
            27.33658402263805
          ],
          [
            116.62440495042057,
            27.33632807596557
          ],
          [
            116.62429216028997,
            27.335941286033655
          ],
          [
            116.6238768729887,
            27.33527791193252
          ],
          [
            116.62358637506861,
            27.334714365655334
          ],
          [
            116.6233567650035,
            27.334332710347322
          ],
          [
            116.62304927458689,
            27.333951144683937
          ],
          [
            116.62275375598132,
            27.333652546291688
          ],
          [
            116.62253711370055,
            27.33333985691975
          ],
          [
            116.62253711370055,
            27.33333985691975
          ],
          [
            116.62218668832217,
            27.332837355646095
          ],
          [
            116.62218668832217,
            27.332837355646095
          ],
          [
            116.62168355326291,
            27.331462190939728
          ],
          [
            116.62112947054494,
            27.330274039386644
          ],
          [
            116.6209867092762,
            27.329909267866533
          ],
          [
            116.62073112172978,
            27.329432641150287
          ],
          [
            116.62062230368726,
            27.329132818303304
          ],
          [
            116.62020597118372,
            27.32831742822332
          ],
          [
            116.6196078820587,
            27.327637198821833
          ],
          [
            116.61941717180008,
            27.327389448076985
          ],
          [
            116.61929236751602,
            27.327133628887143
          ],
          [
            116.61910164525514,
            27.327016850508603
          ],
          [
            116.61910164525514,
            27.327016850508603
          ],
          [
            116.6189109227926,
            27.32688307421872
          ],
          [
            116.61795727135791,
            27.326449127936908
          ],
          [
            116.61793530250416,
            27.326432153208625
          ],
          [
            116.61747994202676,
            27.326102668861296
          ],
          [
            116.61747994202676,
            27.326102668861296
          ],
          [
            116.61728521211238,
            27.32597288498064
          ],
          [
            116.61698164131977,
            27.325617249413575
          ],
          [
            116.61675696619714,
            27.32522254299465
          ],
          [
            116.61653534331795,
            27.324033988886836
          ],
          [
            116.61655333866052,
            27.32377802248954
          ],
          [
            116.61653539963913,
            27.323266140996587
          ],
          [
            116.61657436990147,
            27.32297916096912
          ],
          [
            116.61658737525275,
            27.322675209009756
          ],
          [
            116.61658738097272,
            27.32259722451096
          ]
        ],
        "type": "LineString"
      },
      "properties": {
        "alternative_distance_m": 129520,
        "alternative_duration_s": 30345,
        "alternative_national_m": 5982,
        "alternative_unknown_m": 88189,
        "candidate_id": "fuhe-towns",
        "current_distance_m": 101586,
        "current_duration_s": 23728,
        "current_national_m": 39167,
        "distance_delta_m": 27934,
        "duration_delta_s": 6617,
        "from_name": "南城",
        "label": "避国道绕行线",
        "national_reduction_m": 33185,
        "review_status": "manual_review",
        "risk_tags": [],
        "road_class": "unknown",
        "road_name": "南上段",
        "route_role": "alternative",
        "segment_id": "main-14-to-main-15",
        "step_distance_m": 8431,
        "step_index": 21,
        "to_name": "广昌"
      },
      "type": "Feature"
    },
    {
      "geometry": {
        "coordinates": [
          [
            116.6165833864797,
            27.32259322910227
          ],
          [
            116.61652248592581,
            27.32232034121142
          ],
          [
            116.61633176934002,
            27.32183361836776
          ],
          [
            116.61618498153788,
            27.321525817567814
          ],
          [
            116.61597629694884,
            27.320880141143025
          ],
          [
            116.61578158455363,
            27.320346428113478
          ],
          [
            116.61555592301461,
            27.319630778715204
          ],
          [
            116.61554294739018,
            27.319521812451693
          ],
          [
            116.6155479474673,
            27.31943482536434
          ],
          [
            116.61573375206682,
            27.318892764099385
          ]
        ],
        "type": "LineString"
      },
      "properties": {
        "alternative_distance_m": 129520,
        "alternative_duration_s": 30345,
        "alternative_national_m": 5982,
        "alternative_unknown_m": 88189,
        "candidate_id": "fuhe-towns",
        "current_distance_m": 101586,
        "current_duration_s": 23728,
        "current_national_m": 39167,
        "distance_delta_m": 27934,
        "duration_delta_s": 6617,
        "from_name": "南城",
        "label": "避国道绕行线",
        "national_reduction_m": 33185,
        "review_status": "manual_review",
        "risk_tags": [],
        "road_class": "unknown",
        "road_name": "南上段",
        "route_role": "alternative",
        "segment_id": "main-14-to-main-15",
        "step_distance_m": 429,
        "step_index": 22,
        "to_name": "广昌"
      },
      "type": "Feature"
    },
    {
      "geometry": {
        "coordinates": [
          [
            116.61573375243337,
            27.31888776510541
          ],
          [
            116.61573375624559,
            27.318835775569053
          ],
          [
            116.61568582534771,
            27.318722842360845
          ],
          [
            116.61568582534771,
            27.318722842360845
          ],
          [
            116.61546113906007,
            27.31831512991599
          ],
          [
            116.61539623428843,
            27.31812922640847
          ],
          [
            116.61531837492312,
            27.317543415301675
          ],
          [
            116.61521352734111,
            27.317252568803287
          ],
          [
            116.6151186528751,
            27.31715267434035
          ],
          [
            116.61505373543888,
            27.31712673777993
          ],
          [
            116.61449443344864,
            27.316984261577247
          ],
          [
            116.61421278358944,
            27.316862531131964
          ],
          [
            116.6140479886235,
            27.316767692284042
          ],
          [
            116.61372239560889,
            27.316508022406722
          ],
          [
            116.61364050331778,
            27.31636012158655
          ],
          [
            116.6135965764988,
            27.316069217655645
          ],
          [
            116.6135626238409,
            27.315969266512937
          ],
          [
            116.61328898230919,
            27.315453599913067
          ],
          [
            116.61253095668066,
            27.314048504970057
          ],
          [
            116.61244805778146,
            27.313948591721886
          ],
          [
            116.61229623540444,
            27.313857731095766
          ],
          [
            116.61166395593402,
            27.313593278869828
          ],
          [
            116.61125641890531,
            27.313315645863796
          ],
          [
            116.61101370350114,
            27.312981895977174
          ],
          [
            116.61079195286366,
            27.312791099144054
          ],
          [
            116.61076598636618,
            27.31270813525801
          ],
          [
            116.6107190743133,
            27.312183277518283
          ],
          [
            116.61061021033298,
            27.311888417708182
          ],
          [
            116.61052830653195,
            27.311745506659864
          ],
          [
            116.61044540127531,
            27.311632589909607
          ],
          [
            116.6102196501057,
            27.311428793919287
          ],
          [
            116.61011176612682,
            27.311359884853545
          ],
          [
            116.60979909496889,
            27.311221133292815
          ],
          [
            116.60933956295213,
            27.311117470854114
          ],
          [
            116.60925764848677,
            27.31105653892282
          ],
          [
            116.60904986704344,
            27.310861718730436
          ],
          [
            116.60878014555763,
            27.310639943219964
          ],
          [
            116.60867625265303,
            27.31054503089732
          ],
          [
            116.6085204162947,
            27.31034917268795
          ],
          [
            116.60842951839282,
            27.310137275170273
          ],
          [
            116.60839855739079,
            27.310006322177696
          ],
          [
            116.60814282778236,
            27.309607567708692
          ],
          [
            116.6076883123267,
            27.308744030129407
          ]
        ],
        "type": "LineString"
      },
      "properties": {
        "alternative_distance_m": 129520,
        "alternative_duration_s": 30345,
        "alternative_national_m": 5982,
        "alternative_unknown_m": 88189,
        "candidate_id": "fuhe-towns",
        "current_distance_m": 101586,
        "current_duration_s": 23728,
        "current_national_m": 39167,
        "distance_delta_m": 27934,
        "duration_delta_s": 6617,
        "from_name": "南城",
        "label": "避国道绕行线",
        "national_reduction_m": 33185,
        "review_status": "manual_review",
        "risk_tags": [],
        "road_class": "unknown",
        "road_name": "南上段",
        "route_role": "alternative",
        "segment_id": "main-14-to-main-15",
        "step_distance_m": 1466,
        "step_index": 23,
        "to_name": "广昌"
      },
      "type": "Feature"
    },
    {
      "geometry": {
        "coordinates": [
          [
            116.60768331719666,
            27.308740034026545
          ],
          [
            116.60711982520532,
            27.308753370813225
          ],
          [
            116.60696795511784,
            27.308818446638675
          ],
          [
            116.60686404218353,
            27.3088794945576
          ],
          [
            116.60662123888208,
            27.309087591257427
          ],
          [
            116.606517324943,
            27.309139639611235
          ],
          [
            116.60633947913043,
            27.309118744191757
          ],
          [
            116.60612666499209,
            27.309048876977307
          ],
          [
            116.60592783348729,
            27.309027990172375
          ],
          [
            116.60544123240518,
            27.30905424438617
          ],
          [
            116.60495562268932,
            27.30903649762967
          ],
          [
            116.60475678096222,
            27.309006603253145
          ],
          [
            116.6046128955977,
            27.308967682268836
          ],
          [
            116.60437908467638,
            27.308837822703914
          ],
          [
            116.60437908467638,
            27.308837822703914
          ],
          [
            116.60428815922629,
            27.308763881586742
          ],
          [
            116.60426617683297,
            27.308750894755924
          ],
          [
            116.60426617683297,
            27.308750894755924
          ],
          [
            116.60394544871613,
            27.308321134638604
          ],
          [
            116.60387151266883,
            27.308195194948333
          ],
          [
            116.60365069361134,
            27.307935349558868
          ],
          [
            116.60352479315968,
            27.307822429487217
          ],
          [
            116.6034428556722,
            27.307774475835586
          ],
          [
            116.60335092434173,
            27.30773552441281
          ],
          [
            116.60317305405229,
            27.307687611688472
          ],
          [
            116.60317305405229,
            27.307687611688472
          ],
          [
            116.60307812232553,
            27.30766665677113
          ],
          [
            116.60283928898012,
            27.307657759404602
          ],
          [
            116.6023845939558,
            27.30770593468123
          ],
          [
            116.60208479230396,
            27.30770105318514
          ],
          [
            116.60208479230396,
            27.30770105318514
          ],
          [
            116.60179398307663,
            27.30766217167224
          ],
          [
            116.60108242883638,
            27.307619435740573
          ],
          [
            116.6009485110125,
            27.307597485964273
          ],
          [
            116.60081359474047,
            27.3075505409791
          ],
          [
            116.6001719895669,
            27.307207817065912
          ],
          [
            116.59972125890481,
            27.30691301194858
          ],
          [
            116.59888773955633,
            27.30624837477027
          ],
          [
            116.59859289847448,
            27.30605348766535
          ],
          [
            116.59854992300605,
            27.306001508752125
          ],
          [
            116.59854992300605,
            27.306001508752125
          ],
          [
            116.59833704431009,
            27.30572861529899
          ],
          [
            116.59833704431009,
            27.30572861529899
          ],
          [
            116.59784234292636,
            27.304747928432253
          ],
          [
            116.59769942589018,
            27.304479014021037
          ],
          [
            116.59760847807301,
            27.304309067804684
          ],
          [
            116.59753451704412,
            27.304214102184467
          ],
          [
            116.59732164456219,
            27.303710248473756
          ],
          [
            116.59726167949448,
            27.30357628767648
          ],
          [
            116.59711375594006,
            27.303368357886324
          ],
          [
            116.5969268444849,
            27.303194426524193
          ],
          [
            116.59660199977112,
            27.302816558257927
          ],
          [
            116.59660199977112,
            27.302816558257927
          ],
          [
            116.59636311310459,
            27.30250465948209
          ],
          [
            116.59623718000765,
            27.302226735921383
          ],
          [
            116.59592935180012,
            27.301388953723283
          ],
          [
            116.59586438212511,
            27.30128498374108
          ],
          [
            116.59578241619177,
            27.30120701005315
          ],
          [
            116.59566945918924,
            27.301146035960667
          ],
          [
            116.5954735286161,
            27.30109006900184
          ],
          [
            116.59530958692417,
            27.301020100287737
          ],
          [
            116.59485774526945,
            27.30076419389296
          ],
          [
            116.59485774526945,
            27.30076419389296
          ],
          [
            116.59426393665353,
            27.300443300142096
          ],
          [
            116.59402001189606,
            27.300287344482843
          ],
          [
            116.59382107504629,
            27.30010539040272
          ],
          [
            116.59337421686783,
            27.299597508469244
          ],
          [
            116.59237551206813,
            27.298260784395175
          ],
          [
            116.5921505670407,
            27.29802182730686
          ],
          [
            116.59194661212699,
            27.29783985686981
          ],
          [
            116.59124773292211,
            27.297457892465996
          ],
          [
            116.59096977595885,
            27.297279906243126
          ],
          [
            116.59096977595885,
            27.297279906243126
          ],
          [
            116.5905278362002,
            27.296997920919594
          ],
          [
            116.58921697718857,
            27.295873975713057
          ],
          [
            116.58871300942162,
            27.29542198091359
          ],
          [
            116.58842701961483,
            27.295196972071608
          ],
          [
            116.58817502429252,
            27.295009958845153
          ],
          [
            116.58803202789812,
            27.294870957201432
          ],
          [
            116.58778403589102,
            27.294571964754972
          ],
          [
            116.58741104745427,
            27.29404698736151
          ],
          [
            116.58730705331864,
            27.29384700421695
          ],
          [
            116.58716806676625,
            27.293491045286597
          ],
          [
            116.58700307876352,
            27.29310508505786
          ],
          [
            116.58683009862268,
            27.292580151729116
          ],
          [
            116.58661715051112,
            27.291529320503972
          ],
          [
            116.58646917493853,
            27.29093940627956
          ],
          [
            116.58635220218422,
            27.290353499732035
          ],
          [
            116.58635221138839,
            27.29022752733923
          ],
          [
            116.58642625235832,
            27.28980264262189
          ],
          [
            116.58642625235832,
            27.28980264262189
          ],
          [
            116.58648731803362,
            27.28901283415677
          ],
          [
            116.58651733364242,
            27.28885187836728
          ],
          [
            116.58658235255918,
            27.288704929646084
          ],
          [
            116.58674339152884,
            27.28843603495284
          ],
          [
            116.58676940409234,
            27.288305071139412
          ],
          [
            116.58696446284011,
            27.287793238044824
          ]
        ],
        "type": "LineString"
      },
      "properties": {
        "alternative_distance_m": 129520,
        "alternative_duration_s": 30345,
        "alternative_national_m": 5982,
        "alternative_unknown_m": 88189,
        "candidate_id": "fuhe-towns",
        "current_distance_m": 101586,
        "current_duration_s": 23728,
        "current_national_m": 39167,
        "distance_delta_m": 27934,
        "duration_delta_s": 6617,
        "from_name": "南城",
        "label": "避国道绕行线",
        "national_reduction_m": 33185,
        "review_status": "manual_review",
        "risk_tags": [],
        "road_class": "unknown",
        "road_name": "上洽段",
        "route_role": "alternative",
        "segment_id": "main-14-to-main-15",
        "step_distance_m": 3530,
        "step_index": 24,
        "to_name": "广昌"
      },
      "type": "Feature"
    },
    {
      "geometry": {
        "coordinates": [
          [
            116.58696446313228,
            27.287789238927168
          ],
          [
            116.58635744223123,
            27.287077222300603
          ],
          [
            116.58604844120127,
            27.286483258839326
          ],
          [
            116.5858534505868,
            27.285936317949375
          ],
          [
            116.58532849992443,
            27.284000572632912
          ],
          [
            116.58513750124028,
            27.28347562273511
          ],
          [
            116.58499449287912,
            27.283193634475666
          ],
          [
            116.58481147648195,
            27.28288963551437
          ],
          [
            116.58450343550345,
            27.282507604976313
          ],
          [
            116.5844084224702,
            27.282381596541455
          ],
          [
            116.58417838539874,
            27.282125563491967
          ],
          [
            116.58382631723939,
            27.281817489593966
          ],
          [
            116.58348824350422,
            27.28155240653674
          ],
          [
            116.58348824350422,
            27.28155240653674
          ],
          [
            116.58231993933316,
            27.280688068547892
          ],
          [
            116.58179077790206,
            27.280301894163664
          ],
          [
            116.58179077790206,
            27.280301894163664
          ],
          [
            116.5813086191417,
            27.27993672734293
          ],
          [
            116.5813086191417,
            27.27993672734293
          ],
          [
            116.58081744576357,
            27.27955454899695
          ],
          [
            116.58048332382393,
            27.279251431235714
          ],
          [
            116.58048332382393,
            27.279251431235714
          ],
          [
            116.58031026058227,
            27.27906437506185
          ],
          [
            116.5800101545875,
            27.27863929724271
          ]
        ],
        "type": "LineString"
      },
      "properties": {
        "alternative_distance_m": 129520,
        "alternative_duration_s": 30345,
        "alternative_national_m": 5982,
        "alternative_unknown_m": 88189,
        "candidate_id": "fuhe-towns",
        "current_distance_m": 101586,
        "current_duration_s": 23728,
        "current_national_m": 39167,
        "distance_delta_m": 27934,
        "duration_delta_s": 6617,
        "from_name": "南城",
        "label": "避国道绕行线",
        "national_reduction_m": 33185,
        "review_status": "manual_review",
        "risk_tags": [],
        "road_class": "unknown",
        "road_name": "上洽段",
        "route_role": "alternative",
        "segment_id": "main-14-to-main-15",
        "step_distance_m": 1262,
        "step_index": 25,
        "to_name": "广昌"
      },
      "type": "Feature"
    },
    {
      "geometry": {
        "coordinates": [
          [
            116.580006153094,
            27.278634296027775
          ],
          [
            116.57984107759982,
            27.278608204567032
          ],
          [
            116.5798100673564,
            27.278547199923786
          ],
          [
            116.5798100673564,
            27.278547199923786
          ],
          [
            116.57966700613925,
            27.278448136743542
          ],
          [
            116.57966700613925,
            27.278448136743542
          ],
          [
            116.57954595403922,
            27.278357084201037
          ],
          [
            116.57940189489443,
            27.278196032732833
          ],
          [
            116.57940189489443,
            27.278196032732833
          ],
          [
            116.5792848510996,
            27.2779960058885
          ],
          [
            116.57910277658826,
            27.277752947526913
          ],
          [
            116.57893770504624,
            27.27756688558399
          ],
          [
            116.57851653285978,
            27.276862774094088
          ],
          [
            116.57851653285978,
            27.276862774094088
          ],
          [
            116.57828243052899,
            27.276507700545668
          ],
          [
            116.57795227718044,
            27.276064579640938
          ],
          [
            116.57783022331023,
            27.275842546969805
          ],
          [
            116.57783022331023,
            27.275842546969805
          ],
          [
            116.57748304948115,
            27.275435399412824
          ],
          [
            116.57721790728175,
            27.275196266767804
          ],
          [
            116.57704881181698,
            27.27508317155563
          ],
          [
            116.57704881181698,
            27.27508317155563
          ],
          [
            116.57468630019909,
            27.273822634593298
          ],
          [
            116.57468630019909,
            27.273822634593298
          ],
          [
            116.57464226947846,
            27.273796604159756
          ],
          [
            116.57464226947846,
            27.273796604159756
          ],
          [
            116.5733483129208,
            27.273157642361028
          ],
          [
            116.5733483129208,
            27.273157642361028
          ],
          [
            116.57312714014519,
            27.273057468425083
          ],
          [
            116.57264876996001,
            27.27267512274214
          ],
          [
            116.57230549386595,
            27.272444858328342
          ],
          [
            116.57176305612951,
            27.27193246396982
          ],
          [
            116.57158890799694,
            27.271828320753418
          ],
          [
            116.57122859358343,
            27.271654010719544
          ],
          [
            116.571146522527,
            27.27159394397679
          ],
          [
            116.57107245985017,
            27.271515888973255
          ],
          [
            116.57088530773272,
            27.271215772572162
          ],
          [
            116.5704639432793,
            27.27075145631319
          ],
          [
            116.57035985107764,
            27.270647374546535
          ],
          [
            116.56993446417286,
            27.270282021645592
          ],
          [
            116.56993446417286,
            27.270282021645592
          ],
          [
            116.56954309557412,
            27.270007675714478
          ],
          [
            116.5694299890459,
            27.26990857905836
          ],
          [
            116.56927384429787,
            27.26972545539613
          ],
          [
            116.56899558831589,
            27.26933024831787
          ],
          [
            116.56891751273214,
            27.26926117995231
          ],
          [
            116.56883943493973,
            27.26921810531153
          ],
          [
            116.56883943493973,
            27.26921810531153
          ],
          [
            116.56870429573877,
            27.269195963376262
          ],
          [
            116.56836593914065,
            27.269195591757267
          ],
          [
            116.56787040872277,
            27.269164045609653
          ],
          [
            116.56763115213279,
            27.269094790548557
          ],
          [
            116.5671836693104,
            27.26889932203959
          ],
          [
            116.56682327656668,
            27.268694949230827
          ],
          [
            116.56659703069185,
            27.268511725020407
          ],
          [
            116.56639281128336,
            27.268281535746247
          ],
          [
            116.56622363081938,
            27.26805138673599
          ],
          [
            116.56611952171698,
            27.267873302885484
          ],
          [
            116.56611952171698,
            27.267873302885484
          ],
          [
            116.56588026440028,
            27.267526094068636
          ],
          [
            116.56579818129948,
            27.26732704042314
          ],
          [
            116.56579818129948,
            27.26732704042314
          ],
          [
            116.5657931830089,
            27.267222058704277
          ],
          [
            116.56580620421589,
            27.26714409266662
          ],
          [
            116.56582823328806,
            27.267105128529415
          ],
          [
            116.56582823328806,
            27.267105128529415
          ],
          [
            116.56594137643366,
            27.266984293985196
          ],
          [
            116.56635388705885,
            27.266623873951755
          ],
          [
            116.56644099487411,
            27.266532998917516
          ],
          [
            116.56648905688435,
            27.266446076283025
          ],
          [
            116.56652310697727,
            27.266299150889846
          ],
          [
            116.56652311457748,
            27.266195175093394
          ],
          [
            116.56648007561702,
            27.26604715843679
          ],
          [
            116.5663889807132,
            27.265900084239608
          ],
          [
            116.5663889807132,
            27.265900084239608
          ],
          [
            116.56620678213082,
            27.26570891079231
          ],
          [
            116.56590644401963,
            27.265491598969213
          ],
          [
            116.56579832279421,
            27.265391490861298
          ],
          [
            116.56538085910832,
            27.264870100220044
          ],
          [
            116.56514159333423,
            27.26451788546185
          ]
        ],
        "type": "LineString"
      },
      "properties": {
        "alternative_distance_m": 129520,
        "alternative_duration_s": 30345,
        "alternative_national_m": 5982,
        "alternative_unknown_m": 88189,
        "candidate_id": "fuhe-towns",
        "current_distance_m": 101586,
        "current_duration_s": 23728,
        "current_national_m": 39167,
        "distance_delta_m": 27934,
        "duration_delta_s": 6617,
        "from_name": "南城",
        "label": "避国道绕行线",
        "national_reduction_m": 33185,
        "review_status": "manual_review",
        "risk_tags": [],
        "road_class": "unknown",
        "road_name": "洽桥段",
        "route_role": "alternative",
        "segment_id": "main-14-to-main-15",
        "step_distance_m": 2331,
        "step_index": 26,
        "to_name": "广昌"
      },
      "type": "Feature"
    },
    {
      "geometry": {
        "coordinates": [
          [
            116.56513758843128,
            27.264517880470535
          ],
          [
            116.5649113186692,
            27.26440062467557
          ],
          [
            116.56417741880499,
            27.264121756144036
          ],
          [
            116.56417741880499,
            27.264121756144036
          ],
          [
            116.56399018452537,
            27.264056529473987
          ],
          [
            116.56399018452537,
            27.264056529473987
          ],
          [
            116.56215581344595,
            27.263204279456733
          ],
          [
            116.56186041539793,
            27.263077901217702
          ],
          [
            116.5616481238909,
            27.263025618079215
          ],
          [
            116.56146987899693,
            27.26296038387979
          ],
          [
            116.5607178350824,
            27.262598401369008
          ],
          [
            116.56054359173818,
            27.262481178168535
          ],
          [
            116.56046148611924,
            27.262295103267377
          ],
          [
            116.56037838163955,
            27.26206903604742
          ],
          [
            116.56033132598665,
            27.261891009623415
          ],
          [
            116.5601921603732,
            27.26136992975283
          ],
          [
            116.56008803081667,
            27.261048853349998
          ],
          [
            116.55985672779745,
            27.260518639064742
          ],
          [
            116.55974458112335,
            27.26024553819738
          ],
          [
            116.55974458112335,
            27.26024553819738
          ],
          [
            116.55967949210665,
            27.260136467769016
          ],
          [
            116.55967949210665,
            27.260136467769016
          ],
          [
            116.55934904351416,
            27.25949412851406
          ],
          [
            116.5587662460126,
            27.258273540417967
          ],
          [
            116.55788800930083,
            27.25649361496312
          ],
          [
            116.5567884127844,
            27.254218424976944
          ],
          [
            116.5567884127844,
            27.254218424976944
          ],
          [
            116.55642386853947,
            27.253497012281464
          ],
          [
            116.55642386853947,
            27.253497012281464
          ],
          [
            116.55582797262944,
            27.25222034999909
          ],
          [
            116.55574083639412,
            27.25208623940029
          ],
          [
            116.55569275918099,
            27.2520381720261
          ],
          [
            116.55559359775955,
            27.251964026771553
          ],
          [
            116.55541931074028,
            27.251863763299532
          ],
          [
            116.55369738961829,
            27.25101006219812
          ],
          [
            116.55353210398579,
            27.25090180306673
          ],
          [
            116.55337984484113,
            27.25073258013388
          ],
          [
            116.55337984484113,
            27.25073258013388
          ],
          [
            116.55295411629784,
            27.250236957433103
          ],
          [
            116.55286296230821,
            27.250088833317356
          ],
          [
            116.55286296230821,
            27.250088833317356
          ],
          [
            116.55274075948455,
            27.249832680313617
          ],
          [
            116.55263258562125,
            27.24952056501074
          ],
          [
            116.55254143791718,
            27.249268464908827
          ],
          [
            116.55246733144413,
            27.24887342922062
          ],
          [
            116.5522930553105,
            27.248283262754498
          ],
          [
            116.55224099680306,
            27.247775293123794
          ],
          [
            116.55215887295503,
            27.24740223724011
          ],
          [
            116.55204567755644,
            27.247219079611934
          ],
          [
            116.55204567755644,
            27.247219079611934
          ],
          [
            116.55192851252076,
            27.246512041508787
          ],
          [
            116.55190647549406,
            27.246460014651785
          ],
          [
            116.55168008148112,
            27.246094696612538
          ],
          [
            116.5512843752418,
            27.245621095992323
          ],
          [
            116.55117217912819,
            27.24541294258747
          ],
          [
            116.55104597628072,
            27.244926830827506
          ],
          [
            116.55103696969287,
            27.244783849210574
          ],
          [
            116.55103697642883,
            27.244691871631904
          ],
          [
            116.55111114359147,
            27.244323096841317
          ],
          [
            116.55111114959507,
            27.244241116843636
          ],
          [
            116.5510891152772,
            27.244141101056982
          ],
          [
            116.5510891152772,
            27.244141101056982
          ],
          [
            116.55102400830609,
            27.24392003615721
          ],
          [
            116.55102000738391,
            27.243829051054508
          ],
          [
            116.55102000738391,
            27.243829051054508
          ],
          [
            116.55120241472525,
            27.242969593555568
          ],
          [
            116.55128460527153,
            27.242479862771752
          ],
          [
            116.55128460527153,
            27.242479862771752
          ],
          [
            116.55141590928528,
            27.241694293341272
          ],
          [
            116.55141590928528,
            27.241694293341272
          ],
          [
            116.55153718486483,
            27.24103067549089
          ],
          [
            116.5516113751011,
            27.2403239829759
          ],
          [
            116.55158535128562,
            27.239985019348495
          ],
          [
            116.55152927403833,
            27.23960801082194
          ],
          [
            116.55142911509014,
            27.23921692591801
          ],
          [
            116.55142911509014,
            27.23921692591801
          ],
          [
            116.55125483750075,
            27.238535777592624
          ],
          [
            116.55115968706907,
            27.23814070193029
          ],
          [
            116.55115968706907,
            27.23814070193029
          ],
          [
            116.55102447916892,
            27.237489616097427
          ],
          [
            116.55086822289114,
            27.236942465486006
          ],
          [
            116.55083316197019,
            27.236864420517747
          ],
          [
            116.55063780760506,
            27.236620121981392
          ],
          [
            116.55055467625405,
            27.236243062123854
          ],
          [
            116.55055467625405,
            27.236243062123854
          ],
          [
            116.55049457836382,
            27.236008009427383
          ],
          [
            116.55049459007611,
            27.235848049087103
          ],
          [
            116.55053367383486,
            27.235726151452774
          ],
          [
            116.55065892909694,
            27.23550943602271
          ],
          [
            116.55074611908199,
            27.235184676915527
          ],
          [
            116.55087639409298,
            27.23481200843734
          ],
          [
            116.5509636106064,
            27.234113341689746
          ]
        ],
        "type": "LineString"
      },
      "properties": {
        "alternative_distance_m": 129520,
        "alternative_duration_s": 30345,
        "alternative_national_m": 5982,
        "alternative_unknown_m": 88189,
        "candidate_id": "fuhe-towns",
        "current_distance_m": 101586,
        "current_duration_s": 23728,
        "current_national_m": 39167,
        "distance_delta_m": 27934,
        "duration_delta_s": 6617,
        "from_name": "南城",
        "label": "避国道绕行线",
        "national_reduction_m": 33185,
        "review_status": "manual_review",
        "risk_tags": [],
        "road_class": "unknown",
        "road_name": "洽桥段",
        "route_role": "alternative",
        "segment_id": "main-14-to-main-15",
        "step_distance_m": 3953,
        "step_index": 27,
        "to_name": "广昌"
      },
      "type": "Feature"
    },
    {
      "geometry": {
        "coordinates": [
          [
            116.55096361097235,
            27.234108342933283
          ],
          [
            116.55054681536737,
            27.23413357107136
          ],
          [
            116.55054681536737,
            27.23413357107136
          ],
          [
            116.55047668105442,
            27.234133441623353
          ],
          [
            116.55047668105442,
            27.234133441623353
          ],
          [
            116.54948976389753,
            27.23418858601969
          ],
          [
            116.54948976389753,
            27.23418858601969
          ],
          [
            116.54914608610804,
            27.234209930640404
          ],
          [
            116.54914608610804,
            27.234209930640404
          ],
          [
            116.5483635248012,
            27.234242425775946
          ],
          [
            116.5483635248012,
            27.234242425775946
          ],
          [
            116.54282673593568,
            27.234513129642103
          ],
          [
            116.54282673593568,
            27.234513129642103
          ],
          [
            116.54163403180334,
            27.234580552532183
          ],
          [
            116.54163403180334,
            27.234580552532183
          ],
          [
            116.5411819935455,
            27.234588567515736
          ],
          [
            116.54085523796304,
            27.234595850846162
          ],
          [
            116.54085523796304,
            27.234595850846162
          ],
          [
            116.54020271655548,
            27.23461240851239
          ],
          [
            116.54020271655548,
            27.23461240851239
          ],
          [
            116.53977270432456,
            27.23463244803758
          ],
          [
            116.53977270432456,
            27.23463244803758
          ],
          [
            116.53831522079687,
            27.234707146026967
          ],
          [
            116.5375924635027,
            27.234749481944252
          ],
          [
            116.5375924635027,
            27.234749481944252
          ],
          [
            116.53621305673569,
            27.234828260900706
          ]
        ],
        "type": "LineString"
      },
      "properties": {
        "alternative_distance_m": 129520,
        "alternative_duration_s": 30345,
        "alternative_national_m": 5982,
        "alternative_unknown_m": 88189,
        "candidate_id": "fuhe-towns",
        "current_distance_m": 101586,
        "current_duration_s": 23728,
        "current_national_m": 39167,
        "distance_delta_m": 27934,
        "duration_delta_s": 6617,
        "from_name": "南城",
        "label": "避国道绕行线",
        "national_reduction_m": 33185,
        "review_status": "manual_review",
        "risk_tags": [],
        "road_class": "unknown",
        "road_name": "南建线",
        "route_role": "alternative",
        "segment_id": "main-14-to-main-15",
        "step_distance_m": 1457,
        "step_index": 28,
        "to_name": "广昌"
      },
      "type": "Feature"
    },
    {
      "geometry": {
        "coordinates": [
          [
            116.53620904674936,
            27.23482825151014
          ],
          [
            116.53620504440302,
            27.234724267949705
          ]
        ],
        "type": "LineString"
      },
      "properties": {
        "alternative_distance_m": 129520,
        "alternative_duration_s": 30345,
        "alternative_national_m": 5982,
        "alternative_unknown_m": 88189,
        "candidate_id": "fuhe-towns",
        "current_distance_m": 101586,
        "current_duration_s": 23728,
        "current_national_m": 39167,
        "distance_delta_m": 27934,
        "duration_delta_s": 6617,
        "from_name": "南城",
        "label": "避国道绕行线",
        "national_reduction_m": 33185,
        "review_status": "manual_review",
        "risk_tags": [],
        "road_class": "unknown",
        "road_name": "",
        "route_role": "alternative",
        "segment_id": "main-14-to-main-15",
        "step_distance_m": 11,
        "step_index": 29,
        "to_name": "广昌"
      },
      "type": "Feature"
    },
    {
      "geometry": {
        "coordinates": [
          [
            116.53620003221243,
            27.234720257203765
          ],
          [
            116.53595644451448,
            27.234445753808988
          ],
          [
            116.53520363714965,
            27.233294262286382
          ],
          [
            116.53520363714965,
            27.233294262286382
          ],
          [
            116.53471244778534,
            27.232534282358174
          ],
          [
            116.53471244778534,
            27.232534282358174
          ],
          [
            116.53459917348148,
            27.232343059367626
          ],
          [
            116.53385534979282,
            27.23124354701962
          ],
          [
            116.53385534979282,
            27.23124354701962
          ],
          [
            116.53380322076289,
            27.231173438703518
          ],
          [
            116.53380322076289,
            27.231173438703518
          ],
          [
            116.53366387664133,
            27.230969153008314
          ],
          [
            116.53366387664133,
            27.230969153008314
          ],
          [
            116.53256714560077,
            27.229356886502195
          ],
          [
            116.53256714560077,
            27.229356886502195
          ],
          [
            116.53239772197534,
            27.22908253973788
          ],
          [
            116.53233256442262,
            27.22890042538778
          ],
          [
            116.53233256442262,
            27.22890042538778
          ],
          [
            116.53205386462695,
            27.228452851853895
          ],
          [
            116.53205386462695,
            27.228452851853895
          ],
          [
            116.5319846903231,
            27.228344708435145
          ],
          [
            116.5319846903231,
            27.228344708435145
          ],
          [
            116.5318974699439,
            27.22821352611765
          ],
          [
            116.5318974699439,
            27.22821352611765
          ],
          [
            116.53137112834885,
            27.22750939953631
          ],
          [
            116.5311144702474,
            27.22717484525963
          ],
          [
            116.5311144702474,
            27.22717484525963
          ],
          [
            116.53098313097618,
            27.22702655516979
          ],
          [
            116.53098313097618,
            27.22702655516979
          ],
          [
            116.53091395139411,
            27.226957399931976
          ],
          [
            116.53091395139411,
            27.226957399931976
          ],
          [
            116.53050489050332,
            27.226492493479572
          ],
          [
            116.53001761464824,
            27.226009390079046
          ],
          [
            116.53001761464824,
            27.226009390079046
          ],
          [
            116.5293077433731,
            27.225295773911622
          ],
          [
            116.5293077433731,
            27.225295773911622
          ],
          [
            116.52831609471144,
            27.22441646468316
          ],
          [
            116.52831609471144,
            27.22441646468316
          ],
          [
            116.52815967424424,
            27.22427709830659
          ],
          [
            116.52815967424424,
            27.22427709830659
          ],
          [
            116.52769341419517,
            27.223893994375015
          ],
          [
            116.52769341419517,
            27.223893994375015
          ],
          [
            116.52694036547089,
            27.2232761997612
          ],
          [
            116.52694036547089,
            27.2232761997612
          ],
          [
            116.52636177986264,
            27.2228058103971
          ],
          [
            116.52636177986264,
            27.2228058103971
          ],
          [
            116.52573104106649,
            27.22228428884273
          ],
          [
            116.52511733223955,
            27.22186177778931
          ],
          [
            116.52511733223955,
            27.22186177778931
          ],
          [
            116.52393701231355,
            27.221107832245217
          ]
        ],
        "type": "LineString"
      },
      "properties": {
        "alternative_distance_m": 129520,
        "alternative_duration_s": 30345,
        "alternative_national_m": 5982,
        "alternative_unknown_m": 88189,
        "candidate_id": "fuhe-towns",
        "current_distance_m": 101586,
        "current_duration_s": 23728,
        "current_national_m": 39167,
        "distance_delta_m": 27934,
        "duration_delta_s": 6617,
        "from_name": "南城",
        "label": "避国道绕行线",
        "national_reduction_m": 33185,
        "review_status": "manual_review",
        "risk_tags": [],
        "road_class": "unknown",
        "road_name": "",
        "route_role": "alternative",
        "segment_id": "main-14-to-main-15",
        "step_distance_m": 1947,
        "step_index": 30,
        "to_name": "广昌"
      },
      "type": "Feature"
    },
    {
      "geometry": {
        "coordinates": [
          [
            116.52393300114696,
            27.221102822803292
          ],
          [
            116.52395907928731,
            27.22105990337286
          ],
          [
            116.52395907928731,
            27.22105990337286
          ],
          [
            116.5242770344092,
            27.2204838979445
          ],
          [
            116.5242770344092,
            27.2204838979445
          ],
          [
            116.52435526974226,
            27.2203321448858
          ],
          [
            116.52435526974226,
            27.2203321448858
          ],
          [
            116.52462507724306,
            27.219846985772087
          ],
          [
            116.52462507724306,
            27.219846985772087
          ],
          [
            116.52487783320555,
            27.219374776594755
          ],
          [
            116.52487783320555,
            27.219374776594755
          ],
          [
            116.52500822146436,
            27.21914518043836
          ],
          [
            116.52500822146436,
            27.21914518043836
          ],
          [
            116.52513459821645,
            27.218910574579482
          ],
          [
            116.52513459821645,
            27.218910574579482
          ],
          [
            116.52557891404074,
            27.218156939312724
          ]
        ],
        "type": "LineString"
      },
      "properties": {
        "alternative_distance_m": 129520,
        "alternative_duration_s": 30345,
        "alternative_national_m": 5982,
        "alternative_unknown_m": 88189,
        "candidate_id": "fuhe-towns",
        "current_distance_m": 101586,
        "current_duration_s": 23728,
        "current_national_m": 39167,
        "distance_delta_m": 27934,
        "duration_delta_s": 6617,
        "from_name": "南城",
        "label": "避国道绕行线",
        "national_reduction_m": 33185,
        "review_status": "manual_review",
        "risk_tags": [],
        "road_class": "unknown",
        "road_name": "学府路",
        "route_role": "alternative",
        "segment_id": "main-14-to-main-15",
        "step_distance_m": 362,
        "step_index": 31,
        "to_name": "广昌"
      },
      "type": "Feature"
    },
    {
      "geometry": {
        "coordinates": [
          [
            116.52557891433538,
            27.218152940335035
          ],
          [
            116.52576543737935,
            27.218213415636708
          ],
          [
            116.52596600249043,
            27.2182269389487
          ]
        ],
        "type": "LineString"
      },
      "properties": {
        "alternative_distance_m": 129520,
        "alternative_duration_s": 30345,
        "alternative_national_m": 5982,
        "alternative_unknown_m": 88189,
        "candidate_id": "fuhe-towns",
        "current_distance_m": 101586,
        "current_duration_s": 23728,
        "current_national_m": 39167,
        "distance_delta_m": 27934,
        "duration_delta_s": 6617,
        "from_name": "南城",
        "label": "避国道绕行线",
        "national_reduction_m": 33185,
        "review_status": "manual_review",
        "risk_tags": [],
        "road_class": "unknown",
        "road_name": "竹马路",
        "route_role": "alternative",
        "segment_id": "main-14-to-main-15",
        "step_distance_m": 39,
        "step_index": 32,
        "to_name": "广昌"
      },
      "type": "Feature"
    },
    {
      "geometry": {
        "coordinates": [
          [
            116.52596600249043,
            27.2182269389487
          ],
          [
            116.5259830399474,
            27.218370946873097
          ]
        ],
        "type": "LineString"
      },
      "properties": {
        "alternative_distance_m": 129520,
        "alternative_duration_s": 30345,
        "alternative_national_m": 5982,
        "alternative_unknown_m": 88189,
        "candidate_id": "fuhe-towns",
        "current_distance_m": 101586,
        "current_duration_s": 23728,
        "current_national_m": 39167,
        "distance_delta_m": 27934,
        "duration_delta_s": 6617,
        "from_name": "南城",
        "label": "避国道绕行线",
        "national_reduction_m": 33185,
        "review_status": "manual_review",
        "risk_tags": [],
        "road_class": "unknown",
        "road_name": "",
        "route_role": "alternative",
        "segment_id": "main-14-to-main-15",
        "step_distance_m": 15,
        "step_index": 33,
        "to_name": "广昌"
      },
      "type": "Feature"
    },
    {
      "geometry": {
        "coordinates": [
          [
            116.5259830399474,
            27.218370946873097
          ],
          [
            116.52597001343189,
            27.21823194819376
          ]
        ],
        "type": "LineString"
      },
      "properties": {
        "alternative_distance_m": 129520,
        "alternative_duration_s": 30345,
        "alternative_national_m": 5982,
        "alternative_unknown_m": 88189,
        "candidate_id": "fuhe-towns",
        "current_distance_m": 101586,
        "current_duration_s": 23728,
        "current_national_m": 39167,
        "distance_delta_m": 27934,
        "duration_delta_s": 6617,
        "from_name": "南城",
        "label": "避国道绕行线",
        "national_reduction_m": 33185,
        "review_status": "manual_review",
        "risk_tags": [],
        "road_class": "unknown",
        "road_name": "",
        "route_role": "alternative",
        "segment_id": "main-14-to-main-15",
        "step_distance_m": 15,
        "step_index": 34,
        "to_name": "广昌"
      },
      "type": "Feature"
    },
    {
      "geometry": {
        "coordinates": [
          [
            116.52596600249043,
            27.2182269389487
          ],
          [
            116.52729772100602,
            27.21837837310231
          ],
          [
            116.52729772100602,
            27.21837837310231
          ],
          [
            116.52790239087781,
            27.218466912815344
          ],
          [
            116.52790239087781,
            27.218466912815344
          ],
          [
            116.52970430172327,
            27.218731445347917
          ]
        ],
        "type": "LineString"
      },
      "properties": {
        "alternative_distance_m": 129520,
        "alternative_duration_s": 30345,
        "alternative_national_m": 5982,
        "alternative_unknown_m": 88189,
        "candidate_id": "fuhe-towns",
        "current_distance_m": 101586,
        "current_duration_s": 23728,
        "current_national_m": 39167,
        "distance_delta_m": 27934,
        "duration_delta_s": 6617,
        "from_name": "南城",
        "label": "避国道绕行线",
        "national_reduction_m": 33185,
        "review_status": "manual_review",
        "risk_tags": [],
        "road_class": "unknown",
        "road_name": "竹马路",
        "route_role": "alternative",
        "segment_id": "main-14-to-main-15",
        "step_distance_m": 372,
        "step_index": 35,
        "to_name": "广昌"
      },
      "type": "Feature"
    },
    {
      "geometry": {
        "coordinates": [
          [
            116.52970430172327,
            27.218731445347917
          ],
          [
            116.5298617774889,
            27.218055016055704
          ],
          [
            116.53005334635769,
            27.21735267884597
          ],
          [
            116.53005334635769,
            27.21735267884597
          ],
          [
            116.53009647476253,
            27.217187829676107
          ],
          [
            116.53037527386682,
            27.21652470062916
          ],
          [
            116.53069719454146,
            27.215744707566714
          ],
          [
            116.53103616983508,
            27.214794798088896
          ],
          [
            116.53103616983508,
            27.214794798088896
          ],
          [
            116.53110236177749,
            27.214583017465696
          ],
          [
            116.53110236177749,
            27.214583017465696
          ],
          [
            116.53111040711289,
            27.214257121262186
          ],
          [
            116.53111040711289,
            27.214257121262186
          ],
          [
            116.53109737555248,
            27.214214099854694
          ]
        ],
        "type": "LineString"
      },
      "properties": {
        "alternative_distance_m": 129520,
        "alternative_duration_s": 30345,
        "alternative_national_m": 5982,
        "alternative_unknown_m": 88189,
        "candidate_id": "fuhe-towns",
        "current_distance_m": 101586,
        "current_duration_s": 23728,
        "current_national_m": 39167,
        "distance_delta_m": 27934,
        "duration_delta_s": 6617,
        "from_name": "南城",
        "label": "避国道绕行线",
        "national_reduction_m": 33185,
        "review_status": "manual_review",
        "risk_tags": [],
        "road_class": "unknown",
        "road_name": "嘉禾商业街",
        "route_role": "alternative",
        "segment_id": "main-14-to-main-15",
        "step_distance_m": 521,
        "step_index": 36,
        "to_name": "广昌"
      },
      "type": "Feature"
    },
    {
      "geometry": {
        "coordinates": [
          [
            116.53109336523532,
            27.214209091150057
          ],
          [
            116.5317761802495,
            27.214163797708014
          ],
          [
            116.53287707901072,
            27.214027537894445
          ],
          [
            116.53287707901072,
            27.214027537894445
          ],
          [
            116.53315580489068,
            27.21401522047284
          ],
          [
            116.53315580489068,
            27.21401522047284
          ],
          [
            116.53341748375861,
            27.214006858441074
          ],
          [
            116.53341748375861,
            27.214006858441074
          ],
          [
            116.53404810833628,
            27.214012381102616
          ],
          [
            116.53404810833628,
            27.214012381102616
          ],
          [
            116.5346787191573,
            27.214018891778355
          ],
          [
            116.5346787191573,
            27.214018891778355
          ],
          [
            116.53515292104395,
            27.21402801887616
          ],
          [
            116.5357494233827,
            27.21401643297249
          ],
          [
            116.5357494233827,
            27.21401643297249
          ],
          [
            116.53646320488613,
            27.21399711224089
          ],
          [
            116.53646320488613,
            27.21399711224089
          ],
          [
            116.5375117892969,
            27.213960552668553
          ],
          [
            116.5375117892969,
            27.213960552668553
          ],
          [
            116.53795988249195,
            27.21393058869753
          ],
          [
            116.53795988249195,
            27.21393058869753
          ],
          [
            116.53831174315197,
            27.213805423903665
          ],
          [
            116.53847714590465,
            27.21374981432219
          ],
          [
            116.53847714590465,
            27.21374981432219
          ],
          [
            116.54137907623011,
            27.212324635012568
          ],
          [
            116.54137907623011,
            27.212324635012568
          ],
          [
            116.5415665129447,
            27.212229066878667
          ],
          [
            116.5415665129447,
            27.212229066878667
          ],
          [
            116.54244955325572,
            27.21175809081281
          ]
        ],
        "type": "LineString"
      },
      "properties": {
        "alternative_distance_m": 129520,
        "alternative_duration_s": 30345,
        "alternative_national_m": 5982,
        "alternative_unknown_m": 88189,
        "candidate_id": "fuhe-towns",
        "current_distance_m": 101586,
        "current_duration_s": 23728,
        "current_national_m": 39167,
        "distance_delta_m": 27934,
        "duration_delta_s": 6617,
        "from_name": "南城",
        "label": "避国道绕行线",
        "national_reduction_m": 33185,
        "review_status": "manual_review",
        "risk_tags": [],
        "road_class": "unknown",
        "road_name": "大桥路",
        "route_role": "alternative",
        "segment_id": "main-14-to-main-15",
        "step_distance_m": 1181,
        "step_index": 37,
        "to_name": "广昌"
      },
      "type": "Feature"
    },
    {
      "geometry": {
        "coordinates": [
          [
            116.54244955354883,
            27.211754091845584
          ],
          [
            116.54246659927352,
            27.211654154103087
          ],
          [
            116.54246659927352,
            27.211654154103087
          ],
          [
            116.54247562663122,
            27.21155819818096
          ],
          [
            116.54247563359252,
            27.211463222718457
          ],
          [
            116.54247563359252,
            27.211463222718457
          ],
          [
            116.54140134607967,
            27.20933445630068
          ],
          [
            116.54140134607967,
            27.20933445630068
          ],
          [
            116.54137128115109,
            27.20927840541445
          ],
          [
            116.54137128115109,
            27.20927840541445
          ],
          [
            116.5407228788866,
            27.207979324285258
          ],
          [
            116.5407228788866,
            27.207979324285258
          ],
          [
            116.54034402449301,
            27.207596588630924
          ],
          [
            116.54034402449301,
            27.207596588630924
          ],
          [
            116.54010949357887,
            27.20734913359589
          ],
          [
            116.53901798247445,
            27.20636994749311
          ],
          [
            116.53901798247445,
            27.20636994749311
          ],
          [
            116.53896084985769,
            27.206317832230923
          ]
        ],
        "type": "LineString"
      },
      "properties": {
        "alternative_distance_m": 129520,
        "alternative_duration_s": 30345,
        "alternative_national_m": 5982,
        "alternative_unknown_m": 88189,
        "candidate_id": "fuhe-towns",
        "current_distance_m": 101586,
        "current_duration_s": 23728,
        "current_national_m": 39167,
        "distance_delta_m": 27934,
        "duration_delta_s": 6617,
        "from_name": "南城",
        "label": "避国道绕行线",
        "national_reduction_m": 33185,
        "review_status": "manual_review",
        "risk_tags": [],
        "road_class": "county",
        "road_name": "886县道",
        "route_role": "alternative",
        "segment_id": "main-14-to-main-15",
        "step_distance_m": 706,
        "step_index": 38,
        "to_name": "广昌"
      },
      "type": "Feature"
    },
    {
      "geometry": {
        "coordinates": [
          [
            116.53895684057235,
            27.206313824229735
          ],
          [
            116.53901297747828,
            27.206274960926205
          ],
          [
            116.53901297747828,
            27.206274960926205
          ],
          [
            116.54030107301394,
            27.205561023097196
          ],
          [
            116.5403361562534,
            27.20554410508102
          ],
          [
            116.54046646485537,
            27.205483408676645
          ],
          [
            116.54046646485537,
            27.205483408676645
          ],
          [
            116.54122324326818,
            27.205142157739527
          ],
          [
            116.54183667155142,
            27.20482257260298
          ],
          [
            116.54183667155142,
            27.20482257260298
          ],
          [
            116.54282393937069,
            27.20430382405045
          ],
          [
            116.54282393937069,
            27.20430382405045
          ],
          [
            116.54368588364521,
            27.20390274876673
          ],
          [
            116.54368588364521,
            27.20390274876673
          ],
          [
            116.54512505983622,
            27.20327189436974
          ],
          [
            116.54512505983622,
            27.20327189436974
          ],
          [
            116.54521625529752,
            27.203272080728404
          ],
          [
            116.54521625529752,
            27.203272080728404
          ],
          [
            116.54544274494523,
            27.203194562656485
          ],
          [
            116.54569528555369,
            27.203147087665037
          ],
          [
            116.54600394665668,
            27.203034740427718
          ],
          [
            116.54611318083394,
            27.202978974800335
          ],
          [
            116.54657416626036,
            27.202706968728016
          ],
          [
            116.54657416626036,
            27.202706968728016
          ],
          [
            116.54691689162614,
            27.202524697459232
          ],
          [
            116.54710428452375,
            27.202447088328462
          ],
          [
            116.54751714152965,
            27.202321932940734
          ],
          [
            116.54751714152965,
            27.202321932940734
          ],
          [
            116.54787889009015,
            27.202162680816663
          ],
          [
            116.5483739124968,
            27.201846722049034
          ],
          [
            116.54858734862944,
            27.20173016303513
          ],
          [
            116.54894808494191,
            27.201482917665032
          ],
          [
            116.54915751259699,
            27.201301363503205
          ],
          [
            116.54915751259699,
            27.201301363503205
          ],
          [
            116.5497837789952,
            27.200772683197506
          ],
          [
            116.55003528048316,
            27.200591200932493
          ],
          [
            116.55003528048316,
            27.200591200932493
          ],
          [
            116.55039699548767,
            27.20034893643133
          ],
          [
            116.55039699548767,
            27.20034893643133
          ],
          [
            116.55059238052714,
            27.20020133604571
          ],
          [
            116.55059238052714,
            27.20020133604571
          ],
          [
            116.55069257777323,
            27.200119542014
          ],
          [
            116.55077474377035,
            27.199989727104743
          ],
          [
            116.55091002013079,
            27.19972504466793
          ],
          [
            116.55118360267693,
            27.198831778955086
          ],
          [
            116.55136197391454,
            27.19834223186376
          ],
          [
            116.55136197391454,
            27.19834223186376
          ],
          [
            116.55152330246275,
            27.197981618881208
          ],
          [
            116.55152330246275,
            27.197981618881208
          ],
          [
            116.55175376886424,
            27.197479166742998
          ],
          [
            116.55175376886424,
            27.197479166742998
          ],
          [
            116.55179284908043,
            27.19737526437673
          ],
          [
            116.55179284908043,
            27.19737526437673
          ],
          [
            116.5520403654825,
            27.19658091740119
          ],
          [
            116.55217163249694,
            27.196238242104265
          ],
          [
            116.55233595549267,
            27.195948610896988
          ],
          [
            116.5528629723804,
            27.19516774764103
          ],
          [
            116.5528629723804,
            27.19516774764103
          ],
          [
            116.55292308799861,
            27.19507287816157
          ],
          [
            116.55297118497725,
            27.19493399913583
          ],
          [
            116.55300225429077,
            27.194752101611947
          ],
          [
            116.55301929580325,
            27.194604170545748
          ],
          [
            116.5531195347877,
            27.19380155806059
          ],
          [
            116.55313660345452,
            27.193280725780582
          ],
          [
            116.5530886275808,
            27.191767043448444
          ],
          [
            116.55311469473212,
            27.191489162732296
          ],
          [
            116.55321088043497,
            27.191311377642986
          ],
          [
            116.55334513255245,
            27.19115065379069
          ],
          [
            116.55347637396588,
            27.191051907557753
          ],
          [
            116.55511529359048,
            27.19021191467984
          ],
          [
            116.55625425421478,
            27.189562958590468
          ],
          [
            116.55659382806581,
            27.189355561547444
          ],
          [
            116.55687630480385,
            27.189135072333666
          ],
          [
            116.55687630480385,
            27.189135072333666
          ],
          [
            116.55692338376137,
            27.189100156661347
          ],
          [
            116.55692338376137,
            27.189100156661347
          ],
          [
            116.55709767709163,
            27.188944475109015
          ],
          [
            116.5572108702275,
            27.188796693697558
          ],
          [
            116.55776281207959,
            27.18795578423448
          ],
          [
            116.55951970562664,
            27.185390143769833
          ],
          [
            116.55951970562664,
            27.185390143769833
          ],
          [
            116.56033199391558,
            27.18419765606876
          ],
          [
            116.56071458980301,
            27.183634359398834
          ],
          [
            116.56084078486714,
            27.183447590318806
          ],
          [
            116.5612754484937,
            27.182836372037514
          ],
          [
            116.5612754484937,
            27.182836372037514
          ],
          [
            116.56162296778632,
            27.18241197412456
          ],
          [
            116.56187533424534,
            27.182199382515723
          ],
          [
            116.56187533424534,
            27.182199382515723
          ],
          [
            116.56206260525971,
            27.182026687844452
          ],
          [
            116.56227490561093,
            27.181897014434806
          ],
          [
            116.56250121836683,
            27.181827342058273
          ],
          [
            116.56329228766975,
            27.181641454636523
          ],
          [
            116.56360970983162,
            27.181542899996284
          ],
          [
            116.56407031798295,
            27.181339554799525
          ],
          [
            116.56436570721806,
            27.18114398745899
          ],
          [
            116.56503958496405,
            27.18061598249784
          ],
          [
            116.56516574336078,
            27.180564153962155
          ],
          [
            116.56533495269346,
            27.18052037593384
          ]
        ],
        "type": "LineString"
      },
      "properties": {
        "alternative_distance_m": 129520,
        "alternative_duration_s": 30345,
        "alternative_national_m": 5982,
        "alternative_unknown_m": 88189,
        "candidate_id": "fuhe-towns",
        "current_distance_m": 101586,
        "current_duration_s": 23728,
        "current_national_m": 39167,
        "distance_delta_m": 27934,
        "duration_delta_s": 6617,
        "from_name": "南城",
        "label": "避国道绕行线",
        "national_reduction_m": 33185,
        "review_status": "manual_review",
        "risk_tags": [],
        "road_class": "unknown",
        "road_name": "",
        "route_role": "alternative",
        "segment_id": "main-14-to-main-15",
        "step_distance_m": 4127,
        "step_index": 39,
        "to_name": "广昌"
      },
      "type": "Feature"
    },
    {
      "geometry": {
        "coordinates": [
          [
            116.5653349529849,
            27.180516377010203
          ],
          [
            116.56600380308075,
            27.179840377687235
          ],
          [
            116.56600380308075,
            27.179840377687235
          ],
          [
            116.56679477878099,
            27.17905153333606
          ],
          [
            116.56721228362312,
            27.178601141586928
          ],
          [
            116.56755569536809,
            27.178188647573013
          ],
          [
            116.56783803442305,
            27.17778107821781
          ],
          [
            116.56869004753487,
            27.176354410066086
          ],
          [
            116.56887626217681,
            27.17606868993191
          ],
          [
            116.56914155901752,
            27.175743064029465
          ],
          [
            116.56938482305954,
            27.17551338571785
          ],
          [
            116.5695720214416,
            27.175374621222907
          ],
          [
            116.56981026917678,
            27.17522791063165
          ],
          [
            116.57084931347023,
            27.17462113458781
          ],
          [
            116.57084931347023,
            27.17462113458781
          ],
          [
            116.57294725579769,
            27.173373466300177
          ],
          [
            116.57294725579769,
            27.173373466300177
          ],
          [
            116.57332958849688,
            27.173104881344
          ],
          [
            116.5735377697365,
            27.172914116678943
          ],
          [
            116.57369891163464,
            27.17272330922483
          ],
          [
            116.57374194967,
            27.172667361808816
          ],
          [
            116.5739070958357,
            27.172437566926675
          ],
          [
            116.57400718785739,
            27.172241706021012
          ],
          [
            116.57414632004567,
            27.171898917796952
          ],
          [
            116.5742113859283,
            27.171678033004667
          ],
          [
            116.57435955126331,
            27.170953354953358
          ],
          [
            116.5751974726167,
            27.166750188459954
          ],
          [
            116.5751974726167,
            27.166750188459954
          ],
          [
            116.5753366164915,
            27.16612946923217
          ],
          [
            116.57557584729616,
            27.16525789668592
          ],
          [
            116.5758100623531,
            27.16451528259956
          ],
          [
            116.57604526819175,
            27.163869640405736
          ],
          [
            116.57604526819175,
            27.163869640405736
          ],
          [
            116.57616636974416,
            27.163582811220145
          ],
          [
            116.57629248168023,
            27.163188014741113
          ],
          [
            116.57657472107635,
            27.162416437082918
          ],
          [
            116.57657472107635,
            27.162416437082918
          ],
          [
            116.57683093724769,
            27.161682826608
          ],
          [
            116.57708715504228,
            27.160880232244864
          ],
          [
            116.57725230710312,
            27.160177543121247
          ],
          [
            116.57737443260473,
            27.159465825071067
          ],
          [
            116.57737443260473,
            27.159465825071067
          ],
          [
            116.57744851730557,
            27.15891102966487
          ],
          [
            116.57747455935905,
            27.158546148247414
          ],
          [
            116.57748760025939,
            27.158090282760455
          ],
          [
            116.57748264934348,
            27.15737447626369
          ],
          [
            116.577452680387,
            27.15670164050857
          ],
          [
            116.577452680387,
            27.15670164050857
          ],
          [
            116.57743569574929,
            27.15635072524316
          ],
          [
            116.57743569574929,
            27.15635072524316
          ],
          [
            116.57740471092302,
            27.155886831277783
          ],
          [
            116.57740471092302,
            27.155886831277783
          ],
          [
            116.57732278787063,
            27.15415025238483
          ],
          [
            116.57732681674898,
            27.1537863556744
          ],
          [
            116.57735687271114,
            27.153265520719174
          ],
          [
            116.57735687271114,
            27.153265520719174
          ],
          [
            116.57738289496291,
            27.153174564194387
          ],
          [
            116.57766123980814,
            27.150701442310535
          ],
          [
            116.57785747519253,
            27.14903103978784
          ],
          [
            116.57785747519253,
            27.14903103978784
          ],
          [
            116.578126799324,
            27.14667887443409
          ],
          [
            116.57828296866806,
            27.145547292876753
          ],
          [
            116.57828296866806,
            27.145547292876753
          ],
          [
            116.57831800852483,
            27.145265394425078
          ],
          [
            116.57831800852483,
            27.145265394425078
          ],
          [
            116.57840910464498,
            27.144631630696328
          ],
          [
            116.57840910464498,
            27.144631630696328
          ],
          [
            116.57854823984925,
            27.143811949751928
          ],
          [
            116.57854823984925,
            27.143811949751928
          ],
          [
            116.57859528575537,
            27.143529059059375
          ],
          [
            116.57859528575537,
            27.143529059059375
          ],
          [
            116.57863432464492,
            27.143282153081575
          ],
          [
            116.57863432464492,
            27.143282153081575
          ],
          [
            116.57895663331452,
            27.141372891149427
          ],
          [
            116.57895663331452,
            27.141372891149427
          ],
          [
            116.5790557263894,
            27.140796114409337
          ],
          [
            116.57925190433633,
            27.13972053679101
          ],
          [
            116.57930795361811,
            27.1394296526092
          ],
          [
            116.57930795361811,
            27.1394296526092
          ],
          [
            116.57954716146463,
            27.13819714297806
          ],
          [
            116.57966425010113,
            27.137759335966713
          ],
          [
            116.57983336186355,
            27.137333555998318
          ],
          [
            116.58017656891347,
            27.136678940161335
          ],
          [
            116.58017656891347,
            27.136678940161335
          ],
          [
            116.580810921055,
            27.135668580642694
          ],
          [
            116.58099802797098,
            27.13527379317328
          ],
          [
            116.58099802797098,
            27.13527379317328
          ],
          [
            116.58116312889942,
            27.134814010570246
          ],
          [
            116.58145832933026,
            27.133668486772773
          ],
          [
            116.58151836554225,
            27.13349056776085
          ],
          [
            116.58163142718918,
            27.133238696571688
          ],
          [
            116.58172247417835,
            27.13306579151502
          ],
          [
            116.58188355073588,
            27.132835937296374
          ],
          [
            116.58232674415108,
            27.1323452927134
          ],
          [
            116.58251782413645,
            27.132137442196193
          ],
          [
            116.58269089768355,
            27.131911586704522
          ],
          [
            116.5828949857222,
            27.131599768124406
          ],
          [
            116.58309507801171,
            27.1311829753008
          ],
          [
            116.58322114121161,
            27.130836128521132
          ],
          [
            116.58331219428845,
            27.130476269394734
          ],
          [
            116.58366842167209,
            27.128739909246832
          ],
          [
            116.58378949583584,
            27.12817211923811
          ],
          [
            116.58388154620819,
            27.127816257202703
          ],
          [
            116.58405462896515,
            27.12729547399293
          ],
          [
            116.58438876585198,
            27.126544817272933
          ],
          [
            116.5845238224076,
            27.126201965695177
          ],
          [
            116.58491001668949,
            27.12470153178075
          ],
          [
            116.58565733922957,
            27.122232486727935
          ],
          [
            116.58579638665755,
            27.121902625274263
          ],
          [
            116.58593942711444,
            27.12166373864419
          ],
          [
            116.58605645626987,
            27.121511818472758
          ],
          [
            116.58666459105405,
            27.12079620266469
          ],
          [
            116.58666459105405,
            27.12079620266469
          ],
          [
            116.58746273887121,
            27.119859681067265
          ],
          [
            116.58763676832719,
            27.11963378771147
          ],
          [
            116.58784480453448,
            27.11932192520295
          ],
          [
            116.58856992422557,
            27.118085431505264
          ],
          [
            116.58856992422557,
            27.118085431505264
          ],
          [
            116.58875695151796,
            27.11775556139395
          ],
          [
            116.58891297216788,
            27.117490665664363
          ],
          [
            116.58912600235494,
            27.11707382183804
          ],
          [
            116.58918601446999,
            27.116900881117683
          ],
          [
            116.58921702708923,
            27.116722936656224
          ],
          [
            116.58922504057657,
            27.116535990736878
          ],
          [
            116.58920805396423,
            27.116354039092567
          ],
          [
            116.5891650675577,
            27.116172082900366
          ],
          [
            116.58856119713944,
            27.114323490302148
          ],
          [
            116.58825824642201,
            27.11351565492734
          ],
          [
            116.58782829022601,
            27.11261781143561
          ],
          [
            116.58772830407113,
            27.112339866173482
          ],
          [
            116.5876413236185,
            27.111988944236593
          ],
          [
            116.58751139313924,
            27.11089921989995
          ],
          [
            116.58741641171457,
            27.11053929767237
          ],
          [
            116.5871204554622,
            27.109571494062784
          ],
          [
            116.58707746350152,
            27.109402530285468
          ],
          [
            116.58705147570404,
            27.109198580901847
          ]
        ],
        "type": "LineString"
      },
      "properties": {
        "alternative_distance_m": 129520,
        "alternative_duration_s": 30345,
        "alternative_national_m": 5982,
        "alternative_unknown_m": 88189,
        "candidate_id": "fuhe-towns",
        "current_distance_m": 101586,
        "current_duration_s": 23728,
        "current_national_m": 39167,
        "distance_delta_m": 27934,
        "duration_delta_s": 6617,
        "from_name": "南城",
        "label": "避国道绕行线",
        "national_reduction_m": 33185,
        "review_status": "manual_review",
        "risk_tags": [],
        "road_class": "unknown",
        "road_name": "南建线",
        "route_role": "alternative",
        "segment_id": "main-14-to-main-15",
        "step_distance_m": 8566,
        "step_index": 40,
        "to_name": "广昌"
      },
      "type": "Feature"
    },
    {
      "geometry": {
        "coordinates": [
          [
            116.58704747566377,
            27.109193581235072
          ],
          [
            116.5870554937385,
            27.108955650609083
          ],
          [
            116.58712551922005,
            27.10869974166537
          ],
          [
            116.58720753867166,
            27.10853880882727
          ],
          [
            116.58738157041122,
            27.108312917685264
          ],
          [
            116.5875726005515,
            27.108105024299352
          ],
          [
            116.58893075019427,
            27.106773693864262
          ],
          [
            116.59008980293324,
            27.10564119925525
          ],
          [
            116.5902848066871,
            27.105428284744985
          ],
          [
            116.59046780997772,
            27.105207369406376
          ],
          [
            116.59066281751964,
            27.10489048102723
          ],
          [
            116.59080183020463,
            27.10454759265224
          ],
          [
            116.59088384837439,
            27.104191701544636
          ],
          [
            116.59094488083446,
            27.103662857052267
          ],
          [
            116.59094488083446,
            27.103662857052267
          ],
          [
            116.59108796604293,
            27.102287259439514
          ],
          [
            116.5911359867296,
            27.10193136437878
          ],
          [
            116.59123600618724,
            27.101510491991334
          ],
          [
            116.5914050158986,
            27.10110262082
          ],
          [
            116.5915310186991,
            27.100846702420615
          ],
          [
            116.59173501380042,
            27.100538802932697
          ],
          [
            116.59329789134009,
            27.09838645372538
          ],
          [
            116.59329789134009,
            27.09838645372538
          ],
          [
            116.59368784197615,
            27.097843601026906
          ],
          [
            116.59368784197615,
            27.097843601026906
          ],
          [
            116.59388381522805,
            27.097557676250815
          ],
          [
            116.59401380065115,
            27.097309741717904
          ],
          [
            116.59411779313692,
            27.09704581212515
          ],
          [
            116.5941917977713,
            27.096715902166252
          ],
          [
            116.5941917977713,
            27.096715902166252
          ],
          [
            116.59421781326576,
            27.096407988100147
          ],
          [
            116.59423085458526,
            27.09579116209772
          ],
          [
            116.59423888989521,
            27.09527530775435
          ],
          [
            116.59423888989521,
            27.09527530775435
          ],
          [
            116.59427903512608,
            27.093126914060225
          ],
          [
            116.59430907111677,
            27.092520084350422
          ],
          [
            116.59430907111677,
            27.092520084350422
          ],
          [
            116.59434408279164,
            27.09222916488185
          ],
          [
            116.59441309049195,
            27.09186426441211
          ],
          [
            116.59441309049195,
            27.09186426441211
          ],
          [
            116.59457809562024,
            27.091161453503446
          ],
          [
            116.59512509056934,
            27.08900102389396
          ],
          [
            116.59512509056934,
            27.08900102389396
          ],
          [
            116.59580206356898,
            27.08632771164247
          ],
          [
            116.59594505995935,
            27.08569387394491
          ],
          [
            116.59599306919304,
            27.08533396989007
          ],
          [
            116.59601508158102,
            27.08505604581821
          ],
          [
            116.5960150994922,
            27.084809115736512
          ],
          [
            116.59601510768634,
            27.084696147723104
          ],
          [
            116.59598914137769,
            27.0843582466657
          ],
          [
            116.59598914137769,
            27.0843582466657
          ],
          [
            116.59589324459897,
            27.083398530204793
          ],
          [
            116.59589324459897,
            27.083398530204793
          ],
          [
            116.59586726935734,
            27.083181594754105
          ],
          [
            116.59586726935734,
            27.083181594754105
          ],
          [
            116.59528586932849,
            27.077572244811904
          ],
          [
            116.59528586932849,
            27.077572244811904
          ],
          [
            116.59490026000829,
            27.07382233875143
          ],
          [
            116.59482234442324,
            27.072976583810828
          ],
          [
            116.59480537550878,
            27.07261668681288
          ],
          [
            116.59480938752596,
            27.072434737952925
          ],
          [
            116.59483539314091,
            27.07225178773577
          ],
          [
            116.59492238585673,
            27.07199585339667
          ],
          [
            116.59507435611309,
            27.07177090451163
          ],
          [
            116.59529930351066,
            27.071526953160305
          ],
          [
            116.59529930351066,
            27.071526953160305
          ],
          [
            116.59548625505758,
            27.071362980955
          ],
          [
            116.59664890361641,
            27.07049507681334
          ],
          [
            116.59693980864336,
            27.070230105150042
          ],
          [
            116.59719172681903,
            27.069948141569594
          ],
          [
            116.59730469096034,
            27.069796164226812
          ],
          [
            116.59744764805875,
            27.069557205283758
          ],
          [
            116.59821541558979,
            27.06806446982869
          ],
          [
            116.59869725901768,
            27.06707063896763
          ],
          [
            116.59893117284454,
            27.066671693897426
          ],
          [
            116.59926103838367,
            27.066224734735506
          ],
          [
            116.599573901665,
            27.06585975254132
          ],
          [
            116.60074933975551,
            27.064566760194314
          ],
          [
            116.60074933975551,
            27.064566760194314
          ],
          [
            116.60096622878247,
            27.064327755337047
          ],
          [
            116.60117411817166,
            27.064127740618318
          ],
          [
            116.60161687152211,
            27.063758687156348
          ],
          [
            116.60289609542897,
            27.062838445432412
          ],
          [
            116.60389843216895,
            27.062126206055023
          ],
          [
            116.60389843216895,
            27.062126206055023
          ],
          [
            116.60412827342672,
            27.06196214553124
          ],
          [
            116.60412827342672,
            27.06196214553124
          ],
          [
            116.60430215152991,
            27.06184009771918
          ],
          [
            116.60463591231212,
            27.061622997628696
          ],
          [
            116.60487873615243,
            27.06144892648887
          ],
          [
            116.60518650987915,
            27.061214836654962
          ],
          [
            116.60546430037998,
            27.061023746568438
          ],
          [
            116.60546430037998,
            27.061023746568438
          ],
          [
            116.60582801794617,
            27.06081061343327
          ],
          [
            116.60582801794617,
            27.06081061343327
          ],
          [
            116.60742869617168,
            27.059954940941548
          ],
          [
            116.60742869617168,
            27.059954940941548
          ],
          [
            116.60819602030939,
            27.059551580327806
          ],
          [
            116.60819602030939,
            27.059551580327806
          ],
          [
            116.6087854831565,
            27.059238288437026
          ]
        ],
        "type": "LineString"
      },
      "properties": {
        "alternative_distance_m": 129520,
        "alternative_duration_s": 30345,
        "alternative_national_m": 5982,
        "alternative_unknown_m": 88189,
        "candidate_id": "fuhe-towns",
        "current_distance_m": 101586,
        "current_duration_s": 23728,
        "current_national_m": 39167,
        "distance_delta_m": 27934,
        "duration_delta_s": 6617,
        "from_name": "南城",
        "label": "避国道绕行线",
        "national_reduction_m": 33185,
        "review_status": "manual_review",
        "risk_tags": [],
        "road_class": "unknown",
        "road_name": "南建线",
        "route_role": "alternative",
        "segment_id": "main-14-to-main-15",
        "step_distance_m": 6373,
        "step_index": 41,
        "to_name": "广昌"
      },
      "type": "Feature"
    },
    {
      "geometry": {
        "coordinates": [
          [
            116.60878548344664,
            27.059234289563136
          ],
          [
            116.60891136815744,
            27.05914723112961
          ],
          [
            116.60964867054453,
            27.058747845287872
          ],
          [
            116.60983548634361,
            27.05869573033248
          ],
          [
            116.60983548634361,
            27.05869573033248
          ],
          [
            116.61047685185876,
            27.05838236322392
          ],
          [
            116.61111020510708,
            27.05810397636525
          ],
          [
            116.61149580048134,
            27.05796472478855
          ],
          [
            116.61149580048134,
            27.05796472478855
          ],
          [
            116.6117125707134,
            27.05787858307858
          ],
          [
            116.6117125707134,
            27.05787858307858
          ],
          [
            116.61221103377652,
            27.05769124741184
          ],
          [
            116.61273146008553,
            27.057516880947144
          ],
          [
            116.61273146008553,
            27.057516880947144
          ],
          [
            116.6133817263945,
            27.057304407227704
          ]
        ],
        "type": "LineString"
      },
      "properties": {
        "alternative_distance_m": 129520,
        "alternative_duration_s": 30345,
        "alternative_national_m": 5982,
        "alternative_unknown_m": 88189,
        "candidate_id": "fuhe-towns",
        "current_distance_m": 101586,
        "current_duration_s": 23728,
        "current_national_m": 39167,
        "distance_delta_m": 27934,
        "duration_delta_s": 6617,
        "from_name": "南城",
        "label": "避国道绕行线",
        "national_reduction_m": 33185,
        "review_status": "manual_review",
        "risk_tags": [],
        "road_class": "unknown",
        "road_name": "南建线",
        "route_role": "alternative",
        "segment_id": "main-14-to-main-15",
        "step_distance_m": 503,
        "step_index": 42,
        "to_name": "广昌"
      },
      "type": "Feature"
    },
    {
      "geometry": {
        "coordinates": [
          [
            116.61338172675738,
            27.057299408634304
          ],
          [
            116.61332080715525,
            27.057169495852737
          ],
          [
            116.61309109687085,
            27.056844776992435
          ],
          [
            116.61291331578457,
            27.056644978717465
          ],
          [
            116.61268359079116,
            27.05646721499442
          ],
          [
            116.61268359079116,
            27.05646721499442
          ],
          [
            116.6122630825268,
            27.056220620170066
          ],
          [
            116.61191248081917,
            27.05609493039257
          ],
          [
            116.61130915210224,
            27.05589944743972
          ],
          [
            116.61130915210224,
            27.05589944743972
          ],
          [
            116.61124921773404,
            27.055882497349696
          ]
        ],
        "type": "LineString"
      },
      "properties": {
        "alternative_distance_m": 129520,
        "alternative_duration_s": 30345,
        "alternative_national_m": 5982,
        "alternative_unknown_m": 88189,
        "candidate_id": "fuhe-towns",
        "current_distance_m": 101586,
        "current_duration_s": 23728,
        "current_national_m": 39167,
        "distance_delta_m": 27934,
        "duration_delta_s": 6617,
        "from_name": "南城",
        "label": "避国道绕行线",
        "national_reduction_m": 33185,
        "review_status": "manual_review",
        "risk_tags": [],
        "road_class": "unknown",
        "road_name": "",
        "route_role": "alternative",
        "segment_id": "main-14-to-main-15",
        "step_distance_m": 274,
        "step_index": 43,
        "to_name": "广昌"
      },
      "type": "Feature"
    },
    {
      "geometry": {
        "coordinates": [
          [
            116.61124422338365,
            27.055878502228975
          ],
          [
            116.61136612284464,
            27.055457528698447
          ],
          [
            116.61136612284464,
            27.055457528698447
          ],
          [
            116.61150500701773,
            27.054984556266945
          ],
          [
            116.61150500701773,
            27.054984556266945
          ],
          [
            116.61164788976052,
            27.054459594620635
          ],
          [
            116.61164788976052,
            27.054459594620635
          ],
          [
            116.61179576620354,
            27.05393362858666
          ],
          [
            116.61179576620354,
            27.05393362858666
          ],
          [
            116.6118127519196,
            27.053873632315117
          ],
          [
            116.6118127519196,
            27.053873632315117
          ],
          [
            116.61189069018896,
            27.053543664641516
          ],
          [
            116.61189069018896,
            27.053543664641516
          ],
          [
            116.6119556378188,
            27.05327868858545
          ],
          [
            116.6119556378188,
            27.05327868858545
          ],
          [
            116.612029577488,
            27.052983713760185
          ],
          [
            116.61216845226616,
            27.052584716910022
          ],
          [
            116.61216845226616,
            27.052584716910022
          ],
          [
            116.61225936727695,
            27.052358708680522
          ],
          [
            116.61256705831754,
            27.05185060636228
          ],
          [
            116.61266695778113,
            27.051676574912157
          ],
          [
            116.61266695778113,
            27.051676574912157
          ],
          [
            116.61272289233601,
            27.051702522494235
          ],
          [
            116.61272289233601,
            27.051702522494235
          ],
          [
            116.61274886590043,
            27.051659513572094
          ]
        ],
        "type": "LineString"
      },
      "properties": {
        "alternative_distance_m": 129520,
        "alternative_duration_s": 30345,
        "alternative_national_m": 5982,
        "alternative_unknown_m": 88189,
        "candidate_id": "fuhe-towns",
        "current_distance_m": 101586,
        "current_duration_s": 23728,
        "current_national_m": 39167,
        "distance_delta_m": 27934,
        "duration_delta_s": 6617,
        "from_name": "南城",
        "label": "避国道绕行线",
        "national_reduction_m": 33185,
        "review_status": "manual_review",
        "risk_tags": [],
        "road_class": "unknown",
        "road_name": "",
        "route_role": "alternative",
        "segment_id": "main-14-to-main-15",
        "step_distance_m": 496,
        "step_index": 44,
        "to_name": "广昌"
      },
      "type": "Feature"
    },
    {
      "geometry": {
        "coordinates": [
          [
            116.61272289233601,
            27.051702522494235
          ],
          [
            116.61267095324573,
            27.05167657169309
          ],
          [
            116.61267095324573,
            27.05167657169309
          ],
          [
            116.61323037823402,
            27.05075637323846
          ],
          [
            116.61350408921581,
            27.050344261139166
          ],
          [
            116.61350408921581,
            27.050344261139166
          ],
          [
            116.61388967578894,
            27.049775095255452
          ],
          [
            116.61388967578894,
            27.049775095255452
          ],
          [
            116.61408946192661,
            27.049441018105707
          ],
          [
            116.61459190974881,
            27.04869479115844
          ],
          [
            116.61459190974881,
            27.04869479115844
          ],
          [
            116.61503840828189,
            27.048056574651973
          ],
          [
            116.61503840828189,
            27.048056574651973
          ],
          [
            116.61505139411257,
            27.0480305703311
          ],
          [
            116.61505139411257,
            27.0480305703311
          ],
          [
            116.61566269425126,
            27.04714826411942
          ],
          [
            116.61574959157939,
            27.04704921209425
          ],
          [
            116.61574959157939,
            27.04704921209425
          ],
          [
            116.6177741549057,
            27.044140091204707
          ],
          [
            116.61807277479184,
            27.0438008883405
          ],
          [
            116.61807277479184,
            27.0438008883405
          ],
          [
            116.61814270565588,
            27.04344091881593
          ],
          [
            116.61827256696954,
            27.04290693731623
          ],
          [
            116.61827256696954,
            27.04290693731623
          ],
          [
            116.61851129566178,
            27.04212591363159
          ],
          [
            116.61851129566178,
            27.04212591363159
          ],
          [
            116.61885390254287,
            27.041001876889595
          ],
          [
            116.61890084722054,
            27.04086286733259
          ],
          [
            116.61903968134645,
            27.040475831886496
          ],
          [
            116.61913058697765,
            27.040020864537883
          ],
          [
            116.61916955841292,
            27.039660924435214
          ],
          [
            116.6191615958475,
            27.039300033371994
          ],
          [
            116.61908772570011,
            27.038940210436564
          ],
          [
            116.61898788438816,
            27.038680386280905
          ],
          [
            116.61874526312947,
            27.0381207921026
          ],
          [
            116.61874526312947,
            27.0381207921026
          ],
          [
            116.61774878344583,
            27.03596539702406
          ],
          [
            116.61774878344583,
            27.03596539702406
          ],
          [
            116.617371349363,
            27.035140997824698
          ],
          [
            116.61711573820074,
            27.034460435757357
          ],
          [
            116.61705483160016,
            27.03428254412364
          ],
          [
            116.61693801993749,
            27.03380878840927
          ],
          [
            116.61693801993749,
            27.03380878840927
          ],
          [
            116.61677328078055,
            27.033193117453436
          ],
          [
            116.61677328078055,
            27.033193117453436
          ],
          [
            116.6167473235175,
            27.033072175850556
          ],
          [
            116.6167473235175,
            27.033072175850556
          ],
          [
            116.6165526371719,
            27.032247590086026
          ],
          [
            116.61650472363671,
            27.031913728131723
          ],
          [
            116.61650472363671,
            27.031913728131723
          ],
          [
            116.61650075058228,
            27.031613815097664
          ],
          [
            116.61653972614714,
            27.031253878011157
          ],
          [
            116.61679948736628,
            27.029878011934
          ],
          [
            116.61692936425432,
            27.02922706760653
          ],
          [
            116.61692936425432,
            27.02922706760653
          ],
          [
            116.61734197377604,
            27.02708725974908
          ],
          [
            116.61734197377604,
            27.02708725974908
          ],
          [
            116.6173679479664,
            27.02696626781969
          ],
          [
            116.6173679479664,
            27.02696626781969
          ],
          [
            116.61776656899258,
            27.024826466372684
          ],
          [
            116.61779654808,
            27.02455751084061
          ],
          [
            116.61781455717612,
            27.024097619808398
          ],
          [
            116.6178016011856,
            27.02373273328042
          ],
          [
            116.61777565574228,
            27.02346383314605
          ],
          [
            116.61771476490892,
            27.023090996213757
          ],
          [
            116.61771476490892,
            27.023090996213757
          ],
          [
            116.61765885937798,
            27.0228261244553
          ],
          [
            116.61719459199234,
            27.021273006726105
          ],
          [
            116.61719459199234,
            27.021273006726105
          ],
          [
            116.61693000739804,
            27.020362512829315
          ],
          [
            116.61693000739804,
            27.020362512829315
          ],
          [
            116.6165016732126,
            27.018896324295888
          ],
          [
            116.6163668807576,
            27.018440576638664
          ],
          [
            116.6163668807576,
            27.018440576638664
          ],
          [
            116.61626303793463,
            27.018119762252308
          ],
          [
            116.61626303793463,
            27.018119762252308
          ],
          [
            116.6160074166061,
            27.01741719350811
          ],
          [
            116.6160074166061,
            27.01741719350811
          ],
          [
            116.61538731637458,
            27.015816201055255
          ],
          [
            116.61538731637458,
            27.015816201055255
          ],
          [
            116.61513668167635,
            27.015083627520983
          ],
          [
            116.61497991966469,
            27.01447593389233
          ],
          [
            116.61497991966469,
            27.01447593389233
          ],
          [
            116.61488508209077,
            27.01384719009796
          ],
          [
            116.61475037270374,
            27.01211978090862
          ],
          [
            116.61472042224952,
            27.011941855861473
          ],
          [
            116.61465052645124,
            27.011681988269462
          ],
          [
            116.61455566116977,
            27.0114171437187
          ],
          [
            116.61443382685484,
            27.011170317423794
          ],
          [
            116.6143039987115,
            27.01096248687208
          ],
          [
            116.6143039987115,
            27.01096248687208
          ],
          [
            116.6123315126649,
            27.007917952052775
          ],
          [
            116.61130475495916,
            27.00632617814249
          ],
          [
            116.61130475495916,
            27.00632617814249
          ],
          [
            116.61067549213558,
            27.005367904624656
          ],
          [
            116.61067549213558,
            27.005367904624656
          ],
          [
            116.61039880754997,
            27.00499020733285
          ],
          [
            116.61019902847026,
            27.004782406471765
          ],
          [
            116.60990035050936,
            27.004539682903836
          ],
          [
            116.60956170599435,
            27.004330974127754
          ],
          [
            116.60918908612742,
            27.004171270473723
          ],
          [
            116.60890237203994,
            27.00408048611532
          ],
          [
            116.60792231350021,
            27.00387716985943
          ],
          [
            116.60763658116542,
            27.003798367324165
          ],
          [
            116.60736283672945,
            27.003686563270286
          ],
          [
            116.60710307908062,
            27.00353875771049
          ],
          [
            116.60688228547953,
            27.00337393144712
          ],
          [
            116.60674341669565,
            27.003235049227115
          ],
          [
            116.60606705152064,
            27.002441643286687
          ],
          [
            116.60606705152064,
            27.002441643286687
          ],
          [
            116.60572835748737,
            27.002098919037884
          ],
          [
            116.60528574419328,
            27.00172125340546
          ],
          [
            116.6049740084374,
            27.00149147433663
          ],
          [
            116.60432753690328,
            27.00108390123596
          ],
          [
            116.60431055032726,
            27.00107591148909
          ],
          [
            116.6040847320998,
            27.000906063809424
          ],
          [
            116.6040847320998,
            27.000906063809424
          ],
          [
            116.60389388727009,
            27.000715203643548
          ],
          [
            116.60378597735932,
            27.000564293619163
          ],
          [
            116.60369905143749,
            27.00041637284039
          ],
          [
            116.60353819417143,
            27.0000515431181
          ],
          [
            116.60353819417143,
            27.0000515431181
          ],
          [
            116.60228928060594,
            26.996940901848195
          ],
          [
            116.60228128775925,
            26.99691491195567
          ],
          [
            116.60203848255723,
            26.99641613973797
          ],
          [
            116.60178667301652,
            26.996017341556865
          ],
          [
            116.60045060236469,
            26.99431725590386
          ],
          [
            116.60030769984144,
            26.99409136096274
          ],
          [
            116.60019478147478,
            26.993839462958306
          ],
          [
            116.60014682073151,
            26.993666523718847
          ],
          [
            116.60010386375747,
            26.99340160741607
          ],
          [
            116.60000003280061,
            26.991857050303718
          ],
          [
            116.59998710520631,
            26.99095429446664
          ],
          [
            116.59999116857239,
            26.990047534370966
          ],
          [
            116.59995220908294,
            26.98978261627371
          ],
          [
            116.59986527214215,
            26.989565699353367
          ],
          [
            116.59986527214215,
            26.989565699353367
          ],
          [
            116.59979631827159,
            26.989443751705743
          ],
          [
            116.5996703964331,
            26.98929682666154
          ],
          [
            116.59908473680021,
            26.988793118673584
          ],
          [
            116.59908473680021,
            26.988793118673584
          ],
          [
            116.59881589044089,
            26.98852025884122
          ],
          [
            116.59866398087604,
            26.98829435568252
          ],
          [
            116.59856004906513,
            26.988043446896842
          ],
          [
            116.59849509893883,
            26.987782531238086
          ],
          [
            116.59847312254072,
            26.987600584538495
          ],
          [
            116.5984731423415,
            26.98732665707252
          ],
          [
            116.59860316523398,
            26.986150937605647
          ],
          [
            116.59860316523398,
            26.986150937605647
          ],
          [
            116.59862516873582,
            26.98595598389832
          ],
          [
            116.59867717562433,
            26.985513088451576
          ],
          [
            116.59867719506256,
            26.98524415945658
          ],
          [
            116.59866023746955,
            26.984771288323426
          ],
          [
            116.59866023746955,
            26.984771288323426
          ],
          [
            116.59865525115927,
            26.984615330658784
          ],
          [
            116.59865525115927,
            26.984615330658784
          ],
          [
            116.59850345484331,
            26.98280584319007
          ],
          [
            116.59846449280137,
            26.982536922972272
          ],
          [
            116.598403534194,
            26.98236298273515
          ],
          [
            116.59826061859903,
            26.982120078846435
          ],
          [
            116.59813468765029,
            26.981968146474024
          ],
          [
            116.59786582844815,
            26.981699273975515
          ],
          [
            116.59786582844815,
            26.981699273975515
          ],
          [
            116.59587876293706,
            26.979647135917133
          ],
          [
            116.59587876293706,
            26.979647135917133
          ],
          [
            116.59560187794307,
            26.97935624362293
          ],
          [
            116.59560187794307,
            26.97935624362293
          ],
          [
            116.59535897537606,
            26.979105334218428
          ],
          [
            116.59504210011498,
            26.97874945597392
          ],
          [
            116.5948201884327,
            26.978445552897536
          ],
          [
            116.59465125802708,
            26.978158639733874
          ]
        ],
        "type": "LineString"
      },
      "properties": {
        "alternative_distance_m": 129520,
        "alternative_duration_s": 30345,
        "alternative_national_m": 5982,
        "alternative_unknown_m": 88189,
        "candidate_id": "fuhe-towns",
        "current_distance_m": 101586,
        "current_duration_s": 23728,
        "current_national_m": 39167,
        "distance_delta_m": 27934,
        "duration_delta_s": 6617,
        "from_name": "南城",
        "label": "避国道绕行线",
        "national_reduction_m": 33185,
        "review_status": "manual_review",
        "risk_tags": [],
        "road_class": "unknown",
        "road_name": "南建线",
        "route_role": "alternative",
        "segment_id": "main-14-to-main-15",
        "step_distance_m": 9139,
        "step_index": 45,
        "to_name": "广昌"
      },
      "type": "Feature"
    },
    {
      "geometry": {
        "coordinates": [
          [
            116.59464725945527,
            26.978154641044213
          ],
          [
            116.59460327569008,
            26.97810265750082
          ],
          [
            116.59387455954162,
            26.976840022369288
          ],
          [
            116.59377060304843,
            26.97658809118946
          ],
          [
            116.59373162525335,
            26.976410138620775
          ],
          [
            116.59372264646528,
            26.97614620761117
          ],
          [
            116.59378766820359,
            26.97562934040299
          ],
          [
            116.59392668143826,
            26.974974506318123
          ],
          [
            116.59396568492105,
            26.97479155248469
          ],
          [
            116.59401768843497,
            26.974561610278975
          ],
          [
            116.59407868539333,
            26.974388652761448
          ],
          [
            116.59407868539333,
            26.974388652761448
          ],
          [
            116.59420467185112,
            26.97412371599062
          ],
          [
            116.59430465509784,
            26.97398874611366
          ],
          [
            116.59430465509784,
            26.97398874611366
          ],
          [
            116.59451761856975,
            26.97368981176447
          ],
          [
            116.59451761856975,
            26.97368981176447
          ],
          [
            116.59462560043647,
            26.973520848792084
          ],
          [
            116.59469959252768,
            26.973337891285126
          ],
          [
            116.59472560475452,
            26.97306496024482
          ],
          [
            116.59467763674682,
            26.9728130288275
          ],
          [
            116.59467763674682,
            26.9728130288275
          ],
          [
            116.59460866605166,
            26.972679068094276
          ],
          [
            116.59422680651075,
            26.972179219018226
          ],
          [
            116.59422680651075,
            26.972179219018226
          ],
          [
            116.593844938279,
            26.971698358546153
          ],
          [
            116.59350604395904,
            26.97134245862648
          ],
          [
            116.59329810489737,
            26.971138513783938
          ],
          [
            116.59293320266762,
            26.97083459200344
          ],
          [
            116.59274724846858,
            26.970699624454873
          ],
          [
            116.5926862646055,
            26.970634640114024
          ],
          [
            116.5926862646055,
            26.970634640114024
          ],
          [
            116.59134054345611,
            26.96960683878505
          ],
          [
            116.59106359265783,
            26.96935088112828
          ],
          [
            116.59075064874109,
            26.968989943315247
          ],
          [
            116.59054268845998,
            26.96867800075837
          ],
          [
            116.59029074178778,
            26.968187096775225
          ],
          [
            116.59016977456287,
            26.96783617144913
          ],
          [
            116.58994384752445,
            26.96699035789422
          ],
          [
            116.58994384752445,
            26.96699035789422
          ],
          [
            116.5891500851849,
            26.963990999509054
          ],
          [
            116.58910209950369,
            26.96379604074884
          ],
          [
            116.58910209950369,
            26.96379604074884
          ],
          [
            116.58846826395073,
            26.96140952629458
          ],
          [
            116.58846826395073,
            26.96140952629458
          ],
          [
            116.58799537438858,
            26.95961287925209
          ],
          [
            116.58799537438858,
            26.95961287925209
          ],
          [
            116.58788739501469,
            26.959243947778525
          ],
          [
            116.58788739501469,
            26.959243947778525
          ],
          [
            116.58763943503769,
            26.95846708514952
          ],
          [
            116.58598155383302,
            26.954209690846344
          ],
          [
            116.58572556191636,
            26.953519780751847
          ],
          [
            116.58552156320981,
            26.953007840657463
          ],
          [
            116.58504855780026,
            26.95182297133324
          ],
          [
            116.58488755582623,
            26.951385021998874
          ],
          [
            116.58481455899222,
            26.951124060106856
          ],
          [
            116.58477056218769,
            26.950947087847496
          ],
          [
            116.58473157244701,
            26.95068613827335
          ],
          [
            116.58471458592825,
            26.950447191389063
          ],
          [
            116.58470561148806,
            26.95006528303338
          ],
          [
            116.58477966752578,
            26.949514447644066
          ],
          [
            116.58506183002376,
            26.94808690503571
          ],
          [
            116.58506183002376,
            26.94808690503571
          ],
          [
            116.58523992864963,
            26.94721118510559
          ],
          [
            116.58560514277258,
            26.945179811779273
          ],
          [
            116.58560514277258,
            26.945179811779273
          ],
          [
            116.5856221673166,
            26.944880891061175
          ],
          [
            116.5856051837378,
            26.944611951535656
          ],
          [
            116.58554819275112,
            26.944346997501338
          ],
          [
            116.58543519791074,
            26.943991046504937
          ],
          [
            116.5853221958492,
            26.943726072535355
          ],
          [
            116.58517918498715,
            26.943492079739126
          ],
          [
            116.58500116528613,
            26.94326607137693
          ],
          [
            116.5848061389732,
            26.94305805084755
          ],
          [
            116.58458510326594,
            26.942871013545567
          ],
          [
            116.5842630433057,
            26.942645943605225
          ],
          [
            116.58324781318728,
            26.942020671797792
          ],
          [
            116.58234456341738,
            26.941468389778017
          ],
          [
            116.58209248632959,
            26.941312304957165
          ],
          [
            116.58150229103285,
            26.940974088461434
          ],
          [
            116.58059896126738,
            26.94040074013626
          ],
          [
            116.58021681321854,
            26.940100595677926
          ],
          [
            116.58000873546288,
            26.93985353459234
          ],
          [
            116.57983967715111,
            26.939562505469294
          ],
          [
            116.57983967715111,
            26.939562505469294
          ],
          [
            116.57971763651243,
            26.939319491622253
          ],
          [
            116.57960060222165,
            26.93901149589557
          ],
          [
            116.57960060222165,
            26.93901149589557
          ],
          [
            116.57876233612794,
            26.936802507671036
          ]
        ],
        "type": "LineString"
      },
      "properties": {
        "alternative_distance_m": 129520,
        "alternative_duration_s": 30345,
        "alternative_national_m": 5982,
        "alternative_unknown_m": 88189,
        "candidate_id": "fuhe-towns",
        "current_distance_m": 101586,
        "current_duration_s": 23728,
        "current_national_m": 39167,
        "distance_delta_m": 27934,
        "duration_delta_s": 6617,
        "from_name": "南城",
        "label": "避国道绕行线",
        "national_reduction_m": 33185,
        "review_status": "manual_review",
        "risk_tags": [],
        "road_class": "unknown",
        "road_name": "南建线",
        "route_role": "alternative",
        "segment_id": "main-14-to-main-15",
        "step_distance_m": 5156,
        "step_index": 46,
        "to_name": "广昌"
      },
      "type": "Feature"
    },
    {
      "geometry": {
        "coordinates": [
          [
            116.57875833437087,
            26.936797506304508
          ],
          [
            116.57854120699807,
            26.93695332778521
          ],
          [
            116.57592651769534,
            26.938336130179867
          ],
          [
            116.57564831471821,
            26.938517869805416
          ],
          [
            116.57557525980492,
            26.93857879764845
          ],
          [
            116.5754011175932,
            26.93886559029623
          ],
          [
            116.57501878937931,
            26.93964109465119
          ],
          [
            116.5749627331842,
            26.93985799628613
          ],
          [
            116.57496671566959,
            26.940140930638513
          ],
          [
            116.57495769254842,
            26.940370867272303
          ],
          [
            116.5749276651288,
            26.940448823792988
          ],
          [
            116.57489263589414,
            26.940500782518658
          ],
          [
            116.57475352591432,
            26.94061364084549
          ],
          [
            116.57455436967123,
            26.94073444644156
          ],
          [
            116.57365464403811,
            26.94120256491845
          ],
          [
            116.57323329388744,
            26.941367152953337
          ],
          [
            116.57323329388744,
            26.941367152953337
          ],
          [
            116.57295505457832,
            26.941518866047883
          ],
          [
            116.57273786391679,
            26.94165263593462
          ],
          [
            116.5725556967616,
            26.941839423068178
          ],
          [
            116.57249063425515,
            26.9419393385605
          ],
          [
            116.57243458146762,
            26.942008269793295
          ],
          [
            116.57227342962936,
            26.942195074076476
          ],
          [
            116.57216432799812,
            26.9422949474149
          ],
          [
            116.5719431262602,
            26.942411709952644
          ],
          [
            116.57183502901425,
            26.94243760074396
          ],
          [
            116.57169590416544,
            26.942454463452297
          ],
          [
            116.57153075613802,
            26.942454304301933
          ],
          [
            116.5713305788877,
            26.94239812347321
          ],
          [
            116.57097926610471,
            26.94225481275287
          ],
          [
            116.57088718196488,
            26.94223272661467
          ],
          [
            116.5706569673459,
            26.942210501549052
          ],
          [
            116.56991925697628,
            26.94220174925109
          ],
          [
            116.56903236922665,
            26.942152822400317
          ],
          [
            116.56881514553147,
            26.9421435894315
          ],
          [
            116.56852884527217,
            26.942156273130234
          ],
          [
            116.56771196010197,
            26.942272331325896
          ],
          [
            116.5669811341261,
            26.942454444818416
          ],
          [
            116.56645551925955,
            26.942644778284524
          ],
          [
            116.56612111970523,
            26.942782343928396
          ],
          [
            116.56600798129021,
            26.942856189181423
          ],
          [
            116.5657036084979,
            26.943016779428866
          ],
          [
            116.56554341309035,
            26.94306457115342
          ],
          [
            116.56536920044928,
            26.943098347850693
          ],
          [
            116.56494768283972,
            26.94313681272787
          ],
          [
            116.56479148760658,
            26.943167608432294
          ],
          [
            116.56430886987125,
            26.943357947207
          ],
          [
            116.56409159081691,
            26.94340465579965
          ],
          [
            116.56387431217613,
            26.943413371681398
          ],
          [
            116.56339670015265,
            26.943312769397124
          ],
          [
            116.56328355180969,
            26.943312619475204
          ],
          [
            116.56328355180969,
            26.943312619475204
          ],
          [
            116.56322247146919,
            26.943312538316125
          ],
          [
            116.56315337849293,
            26.94333843994496
          ],
          [
            116.56306625888921,
            26.943399308699757
          ],
          [
            116.56262764690646,
            26.943763628784694
          ],
          [
            116.56212693307218,
            26.944230829908552
          ],
          [
            116.56174938211099,
            26.944647204667557
          ],
          [
            116.56163621995071,
            26.944712030821197
          ],
          [
            116.5613357932489,
            26.94478958990564
          ],
          [
            116.56104037398865,
            26.944802168286287
          ],
          [
            116.56060575145379,
            26.944793547988695
          ],
          [
            116.56035438850488,
            26.94477118989158
          ],
          [
            116.55978054742967,
            26.94473535872751
          ],
          [
            116.55951915792258,
            26.944734971647094
          ],
          [
            116.55951915792258,
            26.944734971647094
          ],
          [
            116.5593068356601,
            26.944782643332577
          ],
          [
            116.55898032995391,
            26.944938114585685
          ],
          [
            116.55870690035087,
            26.945098660910602
          ],
          [
            116.55821110862365,
            26.945440817799682
          ],
          [
            116.5574158101942,
            26.94604643010144
          ],
          [
            116.5574158101942,
            26.94604643010144
          ],
          [
            116.55696706464853,
            26.946384636437042
          ],
          [
            116.55674969695151,
            26.946592238212027
          ],
          [
            116.55674969695151,
            26.946592238212027
          ],
          [
            116.55621077192191,
            26.94716022933264
          ],
          [
            116.55610257462395,
            26.947411991294842
          ],
          [
            116.55608052997786,
            26.947523927737233
          ],
          [
            116.55603741262038,
            26.94815770066499
          ],
          [
            116.5560063531401,
            26.948266623052984
          ],
          [
            116.55585407975818,
            26.94853930667881
          ],
          [
            116.5555455257579,
            26.949046673828338
          ],
          [
            116.55540626830211,
            26.949358366381276
          ],
          [
            116.55534615310584,
            26.94954522041821
          ],
          [
            116.55526298078867,
            26.949978974658226
          ],
          [
            116.55520687923797,
            26.950065859820242
          ],
          [
            116.55438943233432,
            26.950650341532302
          ],
          [
            116.55399372665481,
            26.950853616764498
          ],
          [
            116.553728248109,
            26.951005123254618
          ],
          [
            116.55360602801623,
            26.951056899588956
          ],
          [
            116.55348481155731,
            26.951073685784955
          ],
          [
            116.55326742418318,
            26.951069309488
          ],
          [
            116.5531111488724,
            26.951004053294085
          ],
          [
            116.55268439746865,
            26.950742369569745
          ],
          [
            116.55234579426536,
            26.950550817971294
          ],
          [
            116.55203723785795,
            26.95040730368676
          ],
          [
            116.55188896682118,
            26.95036804784645
          ],
          [
            116.5517326773803,
            26.950363768018445
          ],
          [
            116.5512718085798,
            26.950474906565574
          ],
          [
            116.5510624128065,
            26.950496519638914
          ],
          [
            116.55044123043211,
            26.95051737265374
          ],
          [
            116.55028392712808,
            26.95053907577058
          ],
          [
            116.55011059029309,
            26.950581742867872
          ],
          [
            116.54960559605854,
            26.95078074789018
          ],
          [
            116.54933605886323,
            26.950914206084118
          ],
          [
            116.54924086645744,
            26.95098800743658
          ],
          [
            116.54848430936424,
            26.95176736837435
          ],
          [
            116.5479973008293,
            26.952174325457907
          ],
          [
            116.54768765672512,
            26.952399666084194
          ],
          [
            116.54732290136066,
            26.952545914554857
          ],
          [
            116.54718761799677,
            26.952624628460498
          ],
          [
            116.54683085791989,
            26.952957839357172
          ],
          [
            116.54670959904244,
            26.9530615724579
          ],
          [
            116.54623058124507,
            26.953320550548764
          ],
          [
            116.54577862482334,
            26.95338962257295
          ],
          [
            116.5456483496687,
            26.953380361016094
          ],
          [
            116.5456483496687,
            26.953380361016094
          ],
          [
            116.54466126757094,
            26.95295744767624
          ],
          [
            116.5443606255866,
            26.952826858457964
          ],
          [
            116.54384751067923,
            26.95275180850466
          ],
          [
            116.54384751067923,
            26.95275180850466
          ],
          [
            116.54332134614343,
            26.952815687075045
          ],
          [
            116.54297256328576,
            26.952923921925084
          ],
          [
            116.54292044518269,
            26.95294980480058
          ],
          [
            116.5428162086501,
            26.95300157026847
          ],
          [
            116.5428162086501,
            26.95300157026847
          ],
          [
            116.54245939504078,
            26.953187762345582
          ],
          [
            116.54219478403778,
            26.95338614527622
          ],
          [
            116.54212461936869,
            26.953468973685926
          ],
          [
            116.54209454565675,
            26.953546889473436
          ],
          [
            116.54208550541841,
            26.95381980169981
          ],
          [
            116.54206845703517,
            26.953954731206352
          ],
          [
            116.54192912508205,
            26.95417537558082
          ],
          [
            116.54192912508205,
            26.95417537558082
          ],
          [
            116.54158531546933,
            26.95454353934015
          ]
        ],
        "type": "LineString"
      },
      "properties": {
        "alternative_distance_m": 129520,
        "alternative_duration_s": 30345,
        "alternative_national_m": 5982,
        "alternative_unknown_m": 88189,
        "candidate_id": "fuhe-towns",
        "current_distance_m": 101586,
        "current_duration_s": 23728,
        "current_national_m": 39167,
        "distance_delta_m": 27934,
        "duration_delta_s": 6617,
        "from_name": "南城",
        "label": "避国道绕行线",
        "national_reduction_m": 33185,
        "review_status": "manual_review",
        "risk_tags": [],
        "road_class": "county",
        "road_name": "906县道",
        "route_role": "alternative",
        "segment_id": "main-14-to-main-15",
        "step_distance_m": 4710,
        "step_index": 47,
        "to_name": "广昌"
      },
      "type": "Feature"
    },
    {
      "geometry": {
        "coordinates": [
          [
            116.54158130631275,
            26.954543530643345
          ],
          [
            116.54126757587704,
            26.954707807039128
          ],
          [
            116.54113326399643,
            26.954750503168672
          ],
          [
            116.5410069717228,
            26.954768222514126
          ],
          [
            116.54040658415134,
            26.954709916756226
          ],
          [
            116.5400888407013,
            26.954727208784742
          ],
          [
            116.5400888407013,
            26.954727208784742
          ],
          [
            116.53988034880672,
            26.954765735609925
          ],
          [
            116.53928392772771,
            26.954942357483027
          ],
          [
            116.53910549723456,
            26.95503293346261
          ],
          [
            116.53880476216561,
            26.955279192956237
          ],
          [
            116.53850904612824,
            26.955382496805907
          ],
          [
            116.53833562629292,
            26.955421092767672
          ],
          [
            116.5376479516637,
            26.955558485085785
          ],
          [
            116.53700838799777,
            26.955557008931162
          ],
          [
            116.53686503293133,
            26.955591667511307
          ],
          [
            116.53672969566688,
            26.955643339837838
          ],
          [
            116.53650312136756,
            26.955842761613237
          ],
          [
            116.53622542455491,
            26.95595508394432
          ],
          [
            116.53609509825222,
            26.95598477087539
          ],
          [
            116.5359768022882,
            26.956001488825855
          ],
          [
            116.53581138962345,
            26.955997100699868
          ],
          [
            116.53542843929738,
            26.955866229287494
          ],
          [
            116.53483295587971,
            26.95559988121955
          ],
          [
            116.53483295587971,
            26.95559988121955
          ],
          [
            116.5340670065711,
            26.95557605157755
          ],
          [
            116.53365795987453,
            26.95552807624405
          ],
          [
            116.53327098042243,
            26.95526220439885
          ],
          [
            116.53298826082302,
            26.95507956177394
          ],
          [
            116.53259223141495,
            26.955056599279555
          ],
          [
            116.53244785359739,
            26.95506524300604
          ],
          [
            116.53178709823098,
            26.955345544538172
          ],
          [
            116.53149030837062,
            26.955426788859914
          ],
          [
            116.53133388775144,
            26.955513378606025
          ],
          [
            116.531060142862,
            26.955759635203187
          ],
          [
            116.53089067076344,
            26.95604614022544
          ]
        ],
        "type": "LineString"
      },
      "properties": {
        "alternative_distance_m": 129520,
        "alternative_duration_s": 30345,
        "alternative_national_m": 5982,
        "alternative_unknown_m": 88189,
        "candidate_id": "fuhe-towns",
        "current_distance_m": 101586,
        "current_duration_s": 23728,
        "current_national_m": 39167,
        "distance_delta_m": 27934,
        "duration_delta_s": 6617,
        "from_name": "南城",
        "label": "避国道绕行线",
        "national_reduction_m": 33185,
        "review_status": "manual_review",
        "risk_tags": [],
        "road_class": "unknown",
        "road_name": "",
        "route_role": "alternative",
        "segment_id": "main-14-to-main-15",
        "step_distance_m": 1168,
        "step_index": 48,
        "to_name": "广昌"
      },
      "type": "Feature"
    },
    {
      "geometry": {
        "coordinates": [
          [
            116.53088565740033,
            26.956046127704358
          ],
          [
            116.52958018248619,
            26.955603954356476
          ],
          [
            116.52958018248619,
            26.955603954356476
          ],
          [
            116.52920216655922,
            26.95547302768192
          ],
          [
            116.52820045918752,
            26.955045574194177
          ],
          [
            116.52741330556603,
            26.954778610818362
          ],
          [
            116.52741330556603,
            26.954778610818362
          ],
          [
            116.52709041813526,
            26.954651805269318
          ],
          [
            116.52674244849842,
            26.954650900204726
          ],
          [
            116.52549794812528,
            26.954704624839437
          ],
          [
            116.5252021119207,
            26.954685848693956
          ],
          [
            116.5245402303435,
            26.954671097946722
          ],
          [
            116.52375198647395,
            26.95448304255008
          ],
          [
            116.52308205939256,
            26.954420260347067
          ],
          [
            116.52258161969317,
            26.95427094823905
          ],
          [
            116.52218146663938,
            26.95411390459528
          ],
          [
            116.52172414483627,
            26.95392171083594
          ],
          [
            116.52128487245942,
            26.953707567428953
          ],
          [
            116.52097496573978,
            26.953641737005125
          ],
          [
            116.5207533136563,
            26.953624134482865
          ],
          [
            116.52043538177186,
            26.953523287417262
          ],
          [
            116.5193431767348,
            26.952978411720174
          ],
          [
            116.51914659398433,
            26.952920881519386
          ],
          [
            116.51914659398433,
            26.952920881519386
          ],
          [
            116.51904228410139,
            26.95289459882532
          ],
          [
            116.51630406692244,
            26.95216711566293
          ],
          [
            116.51525487691036,
            26.951890213314442
          ],
          [
            116.51354463352538,
            26.95141245110975
          ],
          [
            116.51334802589034,
            26.95137689596813
          ],
          [
            116.51285649863561,
            26.95135848806319
          ],
          [
            116.5125946897114,
            26.951262758141056
          ],
          [
            116.51227771783516,
            26.951022903992463
          ],
          [
            116.51206807110066,
            26.950905328053135
          ],
          [
            116.51181528570847,
            26.9508266171046
          ],
          [
            116.51094957370618,
            26.950754126833644
          ],
          [
            116.51036172098843,
            26.950765415291123
          ],
          [
            116.50987418474759,
            26.9507160072097
          ],
          [
            116.50763108684953,
            26.95030154020927
          ],
          [
            116.50763108684953,
            26.95030154020927
          ],
          [
            116.50734016606398,
            26.950183713457378
          ],
          [
            116.50623363636842,
            26.9499815002353
          ],
          [
            116.50623363636842,
            26.9499815002353
          ],
          [
            116.50520635310464,
            26.949708528390307
          ],
          [
            116.50441783397602,
            26.94938127056476
          ],
          [
            116.50390420000697,
            26.949027832051833
          ],
          [
            116.50322100501532,
            26.948800855421354
          ],
          [
            116.50294210999367,
            26.94867805508551
          ],
          [
            116.50294210999367,
            26.94867805508551
          ],
          [
            116.50286385844183,
            26.948647829391117
          ],
          [
            116.50201410127461,
            26.948623300866906
          ],
          [
            116.50150947403817,
            26.948434840445927
          ],
          [
            116.50103092220579,
            26.948351430657393
          ],
          [
            116.50080017687532,
            26.948263762245592
          ],
          [
            116.5004119262354,
            26.948058651282658
          ],
          [
            116.5000246724922,
            26.947927524338787
          ],
          [
            116.5000246724922,
            26.947927524338787
          ],
          [
            116.49914080412063,
            26.947677937743084
          ],
          [
            116.49810043474379,
            26.947222929782736
          ],
          [
            116.49694567464262,
            26.9469245370117
          ],
          [
            116.49607485450053,
            26.946453037955116
          ],
          [
            116.49514381309717,
            26.946281283467417
          ],
          [
            116.49477762155006,
            26.946145216958413
          ],
          [
            116.49477762155006,
            26.946145216958413
          ],
          [
            116.49464719704922,
            26.94609783684696
          ],
          [
            116.49437229977403,
            26.946032027314878
          ],
          [
            116.49425892906555,
            26.946013691299175
          ],
          [
            116.49392383285152,
            26.94596569665488
          ]
        ],
        "type": "LineString"
      },
      "properties": {
        "alternative_distance_m": 129520,
        "alternative_duration_s": 30345,
        "alternative_national_m": 5982,
        "alternative_unknown_m": 88189,
        "candidate_id": "fuhe-towns",
        "current_distance_m": 101586,
        "current_duration_s": 23728,
        "current_national_m": 39167,
        "distance_delta_m": 27934,
        "duration_delta_s": 6617,
        "from_name": "南城",
        "label": "避国道绕行线",
        "national_reduction_m": 33185,
        "review_status": "manual_review",
        "risk_tags": [],
        "road_class": "unknown",
        "road_name": "",
        "route_role": "alternative",
        "segment_id": "main-14-to-main-15",
        "step_distance_m": 3870,
        "step_index": 49,
        "to_name": "广昌"
      },
      "type": "Feature"
    },
    {
      "geometry": {
        "coordinates": [
          [
            116.4939198200503,
            26.94596068583776
          ],
          [
            116.49384156611069,
            26.94592146048199
          ],
          [
            116.49371114863067,
            26.945778104130873
          ],
          [
            116.49358474911656,
            26.94556977585505
          ],
          [
            116.49302305203244,
            26.943580578115952
          ],
          [
            116.49295283345458,
            26.943419406833154
          ],
          [
            116.49263080517666,
            26.94303253502274
          ],
          [
            116.49263080517666,
            26.94303253502274
          ],
          [
            116.49255656674131,
            26.942962329412538
          ],
          [
            116.49231278921295,
            26.942658672213703
          ],
          [
            116.49231278921295,
            26.942658672213703
          ],
          [
            116.49163360670298,
            26.94203978625492
          ],
          [
            116.49152024670221,
            26.94187948551114
          ],
          [
            116.49147710906179,
            26.941827368903727
          ],
          [
            116.4910718127191,
            26.94138326243333
          ],
          [
            116.48980475326643,
            26.940125774694938
          ],
          [
            116.48957401182726,
            26.939934131098298
          ],
          [
            116.48929611567387,
            26.939750344845596
          ],
          [
            116.4889168876069,
            26.93957625383226
          ],
          [
            116.48871222337462,
            26.939505659651072
          ],
          [
            116.48825473448915,
            26.939413316378985
          ],
          [
            116.48722738400966,
            26.939354268343052
          ],
          [
            116.48722738400966,
            26.939354268343052
          ],
          [
            116.48610372210287,
            26.939350927676035
          ],
          [
            116.48510246489145,
            26.939368953766508
          ],
          [
            116.48447041401633,
            26.93936308489818
          ],
          [
            116.48336884279708,
            26.93942081977514
          ],
          [
            116.48327353538976,
            26.939411541285953
          ],
          [
            116.48313810034145,
            26.93937615109247
          ],
          [
            116.48237666311469,
            26.939104978326924
          ],
          [
            116.48024288924667,
            26.938035997912724
          ],
          [
            116.48024288924667,
            26.938035997912724
          ],
          [
            116.47946844113025,
            26.937686831145328
          ],
          [
            116.47911532542497,
            26.93755483911627
          ],
          [
            116.47874916656446,
            26.93746780010527
          ],
          [
            116.47747413732189,
            26.937277169132482
          ],
          [
            116.47640678899477,
            26.937031168401624
          ],
          [
            116.47640678899477,
            26.937031168401624
          ],
          [
            116.4759323058513,
            26.936925838978137
          ],
          [
            116.47543173954817,
            26.93688942222535
          ],
          [
            116.47525317866425,
            26.93691890754358
          ],
          [
            116.47501843599724,
            26.937040211753725
          ],
          [
            116.47501843599724,
            26.937040211753725
          ],
          [
            116.47487899553504,
            26.937108799704404
          ],
          [
            116.47474858771643,
            26.937121427090663
          ],
          [
            116.47459109927468,
            26.937086989487955
          ],
          [
            116.47427413496247,
            26.936782166930335
          ],
          [
            116.47401634944727,
            26.93656849089353
          ],
          [
            116.47401634944727,
            26.93656849089353
          ],
          [
            116.47375154295979,
            26.936359794993685
          ],
          [
            116.47347671283502,
            26.93606809212827
          ],
          [
            116.47340750755026,
            26.935946926845958
          ],
          [
            116.47335034546647,
            26.935746814499357
          ]
        ],
        "type": "LineString"
      },
      "properties": {
        "alternative_distance_m": 129520,
        "alternative_duration_s": 30345,
        "alternative_national_m": 5982,
        "alternative_unknown_m": 88189,
        "candidate_id": "fuhe-towns",
        "current_distance_m": 101586,
        "current_duration_s": 23728,
        "current_national_m": 39167,
        "distance_delta_m": 27934,
        "duration_delta_s": 6617,
        "from_name": "南城",
        "label": "避国道绕行线",
        "national_reduction_m": 33185,
        "review_status": "manual_review",
        "risk_tags": [],
        "road_class": "county",
        "road_name": "906县道",
        "route_role": "alternative",
        "segment_id": "main-14-to-main-15",
        "step_distance_m": 2566,
        "step_index": 50,
        "to_name": "广昌"
      },
      "type": "Feature"
    },
    {
      "geometry": {
        "coordinates": [
          [
            116.4733463333488,
            26.93574280419629
          ],
          [
            116.4731246591802,
            26.935590218745112
          ],
          [
            116.47292003564647,
            26.93547667251133
          ],
          [
            116.47261109046548,
            26.93537583220391
          ],
          [
            116.47225800880308,
            26.935309862098112
          ],
          [
            116.47225800880308,
            26.935309862098112
          ],
          [
            116.4722188888682,
            26.93530575398418
          ],
          [
            116.47214967755963,
            26.935287565406995
          ],
          [
            116.47173540699737,
            26.93528241354581
          ],
          [
            116.47147460739792,
            26.935298685356564
          ],
          [
            116.47147460739792,
            26.935298685356564
          ],
          [
            116.47055981203435,
            26.93537413699608
          ],
          [
            116.46980251502279,
            26.9353810531946
          ],
          [
            116.46940632425137,
            26.935301987542505
          ],
          [
            116.4693020146003,
            26.935236718213623
          ],
          [
            116.4693020146003,
            26.935236718213623
          ],
          [
            116.46900114461309,
            26.93475401345148
          ],
          [
            116.46874941182901,
            26.934436404409016
          ],
          [
            116.46868824466645,
            26.93421529119628
          ],
          [
            116.46866620272722,
            26.933889309551432
          ],
          [
            116.46867525853169,
            26.933503426755692
          ]
        ],
        "type": "LineString"
      },
      "properties": {
        "alternative_distance_m": 129520,
        "alternative_duration_s": 30345,
        "alternative_national_m": 5982,
        "alternative_unknown_m": 88189,
        "candidate_id": "fuhe-towns",
        "current_distance_m": 101586,
        "current_duration_s": 23728,
        "current_national_m": 39167,
        "distance_delta_m": 27934,
        "duration_delta_s": 6617,
        "from_name": "南城",
        "label": "避国道绕行线",
        "national_reduction_m": 33185,
        "review_status": "manual_review",
        "risk_tags": [],
        "road_class": "county",
        "road_name": "906县道",
        "route_role": "alternative",
        "segment_id": "main-14-to-main-15",
        "step_distance_m": 623,
        "step_index": 51,
        "to_name": "广昌"
      },
      "type": "Feature"
    },
    {
      "geometry": {
        "coordinates": [
          [
            116.46867525882935,
            26.933499427715578
          ],
          [
            116.46846163070076,
            26.933333887132562
          ],
          [
            116.46832221980583,
            26.933246529914232
          ],
          [
            116.46822693897168,
            26.933190285178956
          ],
          [
            116.46800528070365,
            26.933136698069042
          ],
          [
            116.467700374512,
            26.933096884066607
          ],
          [
            116.46601539862954,
            26.932971400124117
          ],
          [
            116.46488409199972,
            26.93294241273291
          ],
          [
            116.4627810293157,
            26.932914934596827
          ],
          [
            116.46225453641729,
            26.932818601812844
          ],
          [
            116.46197575040743,
            26.93274790366263
          ],
          [
            116.46178421287402,
            26.932682429209812
          ],
          [
            116.46161874998666,
            26.932617022226555
          ],
          [
            116.4612798071872,
            26.932442200533234
          ],
          [
            116.46078744485636,
            26.93216801709562
          ],
          [
            116.46040439101569,
            26.93193710502196
          ],
          [
            116.46007448846153,
            26.93171532810754
          ],
          [
            116.45988297000758,
            26.93153189147987
          ],
          [
            116.45956010289106,
            26.9311621720458
          ],
          [
            116.4592773523274,
            26.930753564501863
          ],
          [
            116.45911692741139,
            26.93052322038166
          ],
          [
            116.45861659827807,
            26.929923123414532
          ],
          [
            116.45828070799932,
            26.92954938387221
          ],
          [
            116.45809822361284,
            26.929374976587372
          ],
          [
            116.45794581832651,
            26.929249632321834
          ],
          [
            116.45785056313181,
            26.929201410331178
          ],
          [
            116.45767609218998,
            26.929169990887853
          ],
          [
            116.45758484505262,
            26.929169768019957
          ],
          [
            116.45749760670199,
            26.929200547807994
          ],
          [
            116.45711053540049,
            26.92955952053853
          ],
          [
            116.45680569863882,
            26.929792726289186
          ],
          [
            116.45669238893849,
            26.929871433641022
          ],
          [
            116.4566051527733,
            26.929905214964876
          ],
          [
            116.45645775625285,
            26.929935852278494
          ],
          [
            116.45632740954973,
            26.929917542876176
          ],
          [
            116.45620909924773,
            26.929848274999035
          ],
          [
            116.45569578463945,
            26.929191202220295
          ],
          [
            116.45563462722019,
            26.92913107060423
          ],
          [
            116.4554571665601,
            26.92901767481797
          ],
          [
            116.45525263268375,
            26.92894320647297
          ],
          [
            116.45507817493926,
            26.928925797050013
          ],
          [
            116.45400737993556,
            26.928914281735654
          ],
          [
            116.45342486291895,
            26.929073888856937
          ],
          [
            116.45320730245449,
            26.929090381584874
          ],
          [
            116.45282432418401,
            26.929059506450805
          ],
          [
            116.45272406772635,
            26.929067274358864
          ],
          [
            116.45232404150161,
            26.929183331283053
          ],
          [
            116.45232404150161,
            26.929183331283053
          ],
          [
            116.45218869616217,
            26.929214015391533
          ],
          [
            116.45196713433585,
            26.92923550636213
          ],
          [
            116.45149695541122,
            26.92917745598708
          ],
          [
            116.45109194849684,
            26.92909456474659
          ],
          [
            116.45097465910254,
            26.929055311260512
          ],
          [
            116.45090950080603,
            26.929003177832115
          ],
          [
            116.45086639756045,
            26.9289500940559
          ],
          [
            116.45082630432248,
            26.928864024889283
          ],
          [
            116.45082631734093,
            26.928690066183773
          ],
          [
            116.45087445932465,
            26.92839124460944
          ],
          [
            116.4509005462945,
            26.928095373031564
          ],
          [
            116.45088352919421,
            26.92775741498506
          ],
          [
            116.45089260781835,
            26.927006612785785
          ],
          [
            116.4508836126856,
            26.926641678832887
          ],
          [
            116.45079242875542,
            26.926069610013002
          ],
          [
            116.45072227632387,
            26.92577852203338
          ],
          [
            116.45056592965153,
            26.925231302488754
          ],
          [
            116.45036547687117,
            26.924657991811216
          ],
          [
            116.45036547687117,
            26.924657991811216
          ],
          [
            116.45018306635062,
            26.924132710921484
          ],
          [
            116.44996157016948,
            26.923485373335144
          ],
          [
            116.44979618941137,
            26.92315508637755
          ],
          [
            116.44969996339266,
            26.923028904368703
          ],
          [
            116.44960874403273,
            26.92298171517025
          ],
          [
            116.4495305548798,
            26.92295954894305
          ],
          [
            116.4495305548798,
            26.92295954894305
          ],
          [
            116.44937818631776,
            26.92292422376042
          ],
          [
            116.44871258120695,
            26.922835796989112
          ],
          [
            116.44828655941966,
            26.92281788261622
          ],
          [
            116.44828655941966,
            26.92281788261622
          ],
          [
            116.44791166531697,
            26.92280808171188
          ],
          [
            116.44764202847794,
            26.92276051812804
          ],
          [
            116.44731225644884,
            26.92265984219461
          ],
          [
            116.44669383188311,
            26.92230662317275
          ],
          [
            116.4441580970357,
            26.921468623257397
          ],
          [
            116.44369707987383,
            26.921332735181842
          ],
          [
            116.44222187119588,
            26.921034913855085
          ],
          [
            116.44222187119588,
            26.921034913855085
          ],
          [
            116.44174384877785,
            26.92095601283341
          ],
          [
            116.44174384877785,
            26.92095601283341
          ],
          [
            116.44128287205204,
            26.920873153614586
          ],
          [
            116.44073471160684,
            26.920911110555092
          ],
          [
            116.4404741612198,
            26.920970609111606
          ],
          [
            116.4404741612198,
            26.920970609111606
          ],
          [
            116.44026471820487,
            26.921053199805446
          ],
          [
            116.43959530599383,
            26.921428876780187
          ],
          [
            116.4393257389272,
            26.921628337607004
          ],
          [
            116.4391433599236,
            26.921723983559154
          ],
          [
            116.43894695492037,
            26.921805608697348
          ],
          [
            116.43875155775251,
            26.921831250194632
          ],
          [
            116.4384639786829,
            26.921834733243013
          ],
          [
            116.43816037201836,
            26.921826193818504
          ],
          [
            116.4380471475162,
            26.921812995905004
          ],
          [
            116.4379209000385,
            26.92176878269619
          ],
          [
            116.43756020352606,
            26.92155119824801
          ],
          [
            116.43709031051394,
            26.921186463412422
          ],
          [
            116.43657735145986,
            26.920720686808107
          ],
          [
            116.43572879937396,
            26.919821454643476
          ],
          [
            116.43561659505882,
            26.91972128948055
          ],
          [
            116.43538617776713,
            26.91950795364309
          ],
          [
            116.43502952795768,
            26.91929041186434
          ],
          [
            116.43465484750703,
            26.919111836607772
          ],
          [
            116.43465484750703,
            26.919111836607772
          ],
          [
            116.4344114019504,
            26.919085445110543
          ],
          [
            116.4339726070681,
            26.91901575064466
          ],
          [
            116.4334025917755,
            26.918862874610745
          ],
          [
            116.43273742742844,
            26.918653876184244
          ],
          [
            116.43273742742844,
            26.918653876184244
          ],
          [
            116.43244592332898,
            26.91856244430372
          ],
          [
            116.43244592332898,
            26.91856244430372
          ],
          [
            116.4317026702914,
            26.918127405609894
          ],
          [
            116.43152037209504,
            26.917949170837687
          ],
          [
            116.43095545197366,
            26.917470434975645
          ],
          [
            116.43056383445324,
            26.916979969106208
          ],
          [
            116.43040759651264,
            26.91669780489835
          ],
          [
            116.4303725454393,
            26.916605774803024
          ],
          [
            116.4303725454393,
            26.916605774803024
          ],
          [
            116.43035952647051,
            26.916571763597105
          ],
          [
            116.43008109155701,
            26.91625843033724
          ],
          [
            116.42991582571365,
            26.916197205369304
          ],
          [
            116.42966844207506,
            26.91594590743421
          ],
          [
            116.42921676100872,
            26.915324407305544
          ],
          [
            116.4289513735994,
            26.91484714302929
          ],
          [
            116.42877712584946,
            26.914468985878173
          ],
          [
            116.42868600121604,
            26.914212917501985
          ],
          [
            116.42841259991705,
            26.913839624056763
          ],
          [
            116.42816923929287,
            26.913591346278995
          ],
          [
            116.42769955116292,
            26.91310981770929
          ],
          [
            116.42752530338146,
            26.912865638899415
          ],
          [
            116.42740413380459,
            26.912670521063326
          ],
          [
            116.42735607917373,
            26.912427512188675
          ],
          [
            116.42718685501443,
            26.912006382718413
          ],
          [
            116.42693450543379,
            26.91161513799235
          ],
          [
            116.42693450543379,
            26.91161513799235
          ],
          [
            116.42641777287128,
            26.911159566770056
          ],
          [
            116.42631763127238,
            26.91108545416528
          ],
          [
            116.42622650001613,
            26.911055343602218
          ],
          [
            116.42531719988058,
            26.91091022478035
          ],
          [
            116.4248956129881,
            26.9108057265859
          ],
          [
            116.42399640167925,
            26.91041472773556
          ],
          [
            116.42339661622363,
            26.910136085016564
          ],
          [
            116.42327045072459,
            26.910109944469728
          ]
        ],
        "type": "LineString"
      },
      "properties": {
        "alternative_distance_m": 129520,
        "alternative_duration_s": 30345,
        "alternative_national_m": 5982,
        "alternative_unknown_m": 88189,
        "candidate_id": "fuhe-towns",
        "current_distance_m": 101586,
        "current_duration_s": 23728,
        "current_national_m": 39167,
        "distance_delta_m": 27934,
        "duration_delta_s": 6617,
        "from_name": "南城",
        "label": "避国道绕行线",
        "national_reduction_m": 33185,
        "review_status": "manual_review",
        "risk_tags": [],
        "road_class": "county",
        "road_name": "906县道",
        "route_role": "alternative",
        "segment_id": "main-14-to-main-15",
        "step_distance_m": 5992,
        "step_index": 52,
        "to_name": "广昌"
      },
      "type": "Feature"
    },
    {
      "geometry": {
        "coordinates": [
          [
            116.42326644579694,
            26.91010494096319
          ],
          [
            116.42318333163,
            26.910161832013976
          ],
          [
            116.42281884157536,
            26.910321378114464
          ],
          [
            116.42249741900764,
            26.9104039957966
          ],
          [
            116.42249741900764,
            26.9104039957966
          ],
          [
            116.42229315697655,
            26.910403767117124
          ],
          [
            116.42229315697655,
            26.910403767117124
          ],
          [
            116.42196273993537,
            26.910368408992152
          ],
          [
            116.42181055063557,
            26.910338248791277
          ],
          [
            116.421437094045,
            26.91022086979524
          ],
          [
            116.42131494326945,
            26.91022073851038
          ],
          [
            116.42127589296406,
            26.9102506898955
          ],
          [
            116.42125386325885,
            26.91028565841197
          ],
          [
            116.4211406984663,
            26.91063245916914
          ],
          [
            116.42090634400039,
            26.911552002416812
          ],
          [
            116.42083224162351,
            26.911720886066718
          ],
          [
            116.42077116166566,
            26.91180380311839
          ],
          [
            116.42066302640328,
            26.91187267436585
          ],
          [
            116.42012837156283,
            26.912137062628535
          ],
          [
            116.41982900346356,
            26.91238370317066
          ],
          [
            116.41959371281803,
            26.91263541023855
          ],
          [
            116.41941148625021,
            26.912874175045122
          ],
          [
            116.41932036983934,
            26.9130430467051
          ],
          [
            116.41857741837661,
            26.914647961156735
          ],
          [
            116.41850333014906,
            26.914738869992927
          ],
          [
            116.41841222321283,
            26.914834761857225
          ],
          [
            116.4181769528927,
            26.915029496415595
          ],
          [
            116.41667829796721,
            26.916212876040376
          ],
          [
            116.41642603628053,
            26.916329632023228
          ],
          [
            116.41622183059225,
            26.916372448459846
          ],
          [
            116.41481047973588,
            26.916463277986942
          ],
          [
            116.41449319092511,
            26.916463031899386
          ],
          [
            116.4142890093143,
            26.91644088098606
          ],
          [
            116.41411986196444,
            26.916401762161755
          ],
          [
            116.41401977730843,
            26.916353698188715
          ],
          [
            116.41338926383354,
            26.915936331813782
          ],
          [
            116.41317208975448,
            26.91581520453629
          ],
          [
            116.41298093433224,
            26.91576308174348
          ],
          [
            116.41274273865643,
            26.915757917304834
          ],
          [
            116.41274273865643,
            26.915757917304834
          ],
          [
            116.41252555870092,
            26.915805757532517
          ],
          [
            116.41199512360245,
            26.915992360200807
          ],
          [
            116.41177394397153,
            26.91610019135871
          ],
          [
            116.41168286877735,
            26.9161701166058
          ],
          [
            116.41165183623784,
            26.916287069807858
          ],
          [
            116.41166982552973,
            26.916612006593358
          ],
          [
            116.41166982552973,
            26.916612006593358
          ],
          [
            116.41172582139876,
            26.917236898659855
          ],
          [
            116.41178184973447,
            26.917432889630934
          ],
          [
            116.41198598219992,
            26.91777594342596
          ],
          [
            116.41223414929125,
            26.918149021419925
          ],
          [
            116.41225115758391,
            26.918218016827634
          ],
          [
            116.41225114967501,
            26.918322992556995
          ],
          [
            116.41215105975407,
            26.9184658928948
          ],
          [
            116.41200392764505,
            26.918686744691318
          ],
          [
            116.41186881011038,
            26.918851618207036
          ],
          [
            116.41175171024845,
            26.9189775131762
          ],
          [
            116.41161260013962,
            26.919025412742
          ],
          [
            116.41148249981529,
            26.91904632513261
          ],
          [
            116.41127434317079,
            26.91905119316823
          ],
          [
            116.41014053049649,
            26.919032519115465
          ],
          [
            116.40946707671021,
            26.919032143691595
          ],
          [
            116.40773400424382,
            26.9191182513894
          ],
          [
            116.4073127649861,
            26.919149052663464
          ],
          [
            116.40713466485947,
            26.91918296620498
          ],
          [
            116.40713466485947,
            26.91918296620498
          ],
          [
            116.4069045367911,
            26.919239853575405
          ],
          [
            116.4061711380242,
            26.919525486329714
          ],
          [
            116.40574992109939,
            26.91968628707896
          ],
          [
            116.40551980601353,
            26.919777180882253
          ],
          [
            116.40535872523297,
            26.919864102550147
          ],
          [
            116.40434323280648,
            26.9205745976668
          ],
          [
            116.40420417035973,
            26.920657535447173
          ],
          [
            116.40398207932432,
            26.92070045869981
          ],
          [
            116.40398207932432,
            26.92070045869981
          ],
          [
            116.40347489172717,
            26.920648326652227
          ],
          [
            116.40263161630706,
            26.920444159916492
          ],
          [
            116.40249757386263,
            26.92043613066289
          ],
          [
            116.40220648209525,
            26.920453061909704
          ],
          [
            116.40188537987855,
            26.920547972731185
          ],
          [
            116.40173332809061,
            26.920660916289258
          ],
          [
            116.40159927579668,
            26.920860844024695
          ],
          [
            116.40138619091009,
            26.92122571978889
          ],
          [
            116.40130316070424,
            26.921337678947374
          ],
          [
            116.40115111281577,
            26.92145562523295
          ],
          [
            116.4010000693034,
            26.92153358202637
          ],
          [
            116.40075200340087,
            26.921619523077347
          ],
          [
            116.39979678817316,
            26.921806355212713
          ],
          [
            116.39936770780564,
            26.921863299275117
          ],
          [
            116.39919768010559,
            26.92186328463354
          ],
          [
            116.39796053432876,
            26.921676260176586
          ],
          [
            116.39736649567433,
            26.92151528899781
          ],
          [
            116.39725349409608,
            26.92143330820745
          ],
          [
            116.39720149532754,
            26.92137232265532
          ],
          [
            116.39715749815723,
            26.921298340186166
          ],
          [
            116.39714050857684,
            26.92114637572328
          ],
          [
            116.3971795197949,
            26.92102940267317
          ],
          [
            116.39727553844602,
            26.92086444064418
          ],
          [
            116.39727554794284,
            26.920738469959055
          ],
          [
            116.39720555082971,
            26.920639493260406
          ],
          [
            116.3970795520761,
            26.920521521735356
          ],
          [
            116.39695355106245,
            26.920443541601394
          ],
          [
            116.39683654888019,
            26.920396554758838
          ],
          [
            116.3965375441374,
            26.92030458457119
          ],
          [
            116.39561255216991,
            26.92007468884276
          ],
          [
            116.39540456114973,
            26.920001722367832
          ],
          [
            116.39526556988717,
            26.919931750745093
          ],
          [
            116.39490560139822,
            26.919688842448746
          ],
          [
            116.39488760319794,
            26.919675847378
          ],
          [
            116.39452363812039,
            26.91947593547325
          ],
          [
            116.39349076294523,
            26.91901619166937
          ],
          [
            116.39288286086112,
            26.918730367443647
          ],
          [
            116.39264890500797,
            26.91859544508006
          ],
          [
            116.39233596226192,
            26.918491534871723
          ],
          [
            116.39199802562143,
            26.918426625597892
          ],
          [
            116.39078329046097,
            26.918278972126117
          ],
          [
            116.39053934958852,
            26.918279042403377
          ],
          [
            116.390353393855,
            26.918314089576945
          ],
          [
            116.38999747756358,
            26.918453167287694
          ],
          [
            116.38847888956269,
            26.919178528024116
          ],
          [
            116.38847888956269,
            26.919178528024116
          ],
          [
            116.38824896050089,
            26.919295589352206
          ],
          [
            116.38791506586281,
            26.919490676495037
          ],
          [
            116.38770214074563,
            26.919547750095195
          ],
          [
            116.38685147899237,
            26.91952612077873
          ],
          [
            116.3867255302161,
            26.919544173270094
          ],
          [
            116.3865915817101,
            26.919613218246916
          ],
          [
            116.3865915817101,
            26.919613218246916
          ],
          [
            116.3865266039222,
            26.919687230926883
          ],
          [
            116.38650061282941,
            26.919717235953687
          ],
          [
            116.38642263016274,
            26.91993422172173
          ],
          [
            116.38631364167043,
            26.920412161597213
          ],
          [
            116.38628764720677,
            26.920490155680543
          ],
          [
            116.38617867481099,
            26.920763143700263
          ],
          [
            116.38611869401811,
            26.920863148993025
          ],
          [
            116.38602273155996,
            26.920937177771904
          ],
          [
            116.38535501209796,
            26.92134541325283
          ],
          [
            116.38526804820678,
            26.921423439457385
          ],
          [
            116.38519407566649,
            26.92153645111135
          ],
          [
            116.38517307740551,
            26.921649435590208
          ],
          [
            116.38517306798812,
            26.921774406441862
          ],
          [
            116.38517704968513,
            26.92199135375583
          ],
          [
            116.38519403287366,
            26.92210431862476
          ],
          [
            116.38512504146885,
            26.922438276251604
          ],
          [
            116.38508605536849,
            26.92250828011644
          ],
          [
            116.38508605536849,
            26.92250828011644
          ],
          [
            116.3850340709411,
            26.922642275856102
          ],
          [
            116.3850340709411,
            26.922642275856102
          ],
          [
            116.38489911553029,
            26.922942276458773
          ],
          [
            116.38486012295968,
            26.9231032593673
          ],
          [
            116.38482111516113,
            26.923467194787104
          ],
          [
            116.38479508932978,
            26.92398408740859
          ],
          [
            116.38475209768343,
            26.92416206852475
          ],
          [
            116.38456516750637,
            26.924504088577404
          ],
          [
            116.38456516750637,
            26.924504088577404
          ],
          [
            116.38429128447929,
            26.924847157550317
          ],
          [
            116.38420032246201,
            26.92498217615371
          ],
          [
            116.38403539268467,
            26.925221212066408
          ],
          [
            116.38398840499859,
            26.9253941978004
          ],
          [
            116.38397940458944,
            26.925464186397882
          ],
          [
            116.38397940458944,
            26.925464186397882
          ],
          [
            116.38390533713017,
            26.926891891511744
          ],
          [
            116.38390533713017,
            26.926891891511744
          ],
          [
            116.3839182865869,
            26.9274687477569
          ],
          [
            116.38399219156464,
            26.928197533368408
          ],
          [
            116.38419600902556,
            26.929169188688274
          ],
          [
            116.38425695574578,
            26.92944708884837
          ],
          [
            116.38429091224948,
            26.929785989477125
          ],
          [
            116.38419993063994,
            26.930180945815575
          ],
          [
            116.38413494732272,
            26.930418925294877
          ],
          [
            116.38413494732272,
            26.930418925294877
          ],
          [
            116.38403997925799,
            26.93067091839948
          ],
          [
            116.38378806650404,
            26.931330903709803
          ],
          [
            116.38347520324393,
            26.931824966552593
          ],
          [
            116.38263860048296,
            26.93300218762948
          ],
          [
            116.38247767652506,
            26.933279221119587
          ],
          [
            116.38241269366087,
            26.93357519073226
          ],
          [
            116.38242966599589,
            26.933805124882944
          ],
          [
            116.38253457366162,
            26.934186967657567
          ],
          [
            116.38248258743991,
            26.93442094377591
          ],
          [
            116.38215674811505,
            26.934937024982066
          ],
          [
            116.38161501138077,
            26.93597912451465
          ],
          [
            116.3815190640235,
            26.93610115838444
          ],
          [
            116.3815190640235,
            26.93610115838444
          ],
          [
            116.38140612683452,
            26.936240199815277
          ],
          [
            116.38099437342748,
            26.936574396764563
          ],
          [
            116.38087744082743,
            26.936721441284995
          ],
          [
            116.3807734760271,
            26.9371864004354
          ],
          [
            116.38067352831939,
            26.93739441933792
          ],
          [
            116.38067352831939,
            26.93739441933792
          ],
          [
            116.38066053492513,
            26.93742442110549
          ],
          [
            116.37981906137499,
            26.93825881777793
          ],
          [
            116.37948026806951,
            26.938774941332998
          ],
          [
            116.37929338981935,
            26.93898402968511
          ],
          [
            116.37885968901344,
            26.939322275541848
          ],
          [
            116.37800131146399,
            26.939891807377627
          ],
          [
            116.3776066203132,
            26.939987101782897
          ],
          [
            116.3776066203132,
            26.939987101782897
          ],
          [
            116.37648352510628,
            26.940369944149595
          ],
          [
            116.37597595310481,
            26.940509348371524
          ],
          [
            116.37563325756487,
            26.940474658052672
          ],
          [
            116.37540346774371,
            26.94040587920987
          ],
          [
            116.3750008426733,
            26.940263276728434
          ],
          [
            116.3750008426733,
            26.940263276728434
          ],
          [
            116.37465317171736,
            26.94013762532718
          ]
        ],
        "type": "LineString"
      },
      "properties": {
        "alternative_distance_m": 129520,
        "alternative_duration_s": 30345,
        "alternative_national_m": 5982,
        "alternative_unknown_m": 88189,
        "candidate_id": "fuhe-towns",
        "current_distance_m": 101586,
        "current_duration_s": 23728,
        "current_national_m": 39167,
        "distance_delta_m": 27934,
        "duration_delta_s": 6617,
        "from_name": "南城",
        "label": "避国道绕行线",
        "national_reduction_m": 33185,
        "review_status": "manual_review",
        "risk_tags": [],
        "road_class": "county",
        "road_name": "906县道",
        "route_role": "alternative",
        "segment_id": "main-14-to-main-15",
        "step_distance_m": 7607,
        "step_index": 53,
        "to_name": "广昌"
      },
      "type": "Feature"
    },
    {
      "geometry": {
        "coordinates": [
          [
            116.37464917579432,
            26.940132630224287
          ],
          [
            116.37427651566983,
            26.94023795029691
          ],
          [
            116.37387288794403,
            26.940377296427055
          ],
          [
            116.37370804019069,
            26.940455434289426
          ],
          [
            116.37370804019069,
            26.940455434289426
          ],
          [
            116.37331340826461,
            26.940650766218827
          ],
          [
            116.37290179190676,
            26.940942096915943
          ],
          [
            116.37262006212828,
            26.941089339412716
          ],
          [
            116.37224743193377,
            26.941180689661763
          ],
          [
            116.37135832935084,
            26.941477525592145
          ]
        ],
        "type": "LineString"
      },
      "properties": {
        "alternative_distance_m": 129520,
        "alternative_duration_s": 30345,
        "alternative_national_m": 5982,
        "alternative_unknown_m": 88189,
        "candidate_id": "fuhe-towns",
        "current_distance_m": 101586,
        "current_duration_s": 23728,
        "current_national_m": 39167,
        "distance_delta_m": 27934,
        "duration_delta_s": 6617,
        "from_name": "南城",
        "label": "避国道绕行线",
        "national_reduction_m": 33185,
        "review_status": "manual_review",
        "risk_tags": [],
        "road_class": "county",
        "road_name": "906县道",
        "route_role": "alternative",
        "segment_id": "main-14-to-main-15",
        "step_distance_m": 362,
        "step_index": 54,
        "to_name": "广昌"
      },
      "type": "Feature"
    },
    {
      "geometry": {
        "coordinates": [
          [
            116.37135333460067,
            26.941477530771465
          ],
          [
            116.37123644370658,
            26.941663606779045
          ],
          [
            116.37106760119049,
            26.941945714103575
          ],
          [
            116.37106760119049,
            26.941945714103575
          ],
          [
            116.37077288065316,
            26.942410910349178
          ],
          [
            116.3705431031979,
            26.94274107329789
          ],
          [
            116.36948917761501,
            26.94386993757571
          ],
          [
            116.36948917761501,
            26.94386993757571
          ],
          [
            116.3663416019295,
            26.947492670945802
          ],
          [
            116.3663416019295,
            26.947492670945802
          ],
          [
            116.36580022581359,
            26.948109174105387
          ],
          [
            116.36580022581359,
            26.948109174105387
          ],
          [
            116.36512802526956,
            26.948726848012004
          ],
          [
            116.36512802526956,
            26.948726848012004
          ],
          [
            116.36460367233543,
            26.949035426272097
          ]
        ],
        "type": "LineString"
      },
      "properties": {
        "alternative_distance_m": 129520,
        "alternative_duration_s": 30345,
        "alternative_national_m": 5982,
        "alternative_unknown_m": 88189,
        "candidate_id": "fuhe-towns",
        "current_distance_m": 101586,
        "current_duration_s": 23728,
        "current_national_m": 39167,
        "distance_delta_m": 27934,
        "duration_delta_s": 6617,
        "from_name": "南城",
        "label": "避国道绕行线",
        "national_reduction_m": 33185,
        "review_status": "manual_review",
        "risk_tags": [],
        "road_class": "county",
        "road_name": "906县道",
        "route_role": "alternative",
        "segment_id": "main-14-to-main-15",
        "step_distance_m": 1076,
        "step_index": 55,
        "to_name": "广昌"
      },
      "type": "Feature"
    },
    {
      "geometry": {
        "coordinates": [
          [
            116.36459867876202,
            26.949035432547262
          ],
          [
            116.36479441082435,
            26.949256132295577
          ],
          [
            116.36479441082435,
            26.949256132295577
          ],
          [
            116.36513194578707,
            26.949715597622987
          ],
          [
            116.36513194578707,
            26.949715597622987
          ],
          [
            116.36576009048672,
            26.950569611977237
          ],
          [
            116.36576009048672,
            26.950569611977237
          ],
          [
            116.36647115095481,
            26.95136755278929
          ],
          [
            116.36647115095481,
            26.95136755278929
          ],
          [
            116.366484129864,
            26.951436520033532
          ]
        ],
        "type": "LineString"
      },
      "properties": {
        "alternative_distance_m": 129520,
        "alternative_duration_s": 30345,
        "alternative_national_m": 5982,
        "alternative_unknown_m": 88189,
        "candidate_id": "fuhe-towns",
        "current_distance_m": 101586,
        "current_duration_s": 23728,
        "current_national_m": 39167,
        "distance_delta_m": 27934,
        "duration_delta_s": 6617,
        "from_name": "南城",
        "label": "避国道绕行线",
        "national_reduction_m": 33185,
        "review_status": "manual_review",
        "risk_tags": [],
        "road_class": "unknown",
        "road_name": "",
        "route_role": "alternative",
        "segment_id": "main-14-to-main-15",
        "step_distance_m": 324,
        "step_index": 56,
        "to_name": "广昌"
      },
      "type": "Feature"
    },
    {
      "geometry": {
        "coordinates": [
          [
            116.366484129864,
            26.951436520033532
          ],
          [
            116.36697453881064,
            26.951366953531235
          ],
          [
            116.36697453881064,
            26.951366953531235
          ],
          [
            116.36709539742674,
            26.951309825068375
          ]
        ],
        "type": "LineString"
      },
      "properties": {
        "alternative_distance_m": 129520,
        "alternative_duration_s": 30345,
        "alternative_national_m": 5982,
        "alternative_unknown_m": 88189,
        "candidate_id": "fuhe-towns",
        "current_distance_m": 101586,
        "current_duration_s": 23728,
        "current_national_m": 39167,
        "distance_delta_m": 27934,
        "duration_delta_s": 6617,
        "from_name": "南城",
        "label": "避国道绕行线",
        "national_reduction_m": 33185,
        "review_status": "manual_review",
        "risk_tags": [],
        "road_class": "unknown",
        "road_name": "",
        "route_role": "alternative",
        "segment_id": "main-14-to-main-15",
        "step_distance_m": 62,
        "step_index": 57,
        "to_name": "广昌"
      },
      "type": "Feature"
    },
    {
      "geometry": {
        "coordinates": [
          [
            116.36709539772781,
            26.95130582606516
          ],
          [
            116.3669785343633,
            26.9513619500536
          ],
          [
            116.3669785343633,
            26.9513619500536
          ],
          [
            116.36648912375098,
            26.95143651405107
          ],
          [
            116.36648912375098,
            26.95143651405107
          ],
          [
            116.36638425230205,
            26.95143663984838
          ]
        ],
        "type": "LineString"
      },
      "properties": {
        "alternative_distance_m": 129520,
        "alternative_duration_s": 30345,
        "alternative_national_m": 5982,
        "alternative_unknown_m": 88189,
        "candidate_id": "fuhe-towns",
        "current_distance_m": 101586,
        "current_duration_s": 23728,
        "current_national_m": 39167,
        "distance_delta_m": 27934,
        "duration_delta_s": 6617,
        "from_name": "南城",
        "label": "避国道绕行线",
        "national_reduction_m": 33185,
        "review_status": "manual_review",
        "risk_tags": [],
        "road_class": "unknown",
        "road_name": "",
        "route_role": "alternative",
        "segment_id": "main-14-to-main-15",
        "step_distance_m": 72,
        "step_index": 58,
        "to_name": "广昌"
      },
      "type": "Feature"
    },
    {
      "geometry": {
        "coordinates": [
          [
            116.36638025750766,
            26.951432645644562
          ],
          [
            116.36621148222656,
            26.95120690518819
          ],
          [
            116.36582998920315,
            26.950756480162337
          ],
          [
            116.36571714150699,
            26.950604655726544
          ],
          [
            116.36571714150699,
            26.950604655726544
          ],
          [
            116.36508000912914,
            26.949750653385895
          ],
          [
            116.36508000912914,
            26.949750653385895
          ],
          [
            116.36475545711895,
            26.949304169121696
          ],
          [
            116.36475545711895,
            26.949304169121696
          ],
          [
            116.36455173597679,
            26.94907848090352
          ],
          [
            116.36455173597679,
            26.94907848090352
          ],
          [
            116.36405242953563,
            26.948467264700735
          ],
          [
            116.36405242953563,
            26.948467264700735
          ],
          [
            116.36405243344721,
            26.948415277584942
          ],
          [
            116.36405243344721,
            26.948415277584942
          ],
          [
            116.36348024354614,
            26.94764320254367
          ],
          [
            116.36305983631459,
            26.947196858291484
          ],
          [
            116.36224598843562,
            26.946482105413068
          ],
          [
            116.36124044133648,
            26.94558567581328
          ],
          [
            116.36124044133648,
            26.94558567581328
          ],
          [
            116.36068925005362,
            26.945104546192187
          ],
          [
            116.36035175304148,
            26.94476609408765
          ],
          [
            116.36003523559914,
            26.944345636097477
          ],
          [
            116.35909870767742,
            26.942742343519726
          ],
          [
            116.3588780523331,
            26.942442729958444
          ],
          [
            116.3587702170914,
            26.942351905662605
          ],
          [
            116.35859647905511,
            26.94226117578626
          ]
        ],
        "type": "LineString"
      },
      "properties": {
        "alternative_distance_m": 129520,
        "alternative_duration_s": 30345,
        "alternative_national_m": 5982,
        "alternative_unknown_m": 88189,
        "candidate_id": "fuhe-towns",
        "current_distance_m": 101586,
        "current_duration_s": 23728,
        "current_national_m": 39167,
        "distance_delta_m": 27934,
        "duration_delta_s": 6617,
        "from_name": "南城",
        "label": "避国道绕行线",
        "national_reduction_m": 33185,
        "review_status": "manual_review",
        "risk_tags": [],
        "road_class": "county",
        "road_name": "906县道",
        "route_role": "alternative",
        "segment_id": "main-14-to-main-15",
        "step_distance_m": 1287,
        "step_index": 59,
        "to_name": "广昌"
      },
      "type": "Feature"
    },
    {
      "geometry": {
        "coordinates": [
          [
            116.35859248530585,
            26.942256182716772
          ],
          [
            116.35832392441762,
            26.941684707349243
          ],
          [
            116.35813323795337,
            26.941272082590853
          ],
          [
            116.35785569070677,
            26.940743612726557
          ],
          [
            116.35634318061696,
            26.93805948684077
          ],
          [
            116.35634318061696,
            26.93805948684077
          ],
          [
            116.3555714757289,
            26.936676977325135
          ],
          [
            116.3552081010766,
            26.93589171633012
          ],
          [
            116.35505637048696,
            26.93546704910746
          ],
          [
            116.35494756826745,
            26.93510630156821
          ],
          [
            116.35481781426438,
            26.93454663408419
          ],
          [
            116.35454935423311,
            26.932994417387373
          ],
          [
            116.35454935423311,
            26.932994417387373
          ],
          [
            116.35444955772999,
            26.932386716020208
          ],
          [
            116.35444955772999,
            26.932386716020208
          ],
          [
            116.35416014303601,
            26.930707562406756
          ],
          [
            116.35384777977998,
            26.928859484854573
          ],
          [
            116.35384777977998,
            26.928859484854573
          ],
          [
            116.3535234452834,
            26.9269164487322
          ],
          [
            116.3535234452834,
            26.9269164487322
          ],
          [
            116.35318513657565,
            26.924964436855955
          ],
          [
            116.35318513657565,
            26.924964436855955
          ],
          [
            116.35253148352527,
            26.921146358024053
          ],
          [
            116.35253148352527,
            26.921146358024053
          ],
          [
            116.35240973946175,
            26.92038272817432
          ],
          [
            116.3522889859406,
            26.919728071447633
          ],
          [
            116.35221014430157,
            26.919337287114754
          ],
          [
            116.35221014430157,
            26.919337287114754
          ],
          [
            116.35206742931776,
            26.91865667142902
          ],
          [
            116.3518857817509,
            26.917937126936817
          ],
          [
            116.35167817033553,
            26.917316601509906
          ],
          [
            116.35167817033553,
            26.917316601509906
          ],
          [
            116.35143961337077,
            26.91666613329884
          ],
          [
            116.35143961337077,
            26.91666613329884
          ],
          [
            116.35125795223674,
            26.916162540816124
          ],
          [
            116.35045145143063,
            26.91411631339595
          ],
          [
            116.34922973123034,
            26.911262963768447
          ],
          [
            116.34922973123034,
            26.911262963768447
          ],
          [
            116.34873666860662,
            26.91000106554063
          ],
          [
            116.34873666860662,
            26.91000106554063
          ],
          [
            116.34819070129156,
            26.908752256531304
          ],
          [
            116.3479222104824,
            26.908149841361958
          ],
          [
            116.3479222104824,
            26.908149841361958
          ],
          [
            116.34741516164537,
            26.90720390596307
          ],
          [
            116.34741516164537,
            26.90720390596307
          ],
          [
            116.34739320310102,
            26.90716095261068
          ],
          [
            116.34739320310102,
            26.90716095261068
          ],
          [
            116.34625435779957,
            26.905041358474435
          ],
          [
            116.34625435779957,
            26.905041358474435
          ],
          [
            116.34600682771075,
            26.904602879191582
          ],
          [
            116.34600682771075,
            26.904602879191582
          ],
          [
            116.34531415484638,
            26.903293359741742
          ],
          [
            116.34503270737476,
            26.90261699533099
          ],
          [
            116.3448680412514,
            26.902088397056904
          ],
          [
            116.34478122295225,
            26.901736625108242
          ],
          [
            116.34469840473747,
            26.90128986721456
          ],
          [
            116.34464653379302,
            26.90080806332576
          ],
          [
            116.34464653379302,
            26.90080806332576
          ],
          [
            116.34450788516686,
            26.89943760510084
          ],
          [
            116.34450788516686,
            26.89943760510084
          ],
          [
            116.34444305100094,
            26.89877786225694
          ],
          [
            116.34444305100094,
            26.89877786225694
          ],
          [
            116.34443906235902,
            26.898721881437606
          ],
          [
            116.34443906235902,
            26.898721881437606
          ],
          [
            116.34436127334813,
            26.89777122436834
          ],
          [
            116.34431738990888,
            26.897268410310737
          ],
          [
            116.34425752453417,
            26.89690859283994
          ],
          [
            116.34415374486585,
            26.896460870964113
          ],
          [
            116.34403598884691,
            26.896036168520943
          ],
          [
            116.34403598884691,
            26.896036168520943
          ],
          [
            116.34388030608118,
            26.895550545641793
          ],
          [
            116.34388030608118,
            26.895550545641793
          ],
          [
            116.34265878724862,
            26.892029450503546
          ],
          [
            116.34265878724862,
            26.892029450503546
          ],
          [
            116.34251208733271,
            26.89159980180348
          ],
          [
            116.34251208733271,
            26.89159980180348
          ],
          [
            116.34239433771167,
            26.891131110371656
          ],
          [
            116.34231252341856,
            26.890650357882777
          ]
        ],
        "type": "LineString"
      },
      "properties": {
        "alternative_distance_m": 129520,
        "alternative_duration_s": 30345,
        "alternative_national_m": 5982,
        "alternative_unknown_m": 88189,
        "candidate_id": "fuhe-towns",
        "current_distance_m": 101586,
        "current_duration_s": 23728,
        "current_national_m": 39167,
        "distance_delta_m": 27934,
        "duration_delta_s": 6617,
        "from_name": "南城",
        "label": "避国道绕行线",
        "national_reduction_m": 33185,
        "review_status": "manual_review",
        "risk_tags": [],
        "road_class": "national",
        "road_name": "206国道",
        "route_role": "alternative",
        "segment_id": "main-14-to-main-15",
        "step_distance_m": 5982,
        "step_index": 60,
        "to_name": "广昌"
      },
      "type": "Feature"
    },
    {
      "geometry": {
        "coordinates": [
          [
            116.34230853110022,
            26.890645366021452
          ],
          [
            116.34228258182173,
            26.890602421165003
          ],
          [
            116.34226861488031,
            26.890502467227645
          ],
          [
            116.34226861488031,
            26.890502467227645
          ],
          [
            116.3422167534305,
            26.889920683052377
          ],
          [
            116.34221679004673,
            26.889430787113213
          ],
          [
            116.34221679004673,
            26.889430787113213
          ],
          [
            116.34221679527757,
            26.889360801965285
          ]
        ],
        "type": "LineString"
      },
      "properties": {
        "alternative_distance_m": 129520,
        "alternative_duration_s": 30345,
        "alternative_national_m": 5982,
        "alternative_unknown_m": 88189,
        "candidate_id": "fuhe-towns",
        "current_distance_m": 101586,
        "current_duration_s": 23728,
        "current_national_m": 39167,
        "distance_delta_m": 27934,
        "duration_delta_s": 6617,
        "from_name": "南城",
        "label": "避国道绕行线",
        "national_reduction_m": 33185,
        "review_status": "manual_review",
        "risk_tags": [],
        "road_class": "unknown",
        "road_name": "红军大道",
        "route_role": "alternative",
        "segment_id": "main-14-to-main-15",
        "step_distance_m": 143,
        "step_index": 61,
        "to_name": "广昌"
      },
      "type": "Feature"
    },
    {
      "geometry": {
        "coordinates": [
          [
            116.34221280289026,
            26.889356809893023
          ],
          [
            116.34227768765817,
            26.88930870506846
          ],
          [
            116.34227768765817,
            26.88930870506846
          ],
          [
            116.34227768825598,
            26.889300706765326
          ],
          [
            116.34239947812077,
            26.889130527124834
          ],
          [
            116.34239947812077,
            26.889130527124834
          ],
          [
            116.34266798071721,
            26.88922203283592
          ]
        ],
        "type": "LineString"
      },
      "properties": {
        "alternative_distance_m": 129520,
        "alternative_duration_s": 30345,
        "alternative_national_m": 5982,
        "alternative_unknown_m": 88189,
        "candidate_id": "fuhe-towns",
        "current_distance_m": 101586,
        "current_duration_s": 23728,
        "current_national_m": 39167,
        "distance_delta_m": 27934,
        "duration_delta_s": 6617,
        "from_name": "南城",
        "label": "避国道绕行线",
        "national_reduction_m": 33185,
        "review_status": "manual_review",
        "risk_tags": [],
        "road_class": "unknown",
        "road_name": "",
        "route_role": "alternative",
        "segment_id": "main-14-to-main-15",
        "step_distance_m": 59,
        "step_index": 62,
        "to_name": "广昌"
      },
      "type": "Feature"
    },
    {
      "geometry": {
        "coordinates": [
          [
            116.34266798071721,
            26.88922203283592
          ],
          [
            116.3433477540857,
            26.889085864454604
          ],
          [
            116.34431402636945,
            26.88885422434199
          ],
          [
            116.34431402636945,
            26.88885422434199
          ],
          [
            116.34904081475658,
            26.88778342311399
          ],
          [
            116.34978256784335,
            26.887599240985878
          ]
        ],
        "type": "LineString"
      },
      "properties": {
        "alternative_distance_m": 129520,
        "alternative_duration_s": 30345,
        "alternative_national_m": 5982,
        "alternative_unknown_m": 88189,
        "candidate_id": "fuhe-towns",
        "current_distance_m": 101586,
        "current_duration_s": 23728,
        "current_national_m": 39167,
        "distance_delta_m": 27934,
        "duration_delta_s": 6617,
        "from_name": "南城",
        "label": "避国道绕行线",
        "national_reduction_m": 33185,
        "review_status": "manual_review",
        "risk_tags": [],
        "road_class": "unknown",
        "road_name": "",
        "route_role": "alternative",
        "segment_id": "main-14-to-main-15",
        "step_distance_m": 730,
        "step_index": 63,
        "to_name": "广昌"
      },
      "type": "Feature"
    },
    {
      "geometry": {
        "coordinates": [
          [
            116.34978256814274,
            26.887595241829548
          ],
          [
            116.34940127586599,
            26.88678003992496
          ],
          [
            116.34932242233327,
            26.886615204497794
          ],
          [
            116.34932242233327,
            26.886615204497794
          ],
          [
            116.34907188959242,
            26.886077730973795
          ],
          [
            116.34869460044965,
            26.885205538954654
          ],
          [
            116.34796302256316,
            26.883042210308066
          ],
          [
            116.34781132158571,
            26.882556565449143
          ],
          [
            116.34781132158571,
            26.882556565449143
          ],
          [
            116.34642009566561,
            26.87795886400109
          ],
          [
            116.34642009566561,
            26.87795886400109
          ],
          [
            116.34608278029366,
            26.87675768434927
          ],
          [
            116.34589618164702,
            26.87580319732675
          ],
          [
            116.34587921847776,
            26.875712244803793
          ],
          [
            116.34587921847776,
            26.875712244803793
          ],
          [
            116.34583132085858,
            26.875477374417027
          ],
          [
            116.34583132085858,
            26.875477374417027
          ],
          [
            116.34565371325655,
            26.874440888392385
          ],
          [
            116.34565371325655,
            26.874440888392385
          ],
          [
            116.3456328014173,
            26.87375906150343
          ],
          [
            116.3456328014173,
            26.87375906150343
          ],
          [
            116.34562781998874,
            26.873629096171715
          ],
          [
            116.34562781998874,
            26.873629096171715
          ],
          [
            116.34561986524943,
            26.873213193309756
          ],
          [
            116.34565388261515,
            26.87217534260402
          ],
          [
            116.34571081998514,
            26.87166334702201
          ],
          [
            116.34590955445088,
            26.870509235843326
          ],
          [
            116.34596149575673,
            26.870066234751697
          ],
          [
            116.34597949418367,
            26.869662283921194
          ],
          [
            116.34594460460691,
            26.869011472244146
          ],
          [
            116.34594460460691,
            26.869011472244146
          ],
          [
            116.34587076218732,
            26.868651669684755
          ],
          [
            116.34562027783615,
            26.86769328797312
          ],
          [
            116.34542066388322,
            26.86727271376015
          ],
          [
            116.34519110370383,
            26.866856190974175
          ],
          [
            116.34455829307124,
            26.86608043784887
          ],
          [
            116.34418201346,
            26.865487207915944
          ],
          [
            116.34392550943925,
            26.865035743183647
          ],
          [
            116.34392550943925,
            26.865035743183647
          ],
          [
            116.3437917602891,
            26.86491000136371
          ],
          [
            116.34374884425189,
            26.864824093108208
          ],
          [
            116.34362708129333,
            26.864598350049093
          ],
          [
            116.34362708129333,
            26.864598350049093
          ],
          [
            116.34361410835244,
            26.86455038207289
          ],
          [
            116.34361410835244,
            26.86455038207289
          ],
          [
            116.34344544356858,
            26.86415175496972
          ],
          [
            116.34326780824439,
            26.863583176787078
          ],
          [
            116.34288657852501,
            26.862551046718522
          ],
          [
            116.34199440140927,
            26.859984116830347
          ],
          [
            116.34177288028228,
            26.859020693683927
          ],
          [
            116.34170803613462,
            26.858530901842997
          ],
          [
            116.34173906155496,
            26.857428054646476
          ],
          [
            116.34185591717399,
            26.856487023442295
          ],
          [
            116.34189487911763,
            26.85603903804187
          ],
          [
            116.34189487911763,
            26.85603903804187
          ],
          [
            116.34189489008777,
            26.855892065509046
          ],
          [
            116.34189489008777,
            26.855892065509046
          ],
          [
            116.3419168659646,
            26.855675066987605
          ],
          [
            116.3419168659646,
            26.855675066987605
          ],
          [
            116.34193385488994,
            26.855406086998407
          ],
          [
            116.34193385488994,
            26.855406086998407
          ],
          [
            116.34196881734006,
            26.85505009122466
          ],
          [
            116.341911953483,
            26.854625271357243
          ],
          [
            116.341911953483,
            26.854625271357243
          ],
          [
            116.34179519843168,
            26.85421755477121
          ],
          [
            116.34179519843168,
            26.85421755477121
          ],
          [
            116.34172135174072,
            26.85398272978753
          ],
          [
            116.34172135174072,
            26.85398272978753
          ],
          [
            116.3416654652124,
            26.85383985580642
          ],
          [
            116.34158762399719,
            26.853632033011927
          ],
          [
            116.34158762399719,
            26.853632033011927
          ],
          [
            116.34140998499326,
            26.853180433415147
          ],
          [
            116.34127125669649,
            26.85296872030073
          ],
          [
            116.34127125669649,
            26.85296872030073
          ],
          [
            116.3412233513173,
            26.852885821229144
          ],
          [
            116.3412233513173,
            26.852885821229144
          ],
          [
            116.34110657834023,
            26.852734058087425
          ],
          [
            116.34110657834023,
            26.852734058087425
          ],
          [
            116.34093790507313,
            26.852535396738187
          ],
          [
            116.34093790507313,
            26.852535396738187
          ],
          [
            116.34077322488788,
            26.85233572877514
          ],
          [
            116.34077322488788,
            26.85233572877514
          ],
          [
            116.3403180986445,
            26.851945618496526
          ],
          [
            116.34018335766326,
            26.8518328819097
          ],
          [
            116.34018335766326,
            26.8518328819097
          ],
          [
            116.33998473980672,
            26.851668270335185
          ],
          [
            116.33998473980672,
            26.851668270335185
          ],
          [
            116.33964639207454,
            26.851386933338738
          ],
          [
            116.33964639207454,
            26.851386933338738
          ],
          [
            116.33959948261865,
            26.85134802535431
          ],
          [
            116.33925713631095,
            26.85117067819201
          ],
          [
            116.33925713631095,
            26.85117067819201
          ],
          [
            116.3391703051032,
            26.851088850752298
          ],
          [
            116.3391703051032,
            26.851088850752298
          ],
          [
            116.33902259078587,
            26.85097214039734
          ],
          [
            116.33902259078587,
            26.85097214039734
          ],
          [
            116.33865430389693,
            26.850685862823376
          ],
          [
            116.33865430389693,
            26.850685862823376
          ],
          [
            116.33839879900191,
            26.850495363472668
          ],
          [
            116.33839879900191,
            26.850495363472668
          ],
          [
            116.33806944849954,
            26.850114034675713
          ],
          [
            116.33806944849954,
            26.850114034675713
          ],
          [
            116.33803052548107,
            26.850067114413843
          ],
          [
            116.33803052548107,
            26.850067114413843
          ],
          [
            116.33786185609092,
            26.849906452369677
          ],
          [
            116.33786185609092,
            26.849906452369677
          ],
          [
            116.33773610294122,
            26.84978470489413
          ],
          [
            116.33773610294122,
            26.84978470489413
          ],
          [
            116.33759338425004,
            26.84963399397176
          ],
          [
            116.33759338425004,
            26.84963399397176
          ],
          [
            116.33748959153053,
            26.849490210548826
          ],
          [
            116.33748959153053,
            26.849490210548826
          ],
          [
            116.33737282956044,
            26.849265465748374
          ],
          [
            116.33734688754447,
            26.849147534800522
          ],
          [
            116.33734688754447,
            26.849147534800522
          ],
          [
            116.33732094643014,
            26.849017606022212
          ],
          [
            116.33732094643014,
            26.849017606022212
          ],
          [
            116.33730797393802,
            26.84897863692234
          ],
          [
            116.33730797393802,
            26.84897863692234
          ],
          [
            116.33726008163264,
            26.848752765857707
          ],
          [
            116.33716930178542,
            26.84811104878673
          ],
          [
            116.33716930178542,
            26.84811104878673
          ],
          [
            116.3371693134109,
            26.847955076914744
          ],
          [
            116.3371693134109,
            26.847955076914744
          ],
          [
            116.33718230980513,
            26.84767310385325
          ],
          [
            116.33718230980513,
            26.84767310385325
          ],
          [
            116.33722128096453,
            26.84706914086571
          ]
        ],
        "type": "LineString"
      },
      "properties": {
        "alternative_distance_m": 129520,
        "alternative_duration_s": 30345,
        "alternative_national_m": 5982,
        "alternative_unknown_m": 88189,
        "candidate_id": "fuhe-towns",
        "current_distance_m": 101586,
        "current_duration_s": 23728,
        "current_national_m": 39167,
        "distance_delta_m": 27934,
        "duration_delta_s": 6617,
        "from_name": "南城",
        "label": "避国道绕行线",
        "national_reduction_m": 33185,
        "review_status": "manual_review",
        "risk_tags": [],
        "road_class": "unknown",
        "road_name": "",
        "route_role": "alternative",
        "segment_id": "main-14-to-main-15",
        "step_distance_m": 4795,
        "step_index": 64,
        "to_name": "广昌"
      },
      "type": "Feature"
    },
    {
      "geometry": {
        "coordinates": [
          [
            116.33722128126261,
            26.847065141583705
          ],
          [
            116.33686095736665,
            26.847174785025317
          ],
          [
            116.33686095736665,
            26.847174785025317
          ],
          [
            116.33682702158318,
            26.84717884682397
          ],
          [
            116.33682702158318,
            26.84717884682397
          ],
          [
            116.3356921586954,
            26.84754587880093
          ],
          [
            116.3356921586954,
            26.84754587880093
          ],
          [
            116.33425388515322,
            26.848008472477886
          ],
          [
            116.33425388515322,
            26.848008472477886
          ],
          [
            116.33417104248876,
            26.848038621805994
          ],
          [
            116.33417104248876,
            26.848038621805994
          ],
          [
            116.33308810797102,
            26.848383587980276
          ]
        ],
        "type": "LineString"
      },
      "properties": {
        "alternative_distance_m": 129520,
        "alternative_duration_s": 30345,
        "alternative_national_m": 5982,
        "alternative_unknown_m": 88189,
        "candidate_id": "fuhe-towns",
        "current_distance_m": 101586,
        "current_duration_s": 23728,
        "current_national_m": 39167,
        "distance_delta_m": 27934,
        "duration_delta_s": 6617,
        "from_name": "南城",
        "label": "避国道绕行线",
        "national_reduction_m": 33185,
        "review_status": "manual_review",
        "risk_tags": [],
        "road_class": "unknown",
        "road_name": "莲乡大道",
        "route_role": "alternative",
        "segment_id": "main-14-to-main-15",
        "step_distance_m": 432,
        "step_index": 65,
        "to_name": "广昌"
      },
      "type": "Feature"
    },
    {
      "geometry": {
        "coordinates": [
          [
            116.33308411569658,
            26.848383595474584
          ],
          [
            116.33305817172264,
            26.848305658274217
          ],
          [
            116.33305817172264,
            26.848305658274217
          ],
          [
            116.33287556024115,
            26.84783708588256
          ],
          [
            116.33287556024115,
            26.84783708588256
          ],
          [
            116.33282367140772,
            26.847694209153868
          ],
          [
            116.33282367140772,
            26.847694209153868
          ],
          [
            116.3326460489184,
            26.847247623511656
          ]
        ],
        "type": "LineString"
      },
      "properties": {
        "alternative_distance_m": 129520,
        "alternative_duration_s": 30345,
        "alternative_national_m": 5982,
        "alternative_unknown_m": 88189,
        "candidate_id": "fuhe-towns",
        "current_distance_m": 101586,
        "current_duration_s": 23728,
        "current_national_m": 39167,
        "distance_delta_m": 27934,
        "duration_delta_s": 6617,
        "from_name": "南城",
        "label": "避国道绕行线",
        "national_reduction_m": 33185,
        "review_status": "manual_review",
        "risk_tags": [],
        "road_class": "unknown",
        "road_name": "府二路",
        "route_role": "alternative",
        "segment_id": "main-14-to-main-15",
        "step_distance_m": 132,
        "step_index": 66,
        "to_name": "广昌"
      },
      "type": "Feature"
    },
    {
      "geometry": {
        "coordinates": [
          [
            116.33264205702876,
            26.84724263191762
          ],
          [
            116.33255122885909,
            26.847299792510864
          ],
          [
            116.33255122885909,
            26.847299792510864
          ],
          [
            116.33240850015252,
            26.84737404778799
          ]
        ],
        "type": "LineString"
      },
      "properties": {
        "alternative_distance_m": 129520,
        "alternative_duration_s": 30345,
        "alternative_national_m": 5982,
        "alternative_unknown_m": 88189,
        "candidate_id": "fuhe-towns",
        "current_distance_m": 101586,
        "current_duration_s": 23728,
        "current_national_m": 39167,
        "distance_delta_m": 27934,
        "duration_delta_s": 6617,
        "from_name": "南城",
        "label": "避国道绕行线",
        "national_reduction_m": 33185,
        "review_status": "manual_review",
        "risk_tags": [],
        "road_class": "unknown",
        "road_name": "",
        "route_role": "alternative",
        "segment_id": "main-14-to-main-15",
        "step_distance_m": 26,
        "step_index": 67,
        "to_name": "广昌"
      },
      "type": "Feature"
    },
    {
      "geometry": {
        "coordinates": [
          [
            116.33240350983343,
            26.84737405718145
          ],
          [
            116.33244242599005,
            26.847485963780482
          ],
          [
            116.3324474120676,
            26.847542944136222
          ],
          [
            116.3324294427465,
            26.84759896787345
          ],
          [
            116.33233063087323,
            26.847647145244796
          ],
          [
            116.33192341347839,
            26.847756892940005
          ]
        ],
        "type": "LineString"
      },
      "properties": {
        "alternative_distance_m": 129520,
        "alternative_duration_s": 30345,
        "alternative_national_m": 5982,
        "alternative_unknown_m": 88189,
        "candidate_id": "fuhe-towns",
        "current_distance_m": 101586,
        "current_duration_s": 23728,
        "current_national_m": 39167,
        "distance_delta_m": 27934,
        "duration_delta_s": 6617,
        "from_name": "南城",
        "label": "避国道绕行线",
        "national_reduction_m": 33185,
        "review_status": "manual_review",
        "risk_tags": [],
        "road_class": "unknown",
        "road_name": "",
        "route_role": "alternative",
        "segment_id": "main-14-to-main-15",
        "step_distance_m": 79,
        "step_index": 68,
        "to_name": "广昌"
      },
      "type": "Feature"
    },
    {
      "geometry": {
        "coordinates": [
          [
            116.33191842317522,
            26.847756902350596
          ],
          [
            116.33176276107251,
            26.847283281303365
          ],
          [
            116.33169788973876,
            26.847249409833413
          ],
          [
            116.33167593243678,
            26.84724945127489
          ]
        ],
        "type": "LineString"
      },
      "properties": {
        "alternative_distance_m": 129520,
        "alternative_duration_s": 30345,
        "alternative_national_m": 5982,
        "alternative_unknown_m": 88189,
        "candidate_id": "fuhe-towns",
        "current_distance_m": 101586,
        "current_duration_s": 23728,
        "current_national_m": 39167,
        "distance_delta_m": 27934,
        "duration_delta_s": 6617,
        "from_name": "南城",
        "label": "避国道绕行线",
        "national_reduction_m": 33185,
        "review_status": "manual_review",
        "risk_tags": [],
        "road_class": "unknown",
        "road_name": "",
        "route_role": "alternative",
        "segment_id": "main-14-to-main-15",
        "step_distance_m": 65,
        "step_index": 69,
        "to_name": "广昌"
      },
      "type": "Feature"
    }
  ],
  "options": [
    {
      "alternative_distance_m": 97126,
      "alternative_duration_s": 22094,
      "alternative_national_m": 17307,
      "alternative_unknown_m": 44975,
      "candidate_id": "xinfeng-west-county-chain",
      "current_distance_m": 73348,
      "current_duration_s": 17685,
      "current_national_m": 43240,
      "distance_delta_m": 23778,
      "duration_delta_s": 4409,
      "from_name": "信丰",
      "label": "避国道绕行线",
      "national_reduction_m": 25933,
      "review_status": "manual_review",
      "segment_id": "main-19-to-main-20",
      "to_name": "龙南"
    },
    {
      "alternative_distance_m": 129520,
      "alternative_duration_s": 30345,
      "alternative_national_m": 5982,
      "alternative_unknown_m": 88189,
      "candidate_id": "fuhe-towns",
      "current_distance_m": 101586,
      "current_duration_s": 23728,
      "current_national_m": 39167,
      "distance_delta_m": 27934,
      "duration_delta_s": 6617,
      "from_name": "南城",
      "label": "避国道绕行线",
      "national_reduction_m": 33185,
      "review_status": "manual_review",
      "segment_id": "main-14-to-main-15",
      "to_name": "广昌"
    }
  ],
  "type": "FeatureCollection"
}
